Position	Reference	Sub	NCDC2240	NCDC1604	NCDC1441	NCDC2105	NCDC1744	NCDC1614	NCDC2245	Avg	Count	Editing Sub	GISAID Sub	GISAID_A	GISAID_T	GISAID_G	GISAID_C	Gene	Amino acids change	Annotation Type	Calculated variant consequences	Variation Codons
241	C	CT				58	57.0			57.5	2	CT	CT	0.0	154.0	0.0	168.0	5'UTR	QHD43415.1	upstream_gene_variant	MODIFIER,DISTANCE=25	
740	G	GA			5					5.0	1	GA		0.0	0.0	329.0	0.0	orf1ab	QHD43415.1:p.159E>K	missense_variant	MODERATE	c.475Gaa>Aaa
823	C	CT		5						5.0	1	CT		0.0	0.0	0.0	328.0	orf1ab	QHD43415.1:p.186V; QHD43415.1:p.186-	synonymous_variant; coding_sequence_variant	LOW; MODIFIER	c.558gtC>gtT; c.558gtC>gtY
884	C	CT		354	609					481.5	2	CT	CT	0.0	17.0	0.0	311.0	orf1ab	QHD43415.1:p.207R>S; QHD43415.1:p.207R>C; QHD43415.1:p.207R>G; QHD43415.1:p.207-	missense_variant; coding_sequence_variant	MODERATE; MODIFIER	c.619Cgt>Agt; c.619Cgt>Tgt; c.619Cgt>Ggt; c.619Cgt>Ygt
1397	G	GA		319	507					413.0	2	GA	GA	20.0	0.0	308.0	0.0	orf1ab	QHD43415.1:p.378V>I	missense_variant	MODERATE	c.1132Gta>Ata
1647	T	TA		7						7.0	1	TA		0.0	328.0	0.0	0.0					
1656	T	TA		12	6					9.0	2	TA		0.0	328.0	0.0	0.0					
1659	G	GT		12	8					10.0	2	GT		0.0	0.0	328.0	0.0					
1730	G	GA			5					5.0	1	GA		0.0	0.0	328.0	0.0	orf1ab	QHD43415.1:p.489E>K; QHD43415.1:p.489-	missense_variant; coding_sequence_variant	MODERATE; MODIFIER	c.1465Gaa>Aaa; c.1465Gaa>Raa
3037	C	CT				111	107.0			109.0	2	CT	CT	0.0	154.0	0.0	175.0	orf1ab	QHD43415.1:p.924F; QHD43415.1:p.924-	synonymous_variant; coding_sequence_variant	LOW; MODIFIER	c.2772ttC>ttT; c.2772ttC>ttY
3078	A	AC				7	10.0			8.5	2	AC		330.0	0.0	0.0	0.0	orf1ab	QHD43415.1:p.938E>G	missense_variant	MODERATE	c.2813gAa>gGa
3174	A	AT			9					9.0	1	AT		330.0	0.0	0.0	0.0	orf1ab	QHD43415.1:p.970Q>L	missense_variant	MODERATE	c.2909cAa>cTa
3175	A	AT			7					7.0	1	AT		330.0	0.0	0.0	0.0	orf1ab	QHD43415.1:p.970Q>H; QHD43415.1:p.970Q	missense_variant; synonymous_variant	MODERATE; LOW	c.2910caA>caT; c.2910caA>caG
3177	C	CA			7					7.0	1	CA		0.0	0.0	0.0	329.0	orf1ab	QHD43415.1:p.971P>H; QHD43415.1:p.971-; QHD43415.1:p.971P>L	missense_variant; coding_sequence_variant	MODERATE; MODIFIER	c.2912cCt>cAt; c.2912cCt>cMt; c.2912cCt>cTt; c.2912cCt>cYt
3178	T	TG			7					7.0	1	TG		0.0	330.0	0.0	0.0	orf1ab	QHD43415.1:p.971P	synonymous_variant	LOW	c.2913ccT>ccG
3180	A	AT			9					9.0	1	AT		330.0	0.0	0.0	0.0	orf1ab	QHD43415.1:p.972-; QHD43415.1:p.972E>V	coding_sequence_variant; missense_variant	MODIFIER; MODERATE	c.2915gAa>gWa; c.2915gAa>gTa
3181	A	AT			7					7.0	1	AT		330.0	0.0	0.0	0.0	orf1ab	QHD43415.1:p.972-; QHD43415.1:p.972E>D	coding_sequence_variant; missense_variant	MODIFIER; MODERATE	c.2916gaA>gaW; c.2916gaA>gaT
3467	G	GT			11					11.0	1	GT	GT	0.0	1.0	328.0	0.0	orf1ab	QHD43415.1:p.1068G>*	stop_gained	HIGH	c.3202Gga>Tga
3500	A	AC		9						9.0	1	AC		330.0	0.0	0.0	0.0					
4095	C	CT			5					5.0	1	CT		0.0	0.0	0.0	330.0	orf1ab	QHD43415.1:p.1277T>I	missense_variant	MODERATE	c.3830aCt>aTt
4475	C	CT			5					5.0	1	CT		0.0	0.0	0.0	328.0	orf1ab	QHD43415.1:p.1404R>C	missense_variant	MODERATE	c.4210Cgt>Tgt
4582	C	CT	46							46.0	1	CT		0.0	0.0	0.0	328.0	orf1ab	QHD43415.1:p.1439N; QHD43415.1:p.1439-	synonymous_variant; coding_sequence_variant	LOW; MODIFIER	c.4317aaC>aaT; c.4317aaC>aaY
5585	C	CT		10						10.0	1	CT		0.0	0.0	0.0	330.0	orf1ab	QHD43415.1:p.1774L>I; QHD43415.1:p.1774-	missense_variant; coding_sequence_variant	MODERATE; MODIFIER	c.5320Ctt>Att; c.5320Ctt>Stt
5730	C	CT						25		25.0	1	CT	CT	0.0	1.0	0.0	328.0	orf1ab	QHD43415.1:p.1822T>I; QHD43415.1:p.1822-	missense_variant; coding_sequence_variant	MODERATE; MODIFIER	c.5465aCt>aTt; c.5465aCt>aYt
5765	G	GA			20					20.0	1	GA		0.0	0.0	329.0	0.0					
5766	G	GC			20					20.0	1	GC		0.0	0.0	329.0	0.0					
6081	A	AG	43							43.0	1	AG	AG	316.0	0.0	9.0	0.0	orf1ab	QHD43415.1:p.1939-; QHD43415.1:p.1939D>G	coding_sequence_variant; missense_variant	MODIFIER; MODERATE	c.5816gAt>gRt; c.5816gAt>gGt
6310	C	CA							31	31.0	1	CA	CA	23.0	0.0	0.0	291.0	orf1ab	QHD43415.1:p.2015S>R; QHD43415.1:p.2015-; QHD43415.1:p.2015S; QHD43415.1:p.2015S>SX	missense_variant; coding_sequence_variant; synonymous_variant; frameshift_variant	MODERATE; MODIFIER; LOW; HIGH	c.6045agC>agA; c.6045agC>agM; c.6045agC>agT; c.6045agC>agCA
6312	C	CA	44						33	38.5	2	CA	CA	128.0	0.0	0.0	193.0	orf1ab	QHD43415.1:p.2016T>K; QHD43415.1:p.2016-; QHD43415.1:p.2016T>I; QHD43415.1:p.2016T>R	missense_variant; coding_sequence_variant	MODERATE; MODIFIER	c.6047aCa>aAa; c.6047aCa>aMa; c.6047aCa>aTa; c.6047aCa>aGa
6696	C	CT			8					8.0	1	CT		0.0	0.0	0.0	330.0	orf1ab	QHD43415.1:p.2144P>L; QHD43415.1:p.2144P>PX; QHD43415.1:p.2144-	missense_variant; frameshift_variant; coding_sequence_variant	MODERATE; HIGH; MODIFIER	c.6431cCt>cTt; c.6431cCt>cCTt; c.6431cCt>cYt
7723	G	GT			5					5.0	1	GT		0.0	0.0	330.0	0.0					
8653	G	GT		438	794			20		417.33	3	GT	GT	0.0	17.0	313.0	0.0	orf1ab	QHD43415.1:p.2796M>I; QHD43415.1:p.2796-	missense_variant; coding_sequence_variant	MODERATE; MODIFIER	c.8388atG>atT; c.8388atG>atK
8853	G	GT			11					11.0	1	GT		0.0	0.0	329.0	0.0					
9001	T	TA			9					9.0	1	TA		0.0	330.0	0.0	0.0	orf1ab	QHD43415.1:p.2912A	synonymous_variant	LOW	c.8736gcT>gcC
9502	C	CT		12	25					18.5	2	CT		0.0	0.0	0.0	330.0	orf1ab	QHD43415.1:p.3079A; QHD43415.1:p.3079-	synonymous_variant; coding_sequence_variant	LOW; MODIFIER	c.9237gcC>gcT; c.9237gcC>gcY
10605	C	CT			5					5.0	1	CT		0.0	0.0	0.0	328.0	orf1ab	QHD43415.1:p.3447P>L	missense_variant	MODERATE	c.10340cCt>cTt
10619	C	CA		18	11					14.5	2	CA		0.0	0.0	0.0	329.0	orf1ab	QHD43415.1:p.3452Q>K; QHD43415.1:p.3452-	missense_variant; coding_sequence_variant	MODERATE; MODIFIER	c.10354Caa>Aaa; c.10354Caa>Maa
11083	G	GT	47	314	645			25	28	211.8	5	GT	GA, GT	1.0	141.0	166.0	0.0	orf1ab	QHD43415.1:p.3606L; QHD43415.1:p.3606L>F; QHD43415.1:p.3606-	synonymous_variant; missense_variant; coding_sequence_variant	LOW; MODERATE; MODIFIER	c.10818ttG>ttA; c.10818ttG>ttT; c.10818ttG>ttC; c.10818ttG>ttK
11683	G	GA			11					11.0	1	GA		0.0	0.0	330.0	0.0					
11952	A	AT			10					10.0	1	AT		330.0	0.0	0.0	0.0					
12868	A	AG			6					6.0	1	AG		330.0	0.0	0.0	0.0					
13225	C	CT			7					7.0	1	CT		0.0	0.0	0.0	329.0	orf1ab	QHD43415.1:p.4320S	synonymous_variant	LOW	c.12960tcC>tcT; c.12960tcC>tcG
13541	C	CT		6						6.0	1	CT		0.0	0.0	0.0	330.0	orf1ab	QHD43415.1:p.4426A>AX	frameshift_variant	HIGH	c.13277-13278gct>gcTt
13730	C	CT	43						39	41.0	2	CT	CT	0.0	143.0	0.0	184.0	orf1ab	QHD43415.1:p.4489A>V; QHD43415.1:p.4489-	missense_variant; coding_sequence_variant	MODERATE; MODIFIER	c.13466gCt>gTt; c.13466gCt>gYt
13901	A	AT			6					6.0	1	AT		330.0	0.0	0.0	0.0	orf1ab	QHD43415.1:p.4546D>G	missense_variant	MODERATE	c.13637gAt>gGt
14408	C	CT				110	121.0			115.5	2	CT	CT	0.0	152.0	0.0	175.0	orf1ab	QHD43415.1:p.4715P>H; QHD43415.1:p.4715P>L; QHD43415.1:p.4715-	missense_variant; coding_sequence_variant	MODERATE; MODIFIER	c.14144cCt>cAt; c.14144cCt>cTt; c.14144cCt>cYt
14625	C	CT			6					6.0	1	CT		0.0	0.0	0.0	330.0					
15559	C	CT		5	7					6.0	2	CT		0.0	0.0	0.0	330.0					
15682	T	TA			8					8.0	1	TA		0.0	330.0	0.0	0.0					
15685	T	TA			6					6.0	1	TA		0.0	330.0	0.0	0.0					
16514	A	AG			9					9.0	1	AG		328.0	0.0	0.0	0.0					
16551	C	CT		5						5.0	1	CT		0.0	0.0	0.0	328.0	orf1ab	QHD43415.1:p.5429-; QHD43415.1:p.5429D>DX	coding_sequence_variant; frameshift_variant	MODIFIER; HIGH	c.16287gaC>gaM; c.16287gaC>gaCT; c.16287gaC>gaY
16993	T	TC		870	1948			64		960.67	3	TC	TC	0.0	319.0	0.0	5.0	orf1ab	QHD43415.1:p.5577Y>H; QHD43415.1:p.5577-	missense_variant; coding_sequence_variant	MODERATE; MODIFIER	c.16729Tac>Cac; c.16729Tac>Yac
17144	G	GA			13					13.0	1	GA		0.0	0.0	330.0	0.0	orf1ab	QHD43415.1:p.5627R>H	missense_variant	MODERATE	c.16880cGc>cAc
17396	T	TC			8					8.0	1	TC		0.0	330.0	0.0	0.0					
17556	T	TA			16					16.0	1	TA		0.0	330.0	0.0	0.0	orf1ab	QHD43415.1:p.5764T	synonymous_variant	LOW	c.17292acT>acC
17561	G	GT			14					14.0	1	GT		0.0	0.0	330.0	0.0	orf1ab	QHD43415.1:p.5766R>Q; QHD43415.1:p.5766R>L	missense_variant	MODERATE	c.17297cGg>cAg; c.17297cGg>cTg
18148	G	GT	18							18.0	1	GT		0.0	0.0	328.0	0.0	orf1ab	QHD43415.1:p.5962-	coding_sequence_variant	MODIFIER	c.17884Ggt>Kgt
18395	C	CT				83				83.0	1	CT	CT	0.0	2.0	0.0	325.0	orf1ab	QHD43415.1:p.6044A>V	missense_variant	MODERATE	c.18131gCt>gTt
18402	T	TA			19					19.0	1	TA		0.0	327.0	0.0	0.0	orf1ab	QHD43415.1:p.6046P	synonymous_variant	LOW	c.18138ccT>ccA; c.18138ccT>ccC
18877	C	CT					91			91.0	1	CT	CT	0.0	66.0	0.0	262.0	orf1ab	QHD43415.1:p.6205L; QHD43415.1:p.6205-	synonymous_variant; coding_sequence_variant	LOW; MODIFIER	c.18613Cta>Tta; c.18613Cta>Yta
19025	T	TA			10					10.0	1	TA	TA	1.0	328.0	0.0	0.0	orf1ab	QHD43415.1:p.6254L>H	missense_variant	MODERATE	c.18761cTt>cAt
19524	C	CT							69	69.0	1	CT	CT	0.0	32.0	0.0	277.0	orf1ab	QHD43415.1:p.6420L; QHD43415.1:p.6420-	synonymous_variant; coding_sequence_variant	LOW; MODIFIER	c.19260ctC>ctT; c.19260ctC>ctY
19983	C	CT			5					5.0	1	CT		0.0	0.0	0.0	330.0	orf1ab	QHD43415.1:p.6573V; QHD43415.1:p.6573-	synonymous_variant; coding_sequence_variant	LOW; MODIFIER	c.19719gtC>gtT; c.19719gtC>gtY
21101	G	GT		6						6.0	1	GT		0.0	0.0	330.0	0.0	orf1ab	QHD43415.1:p.6946-	coding_sequence_variant	MODIFIER	c.20837gGt>gKt
22444	C	CT					58			58.0	1	CT	CT	0.0	37.0	0.0	292.0	S	QHD43416.1:p.294D; QHD43416.1:p.294-	synonymous_variant; coding_sequence_variant	LOW; MODIFIER	c.882gaC>gaT; c.882gaC>gaY
23034	C	CT			6					6.0	1	CT		0.0	0.0	0.0	330.0	S	QHD43416.1:p.491P>R; QHD43416.1:p.491-	missense_variant; coding_sequence_variant	MODERATE; MODIFIER	c.1472cCt>cGt; c.1472cCt>cYt
23403	A	AG				70	144			107.0	2	AG	AG	174.0	0.0	152.0	0.0	S	QHD43416.1:p.614-; QHD43416.1:p.614D>G	coding_sequence_variant; missense_variant	MODIFIER; MODERATE	c.1841gAt>gRt; c.1841gAt>gGt
23554	A	AG			10					10.0	1	AG		329.0	0.0	0.0	0.0	S	QHD43416.1:p.664I>M	missense_variant	MODERATE	c.1992atA>atG
23616	G	GA		7	22					14.5	2	GA		0.0	0.0	330.0	0.0					
23724	G	GT			5					5.0	1	GT		0.0	0.0	330.0	0.0					
23728	T	TC		5	9					7.0	2	TC		0.0	330.0	0.0	0.0	S	QHD43416.1:p.722V	synonymous_variant	LOW	c.2166gtT>gtC
23737	A	AC			5					5.0	1	AC		330.0	0.0	0.0	0.0					
23739	T	TA			5					5.0	1	TA		0.0	329.0	0.0	0.0					
23895	C	CT			6					6.0	1	CT		0.0	0.0	0.0	324.0	S	QHD43416.1:p.778T>N; QHD43416.1:p.778T>I; QHD43416.1:p.778-	missense_variant; coding_sequence_variant	MODERATE; MODIFIER	c.2333aCc>aAc; c.2333aCc>aTc; c.2333aCc>aYc
23929	C	CT	39							39.0	1	CT	CT	0.0	127.0	0.0	191.0	S	QHD43416.1:p.789Y; QHD43416.1:p.789-	synonymous_variant; coding_sequence_variant	LOW; MODIFIER	c.2367taC>taT; c.2367taC>taY
25461	T	TC		325	713			27		355.0	3	TC	TC	0.0	325.0	0.0	5.0	ORF3a	QHD43417.1:p.23A	synonymous_variant	LOW	c.69gcT>gcC
25563	G	GT					86			86.0	1	GT	GT	0.0	71.0	258.0	0.0	ORF3a	QHD43417.1:p.57Q>H; QHD43417.1:p.57-	missense_variant; coding_sequence_variant	MODERATE; MODIFIER	c.171caG>caT; c.171caG>caC; c.171caG>caR; c.171caG>caK
25777	C	CT			5					5.0	1	CT		0.0	0.0	0.0	328.0	ORF3a	QHD43417.1:p.129L>F	missense_variant	MODERATE	c.385Ctt>Ttt
26141	A	AT			7					7.0	1	AT		330.0	0.0	0.0	0.0	ORF3a	QHD43417.1:p.250D>V	missense_variant	MODERATE	c.749gAc>gTc
26230	G	GT			193					193.0	1	GT		0.0	0.0	330.0	0.0	Intergenic	QHD43417.1	downstream_gene_variant	MODIFIER,DISTANCE=10	
26383	G	GT			6					6.0	1	GT		0.0	0.0	322.0	0.0	E	QHD43418.1:p.47V>F	missense_variant	MODERATE	c.139Gtt>Ttt
26542	C	CA			6					6.0	1	CA		0.0	0.0	0.0	330.0	M	QHD43419.1:p.7T>N; QHD43419.1:p.7T>I	missense_variant	MODERATE	c.20aCt>aAt; c.20aCt>aTt
26545	T	TG			7					7.0	1	TG		0.0	330.0	0.0	0.0	M	QHD43419.1:p.8I>T; QHD43419.1:p.8I>S	missense_variant	MODERATE	c.23aTt>aCt; c.23aTt>aGt
26735	C	CT					111			111.0	1	CT	CT	0.0	64.0	0.0	266.0	M	QHD43419.1:p.71Y; QHD43419.1:p.71-	synonymous_variant; coding_sequence_variant	LOW; MODIFIER	c.213taC>taT; c.213taC>taY
27191	A	AG		373	725					549.0	2	AG	AG	327.0	0.0	2.0	0.0	M	QHD43419.1:p.223-; QHD43419.1:p.223*	coding_sequence_variant; stop_retained_variant	MODIFIER; LOW	c.669taA>taR; c.669taA>taG
27847	C	CT	60							60.0	1	CT		0.0	0.0	0.0	328.0	Intergenic	QHD43422.1:p.?-112-	coding_sequence_variant,5_prime_UTR_variant	MODIFIER	c.?-336-
28688	T	TC		410	489			28		309.0	3	TC	TC	0.0	310.0	0.0	15.0	N	QHD43423.2:p.139L; QHD43423.2:p.139L>V; QHD43423.2:p.139-	synonymous_variant; missense_variant; coding_sequence_variant	LOW; MODERATE; MODIFIER	c.415Ttg>Ctg; c.415Ttg>Gtg; c.415Ttg>Ytg
28854	C	CT					96			96.0	1	CT	CT	0.0	35.0	0.0	289.0	N	QHD43423.2:p.194S>L; QHD43423.2:p.194-	missense_variant; coding_sequence_variant	MODERATE; MODIFIER	c.581tCa>tTa; c.581tCa>tYa
28899	G	GT			19					19.0	1	GT		0.0	0.0	326.0	0.0	N	QHD43423.2:p.209R>K; QHD43423.2:p.209R>I; QHD43423.2:p.209R>T; QHD43423.2:p.209-	missense_variant; coding_sequence_variant	MODERATE; MODIFIER	c.626aGa>aAa; c.626aGa>aTa; c.626aGa>aCa; c.626aGa>aRa; c.626aGa>aKa
29003	C	CA			6					6.0	1	CA		0.0	0.0	0.0	330.0	N	QHD43423.2:p.244Q>K	missense_variant	MODERATE	c.730Caa>Aaa
29039	A	AT		5	6					5.5	2	AT		330.0	0.0	0.0	0.0	N	QHD43423.2:p.256K>*	stop_gained	HIGH	c.766Aag>Tag
29249	C	CT			5					5.0	1	CT		0.0	0.0	0.0	330.0	N	QHD43423.2:p.326P>S	missense_variant	MODERATE	c.976Cct>Tct
29742	G	GT		54	184					119.0	2	GT	GA, GT	4.0	20.0	297.0	0.0	3'UTR	QHI42199.1	downstream_gene_variant	MODIFIER,DISTANCE=68	
