Position	Reference	Sub	NCDC2240	NCDC1614	NCDC1604	NCDC2245	NCDC1441	NCDC2105	NCDC1744	Avg	Count	Count (>= 0.8)	Editing Sub	Gene	Amino acids change	Annotation Type	Calculated variant consequences	Variation Codons
11083	G	GT	1.0	1.0	1.0	1.0	1.0			1.0	5	5	GT	ORF1ab	orf1ab:p.3606L; orf1ab:p.3606-; orf1ab:p.3606L>F	missense_variant; coding_sequence_variant; synonymous_variant	MODERATE; MODIFIER; LOW	c.10818ttG>ttK; c.10818ttG>ttA; c.10818ttG>ttC; c.10818ttG>ttT; c.10818ttG>ttW; c.10818ttG>ttS
28688	T	TC		1.0	0.998		1.0			0.999	3	3	TC	N	N:p.139-; N:p.139L; N:p.139L>V	synonymous_variant; coding_sequence_variant; missense_variant	LOW; MODIFIER; MODERATE	c.415Ttg>Ytg; c.415Ttg>Ctg; c.415Ttg>Ktg; c.415Ttg>Gtg
25461	T	TC		1.0	1.0		1.0			1.0	3	3	TC	ORF3a	ORF3a:p.23A; ORF3a:p.23-	downstream_gene_variant; synonymous_variant; coding_sequence_variant	MODIFIER,DISTANCE=S:77; LOW; MODIFIER	c.69gcT>gcA; c.69gcT>gcC; c.69gcT>gcY
16993	T	TC		1.0	1.0		1.0			1.0	3	3	TC	ORF1ab	orf1ab:p.5577Y>N; orf1ab:p.5577Y>H; orf1ab:p.5577-	coding_sequence_variant; missense_variant	MODIFIER; MODERATE	c.16729Tac>Yac; c.16729Tac>Aac; c.16729Tac>Cac
8653	G	GT		1.0	1.0		0.999			1.0	3	3	GT	ORF1ab	orf1ab:p.2796-; orf1ab:p.2796M>I	missense_variant; coding_sequence_variant	MODERATE; MODIFIER	c.8388atG>atK; c.8388atG>atC; c.8388atG>atA; c.8388atG>atR; c.8388atG>atS; c.8388atG>atT
241	C	CT						1.0	1.0	1.0	2	2	CT	5'UTR		upstream_gene_variant	MODIFIER,DISTANCE=orf1ab:25; MODIFIER,DISTANCE=orf1ab:24	
6312	C	CA	1.0			1.0				1.0	2	2	CA	ORF1ab	orf1ab:p.2016T>R; orf1ab:p.2016T>K; orf1ab:p.2016T>X; orf1ab:p.2016T>I; orf1ab:p.2016-	missense_variant; coding_sequence_variant; frameshift_variant	MODERATE; MODIFIER; HIGH	c.6047aCa>aAa; c.6047aCa>aMa; c.6048acA>ac; c.6047aCa>aTa; c.6047aCa>aYa; c.6047aCa>aGa
29039	A	AT			0.015		0.012			0.014	2	0	AT	N	N:p.256K>*; N:p.256K>E; N:p.256-	stop_gained; missense_variant; coding_sequence_variant	HIGH; MODERATE; MODIFIER	c.766Aag>Gag; c.766Aag>Wag; c.766Aag>Tag
27191	A	AG			1.0		0.999			1.0	2	2	AG	Intergenic	M:p.223-; M:p.223*	stop_retained_variant; coding_sequence_variant; upstream_gene_variant	LOW; MODIFIER; MODIFIER,DISTANCE=ORF6:11	c.669taA>taR; c.669taA>taG
23728	T	TC			0.011		0.01			0.01	2	0	TC	S	S:p.722-; S:p.722V	synonymous_variant; coding_sequence_variant	LOW; MODIFIER	c.2166gtT>gtW; c.2166gtT>gtA; c.2166gtT>gtY; c.2166gtT>gtC
23616	G	GA			0.014		0.019			0.016	2	0	GA	S	S:p.685-; S:p.685R>H	coding_sequence_variant; missense_variant	MODIFIER; MODERATE	c.2054cGt>cRt; c.2054cGt>cAt; c.2054cGt>cKt
23403	A	AG						1.0	1.0	1.0	2	2	AG	S	S:p.614-; S:p.614D>G; S:p.614D>A	missense_variant; coding_sequence_variant	MODERATE; MODIFIER	c.1841gAt>gGt; c.1841gAt>gRt; c.1841gAt>gCt; c.1841gAt>gMt
14408	C	CT						1.0	1.0	1.0	2	2	CT	ORF1ab	orf1ab:p.4715P>L; orf1ab:p.4715P>H; orf1ab:p.4715-; orf1ab:p.4715P>R	missense_variant; coding_sequence_variant	MODERATE; MODIFIER	c.14144cCt>cTt; c.14144cCt>cGt; c.14144cCt>cYt; c.14144cCt>cAt; c.14144cCt>cKt
13730	C	CT	1.0			1.0				1.0	2	2	CT	ORF1ab	orf1ab:p.4489-4490AK>X; orf1ab:p.4489-; orf1ab:p.4489A>V	missense_variant; coding_sequence_variant; frameshift_variant	MODERATE; MODIFIER; HIGH	c.13466gCt>gTt; c.13466gCt>gYt; c.13466gCt>gSt; c.13467-13470gcTAAA>gc
10619	C	CA			0.043		0.011			0.027	2	0	CA	ORF1ab	orf1ab:p.3452Q>*; orf1ab:p.3452Q>QX; orf1ab:p.3452Q>K; orf1ab:p.3452-	coding_sequence_variant; missense_variant; frameshift_variant; stop_gained,frameshift_variant	MODIFIER; MODERATE; HIGH	c.10354Caa>Aaa; c.10354Caa>TAaa; c.10354Caa>Maa; c.10354Caa>CAaa
9502	C	CT			0.023		0.019			0.021	2	0	CT	ORF1ab	orf1ab:p.3079A; orf1ab:p.3080-3088FNTLLFLMS>-; orf1ab:p.3079-; orf1ab:p.3079A>AX	synonymous_variant; coding_sequence_variant; frameshift_variant; inframe_deletion	LOW; MODIFIER; HIGH; MODERATE	c.9237gcC>gcY; c.9237gcC>gcCT; c.9237gcC>gcT; c.9238-9264TTTAATACTTTACTATTCCTTATGTCA>-; c.9237gcC>gcM; c.9237gcC>gcA
29742	G	GT			1.0		1.0			1.0	2	2	GT	3'UTR		downstream_gene_variant	MODIFIER,DISTANCE=ORF10:68; MODIFIER,DISTANCE=ORF10:69	
884	C	CT			1.0		1.0			1.0	2	2	CT	ORF1ab	orf1ab:p.207R>G; orf1ab:p.207R>S; orf1ab:p.207R>C; orf1ab:p.207-	missense_variant; coding_sequence_variant	MODERATE; MODIFIER	c.619Cgt>Tgt; c.619Cgt>Agt; c.619Cgt>Ygt; c.619Cgt>Ggt
3078	A	AC						0.055	0.076	0.066	2	0	AC	ORF1ab	orf1ab:p.938E>G; orf1ab:p.938E>V; orf1ab:p.938E>A; orf1ab:p.938-	missense_variant; coding_sequence_variant	MODERATE; MODIFIER	c.2813gAa>gCa; c.2813gAa>gGa; c.2813gAa>gTa; c.2813gAa>gMa; c.2813gAa>gRa
3037	C	CT						1.0	1.0	1.0	2	2	CT	ORF1ab	orf1ab:p.924F; orf1ab:p.924-; orf1ab:p.924F>L	synonymous_variant; coding_sequence_variant; missense_variant	LOW; MODIFIER; MODERATE	c.2772ttC>ttT; c.2772ttC>ttG; c.2772ttC>ttA; c.2772ttC>ttY; c.2772ttC>ttK
1659	G	GT			0.03		0.012			0.021	2	0	GT	ORF1ab	orf1ab:p.465G>A; orf1ab:p.465G>D; orf1ab:p.465-; orf1ab:p.465G>V	missense_variant; coding_sequence_variant	MODERATE; MODIFIER	c.1394gGt>gTt; c.1394gGt>gAt; c.1394gGt>gSt; c.1394gGt>gCt; c.1394gGt>gKt
1397	G	GA			1.0		1.0			1.0	2	2	GA	ORF1ab	orf1ab:p.378V>I; orf1ab:p.378-; orf1ab:p.378V>L	missense_variant; coding_sequence_variant	MODERATE; MODIFIER	c.1132Gta>Sta; c.1132Gta>Ata; c.1132Gta>Kta; c.1132Gta>Tta; c.1132Gta>Rta; c.1132Gta>Cta
6310	C	CA				1.0				1.0	1	1	CA	ORF1ab	orf1ab:p.2015S; orf1ab:p.2015S>SX; orf1ab:p.2015-; orf1ab:p.2015S>R	synonymous_variant; missense_variant; coding_sequence_variant; frameshift_variant	LOW; MODERATE; MODIFIER; HIGH	c.6045agC>agT; c.6045agC>agY; c.6045agC>agA; c.6045agC>agG; c.6045agC>agCA; c.6045agC>agM
26230	G	GT					0.177			0.177	1	0	GT	Intergenic		downstream_gene_variant; upstream_gene_variant	MODIFIER,DISTANCE=ORF3a:10; MODIFIER,DISTANCE=E:15; MODIFIER,DISTANCE=ORF3a:11; MODIFIER,DISTANCE=E:14	
22444	C	CT							1.0	1.0	1	1	CT	S	S:p.294D>E; S:p.294D; S:p.294-	synonymous_variant; coding_sequence_variant; missense_variant	LOW; MODIFIER; MODERATE	c.882gaC>gaH; c.882gaC>gaM; c.882gaC>gaA; c.882gaC>gaG; c.882gaC>gaY; c.882gaC>gaT
23929	C	CT	1.0							1.0	1	1	CT	S	S:p.789Y; S:p.790K>X; S:p.789-	synonymous_variant; coding_sequence_variant; frameshift_variant	LOW; MODIFIER; HIGH	c.2367taC>taT; c.2368Aaa>aa; c.2367taC>taY
1656	T	TA			0.029					0.029	1	0	TA	ORF1ab	orf1ab:p.464V>G; orf1ab:p.464V>A	missense_variant	MODERATE	c.1391gTt>gGt; c.1391gTt>gCt
25563	G	GT							1.0	1.0	1	1	GT	ORF3a	ORF3a:p.57Q>H; ORF3a:p.57Q; ORF3a:p.57-	missense_variant; coding_sequence_variant; synonymous_variant	MODERATE; MODIFIER; LOW	c.171caG>caY; c.171caG>caR; c.171caG>caS; c.171caG>caT; c.171caG>caK; c.171caG>caA; c.171caG>caB; c.171caG>caC
26735	C	CT							1.0	1.0	1	1	CT	M	M:p.71-; M:p.71Y	synonymous_variant; coding_sequence_variant	LOW; MODIFIER	c.213taC>taT; c.213taC>taY
26545	T	TG					0.011			0.011	1	0	TG	M	M:p.8-; M:p.8I>S; M:p.8I>T; M:p.8I>N	downstream_gene_variant; missense_variant; coding_sequence_variant	MODIFIER,DISTANCE=E:73; MODERATE; MODIFIER	c.23aTt>aCt; c.23aTt>aAt; c.23aTt>aKt; c.23aTt>aGt
19524	C	CT				1.0				1.0	1	1	CT	ORF1ab	orf1ab:p.6420-; orf1ab:p.6420L	synonymous_variant; coding_sequence_variant	LOW; MODIFIER	c.19260ctC>ctT; c.19260ctC>ctG; c.19260ctC>ctA; c.19260ctC>ctY
1647	T	TA			0.017					0.017	1	0	TA	ORF1ab	orf1ab:p.461-; orf1ab:p.461-462IN>I; orf1ab:p.461I>T	missense_variant; coding_sequence_variant; inframe_deletion	MODERATE; MODIFIER	c.1382aTc>aCc; c.1383-1385atCAAt>att; c.1382aTc>aWc
27847	C	CT	0.723							0.723	1	0	CT	Intergenic	ORF8:p.?-118-; ORF8:p.?-120-; ORF8:p.?-112-; ORF8:p.?-111-; ORF8:p.?-116-	downstream_gene_variant; upstream_gene_variant; coding_sequence_variant,5_prime_UTR_variant	MODIFIER,DISTANCE=ORF7a:88; MODIFIER,DISTANCE=ORF8:47; MODIFIER,DISTANCE=ORF7a:89; MODIFIER,DISTANCE=ORF8:44; MODIFIER; MODIFIER,DISTANCE=N:28; MODIFIER,DISTANCE=N:33; MODIFIER,DISTANCE=N:45; MODIFIER,DISTANCE=N:50; MODIFIER,DISTANCE=N:23	c.?-358-; c.?-348-; c.?-331-; c.?-336-; c.?-353-
28854	C	CT							1.0	1.0	1	1	CT	N	N:p.194-; N:p.194-210SRNSTPGSSRGTSPARM>S; N:p.194-196SRN>S; N:p.194-195SR>S; N:p.194S>L	missense_variant; coding_sequence_variant; inframe_deletion	MODERATE; MODIFIER	c.581tCa>tYa; c.581tCa>tTa; c.582-587tcAAGAAAt>tct; c.582-629tcAAGAAATTCAACTCCAGGCAGCAGTAGGGGAACTTCTCCTGCTAGAATg>tcg; c.582-584tcAAGa>tca
28899	G	GT					0.038			0.038	1	0	GT	N	N:p.209R>T; N:p.209R>I; N:p.209-; N:p.209R>K; N:p.209R>SX	missense_variant; coding_sequence_variant; frameshift_variant	MODERATE; MODIFIER; HIGH	c.626aGa>aTa; c.626aGa>aKa; c.626aGa>aRa; c.626aGa>aSa; c.626aGa>aGCa; c.626aGa>aCa; c.626aGa>aAa
29003	C	CA					0.012			0.012	1	0	CA	N	N:p.244Q>QX; N:p.244Q>LX; N:p.244Q>RX; N:p.244-; N:p.244Q>K	coding_sequence_variant; missense_variant; frameshift_variant	MODIFIER; MODERATE; HIGH	c.730Caa>CGaa; c.730Caa>CTaa; c.730Caa>Maa; c.730Caa>CAaa; c.730Caa>Aaa
29249	C	CT					0.013			0.013	1	0	CT	N	N:p.326P>S; N:p.326-; N:p.326-331PSGTWL>X; N:p.326P>T	coding_sequence_variant; missense_variant; frameshift_variant	MODIFIER; MODERATE; HIGH	c.976Cct>Act; c.976Cct>Yct; c.977-993cCTTCGGGAACGTGGTTG>c; c.976Cct>Tct
21101	G	GT			0.015					0.015	1	0	GT	ORF1ab	orf1ab:p.6946G>V; orf1ab:p.6946G>D; orf1ab:p.6946-; orf1ab:p.6946G>GX	missense_variant; coding_sequence_variant; frameshift_variant	MODERATE; MODIFIER; HIGH	c.20837gGt>gKt; c.20837gGt>gGTt; c.20837gGt>gTt; c.20837gGt>gAt
19025	T	TA					0.01			0.01	1	0	TA	ORF1ab	orf1ab:p.6254-; orf1ab:p.6254L>H	coding_sequence_variant; missense_variant	MODIFIER; MODERATE	c.18761cTt>cYt; c.18761cTt>cAt; c.18761cTt>cWt
6081	A	AG	0.827							0.827	1	1	AG	ORF1ab	orf1ab:p.1939D>A; orf1ab:p.1939D>G; orf1ab:p.1939D>V; orf1ab:p.1939-	coding_sequence_variant; missense_variant	MODIFIER; MODERATE	c.5816gAt>gCt; c.5816gAt>gMt; c.5816gAt>gRt; c.5816gAt>gGt; c.5816gAt>gTt
13541	C	CT			0.018					0.018	1	0	CT	ORF1ab	orf1ab:p.4426A>AX; orf1ab:p.4426-4427AF>AX; orf1ab:p.4426-; orf1ab:p.4426A>V; orf1ab:p.4426A>G	frameshift_variant; missense_variant; coding_sequence_variant	HIGH; MODERATE; MODIFIER	c.13277gCt>gTt; c.13277gCt>gGt; c.13277gCt>gCTt; c.13277gCt>gYt; c.13278-13279gcTTtt>gctt
6696	C	CT					0.012			0.012	1	0	CT	ORF1ab	orf1ab:p.2144P>L; orf1ab:p.2144P>PX; orf1ab:p.2144P>PF; orf1ab:p.2144P>H; orf1ab:p.2144-	missense_variant; coding_sequence_variant; frameshift_variant; inframe_insertion	MODERATE; MODIFIER; HIGH	c.6431cCt>cYt; c.6431cCt>cTt; c.6431cCt>cAt; c.6431cCt>cCTTTt; c.6431cCt>cCTt; c.6431cCt>cMt
5766	G	GC					0.018			0.018	1	0	GC	ORF1ab	orf1ab:p.1834-; orf1ab:p.1834G>A	coding_sequence_variant; missense_variant	MODIFIER; MODERATE	c.5501gGt>gKt; c.5501gGt>gSt; c.5501gGt>gCt
8853	G	GT					0.012			0.012	1	0	GT	ORF1ab	orf1ab:p.2863G>GX; orf1ab:p.2863G>X; orf1ab:p.2863-; orf1ab:p.2863G>D; orf1ab:p.2863G>V	coding_sequence_variant; missense_variant; frameshift_variant	MODIFIER; MODERATE; HIGH	c.8588gGt>gAt; c.8588gGt>gTt; c.8588gGt>gRt; c.8588gGt>gGTt; c.8588gGt>gKt; c.8589ggT>gg
5765	G	GA					0.017			0.017	1	0	GA	ORF1ab	orf1ab:p.1834-; orf1ab:p.1834G>S	coding_sequence_variant; missense_variant	MODIFIER; MODERATE	c.5500Ggt>Rgt; c.5500Ggt>Agt
5730	C	CT		0.962						0.962	1	1	CT	ORF1ab	orf1ab:p.1822T>N; orf1ab:p.1822-; orf1ab:p.1822T>S; orf1ab:p.1822T>I	missense_variant; coding_sequence_variant	MODERATE; MODIFIER	c.5465aCt>aGt; c.5465aCt>aTt; c.5465aCt>aYt; c.5465aCt>aAt
5585	C	CT			0.015					0.015	1	0	CT	ORF1ab	orf1ab:p.1774-; orf1ab:p.1774L>F; orf1ab:p.1774L>X; orf1ab:p.1774L>I; orf1ab:p.1774L>LX	missense_variant; coding_sequence_variant; frameshift_variant	MODERATE; MODIFIER; HIGH	c.5320Ctt>Att; c.5320Ctt>Stt; c.5320Ctt>CTtt; c.5321cTt>ct; c.5320Ctt>Ttt
11683	G	GA					0.012			0.012	1	0	GA	ORF1ab	orf1ab:p.3806L; orf1ab:p.3806-	synonymous_variant; coding_sequence_variant	LOW; MODIFIER	c.11418ctG>ctA; c.11418ctG>ctK; c.11418ctG>ctR; c.11418ctG>ctT
11952	A	AT					0.015			0.015	1	0	AT	ORF1ab	orf1ab:p.3896N>S	missense_variant	MODERATE	c.11687aAt>aGt
4582	C	CT	0.73							0.73	1	0	CT	ORF1ab	orf1ab:p.1439N; orf1ab:p.1439-; orf1ab:p.1439N>K	synonymous_variant; coding_sequence_variant; missense_variant	LOW; MODIFIER; MODERATE	c.4317aaC>aaT; c.4317aaC>aaA; c.4317aaC>aaY
18877	C	CT							1.0	1.0	1	1	CT	ORF1ab	orf1ab:p.6205L; orf1ab:p.6205-; orf1ab:p.6205L>I	synonymous_variant; coding_sequence_variant; missense_variant	LOW; MODIFIER; MODERATE	c.18613Cta>Yta; c.18613Cta>Ata; c.18613Cta>Tta
3500	A	AC			0.02					0.02	1	0	AC	ORF1ab	orf1ab:p.1079-; orf1ab:p.1079T>P; orf1ab:p.1079T>A	missense_variant; coding_sequence_variant	MODERATE; MODIFIER	c.3235Act>Gct; c.3235Act>Mct; c.3235Act>Rct; c.3235Act>Cct
823	C	CT			0.012					0.012	1	0	CT	ORF1ab	orf1ab:p.187D>X; orf1ab:p.186V; orf1ab:p.186-	synonymous_variant; coding_sequence_variant; frameshift_variant	LOW; MODIFIER; HIGH	c.558gtC>gtA; c.559Gat>at; c.558gtC>gtY; c.558gtC>gtT
3467	G	GT					0.011			0.011	1	0	GT	ORF1ab	orf1ab:p.1068-; orf1ab:p.1068G>R; orf1ab:p.1068G>*	missense_variant; stop_gained; coding_sequence_variant	MODERATE; HIGH; MODIFIER	c.3202Gga>Tga; c.3202Gga>Rga; c.3202Gga>Sga; c.3202Gga>Aga
17556	T	TA					0.014			0.014	1	0	TA	ORF1ab	orf1ab:p.5765C>X; orf1ab:p.5764-; orf1ab:p.5764T	synonymous_variant; coding_sequence_variant; frameshift_variant	LOW; MODIFIER; HIGH	c.17292acT>acA; c.17292acT>acC; c.17292acT>acG; c.17293-17294TGt>t; c.17292acT>acW; c.17292acT>acY
17561	G	GT					0.013			0.013	1	0	GT	ORF1ab	orf1ab:p.5766R>Q; orf1ab:p.5766R>L; orf1ab:p.5766-	missense_variant; coding_sequence_variant	MODERATE; MODIFIER	c.17297cGg>cRg; c.17297cGg>cTg; c.17297cGg>cAg; c.17297cGg>cKg
18148	G	GT	0.286							0.286	1	0	GT	ORF1ab	orf1ab:p.5962G>C; orf1ab:p.5962-; orf1ab:p.5962G>VX; orf1ab:p.5962G>S	missense_variant; coding_sequence_variant; frameshift_variant	MODERATE; MODIFIER; HIGH	c.17884Ggt>Rgt; c.17884Ggt>Kgt; c.17884Ggt>Tgt; c.17884Ggt>GTgt; c.17884Ggt>Agt
18395	C	CT						1.0		1.0	1	1	CT	ORF1ab	orf1ab:p.6044-; orf1ab:p.6044A>V	missense_variant; coding_sequence_variant	MODERATE; MODIFIER	c.18131gCt>gTt; c.18131gCt>gYt
18402	T	TA					0.02			0.02	1	0	TA	ORF1ab	orf1ab:p.6046-; orf1ab:p.6046P	synonymous_variant; coding_sequence_variant	LOW; MODIFIER	c.18138ccT>ccW; c.18138ccT>ccH; c.18138ccT>ccC; c.18138ccT>ccA; c.18138ccT>ccG; c.18138ccT>ccD
15559	C	CT			0.012					0.012	1	0	CT	ORF1ab	orf1ab:p.5099L>X; orf1ab:p.5099L>I; orf1ab:p.5099-; orf1ab:p.5099L>F; orf1ab:p.5099L>LX	missense_variant; coding_sequence_variant; frameshift_variant	MODERATE; MODIFIER; HIGH	c.15296cTt>ct; c.15295Ctt>Ttt; c.15295Ctt>Mtt; c.15295Ctt>Ytt; c.15295Ctt>CTtt; c.15295Ctt>Att
