Position	Reference	Sub	S7	S6	S4	S5	S1	S2	S3	S8	Avg	Count	Editing Sub	Gene	Amino acids change	Annotation Type	Calculated variant consequences	Variation Codons
11083	G	GT	56	67.0	24.0	5	42.0	73	36.0	59.0	45.25	8	GT	orf1ab	QHD43415.1:p.3606-; QHD43415.1:p.3606L; QHD43415.1:p.3606L>F	coding_sequence_variant; synonymous_variant; missense_variant	MODIFIER; LOW; MODERATE	c.10818ttG>ttS; c.10818ttG>ttA; c.10818ttG>ttT; c.10818ttG>ttC; c.10818ttG>ttK
14408	C	CT	6	10	8.0	381	13.0	11	9.0	6.0	55.5	8	CT	orf1ab	QHD43415.1:p.4715P>H; QHD43415.1:p.4715P>L; QHD43415.1:p.4715-	missense_variant; coding_sequence_variant	MODERATE; MODIFIER	c.14144cCt>cAt; c.14144cCt>cTt; c.14144cCt>cYt
24622	T	TC	65	42	16.0	7	43	65	44.0	69.0	43.88	8	TC	S	QHD43416.1:p.1020-	coding_sequence_variant	MODIFIER	c.3060gcT>gcY
1707	C	CT	72	56.0	37.0	5	46.0	82.0	23.0	69.0	48.75	8	CT	orf1ab	QHD43415.1:p.481S>Y; QHD43415.1:p.481S>F; QHD43415.1:p.481-	missense_variant; coding_sequence_variant	MODERATE; MODIFIER	c.1442tCt>tAt; c.1442tCt>tTt; c.1442tCt>tYt
13730	C	CT	149	105	95.0	14	107.0	201	79.0	164.0	114.25	8	CT	orf1ab	QHD43415.1:p.4489A>V; QHD43415.1:p.4489-	missense_variant; coding_sequence_variant	MODERATE; MODIFIER	c.13466gCt>gTt; c.13466gCt>gYt
23929	C	CT	173	105	80.0	7	110	152	56.0	179.0	107.75	8	CT	S	QHD43416.1:p.789Y; QHD43416.1:p.789-	synonymous_variant; coding_sequence_variant	LOW; MODIFIER	c.2367taC>taT; c.2367taC>taY
6310	C	CA	303	251.0	165.0	34	195.0	328	164.0	334.0	221.75	8	CA	orf1ab	QHD43415.1:p.2015S>R; QHD43415.1:p.2015-; QHD43415.1:p.2015S; QHD43415.1:p.2015S>SX	missense_variant; coding_sequence_variant; synonymous_variant; frameshift_variant	MODERATE; MODIFIER; LOW; HIGH	c.6045agC>agA; c.6045agC>agM; c.6045agC>agT; c.6045agC>agG; c.6045agC>agCA; c.6045agC>agY
6312	C	CA	390	309.0	211.0	40	251.0	429	198.0	420.0	281.0	8	CA	orf1ab	QHD43415.1:p.2016T>K; QHD43415.1:p.2016-; QHD43415.1:p.2016T>I; QHD43415.1:p.2016T>R	missense_variant; coding_sequence_variant	MODERATE; MODIFIER	c.6047aCa>aAa; c.6047aCa>aMa; c.6047aCa>aTa; c.6047aCa>aGa; c.6047aCa>aYa
3873	T	TC	14	17.0	8.0		16.0	22	10.0	10.0	13.86	7	TC	orf1ab	QHD43415.1:p.1203I>N; QHD43415.1:p.1203I>T; QHD43415.1:p.1203I>S; QHD43415.1:p.1203-	missense_variant; coding_sequence_variant	MODERATE; MODIFIER	c.3608aTc>aAc; c.3608aTc>aCc; c.3608aTc>aGc; c.3608aTc>aYc
12685	G	GT	33	39.0	17.0		26.0	25	24.0	40.0	29.14	7	GT	orf1ab	QHD43415.1:p.4140Q>H; QHD43415.1:p.4140-	missense_variant; coding_sequence_variant	MODERATE; MODIFIER	c.12420caG>caT; c.12420caG>caC; c.12420caG>caK
1059	C	CT	37	16.0	11.0		18.0	37.0		8.0	21.17	6	CT	orf1ab	QHD43415.1:p.265T>I; QHD43415.1:p.265-	missense_variant; coding_sequence_variant	MODERATE; MODIFIER	c.794aCc>aTc; c.794aCc>aYc
6309	G	GA	11	10.0	13.0		9.0	23		11.0	12.83	6	GA	orf1ab	QHD43415.1:p.2015S>N; QHD43415.1:p.2015S>I; QHD43415.1:p.2015S>T; QHD43415.1:p.2015-	missense_variant; coding_sequence_variant	MODERATE; MODIFIER	c.6044aGc>aAc; c.6044aGc>aTc; c.6044aGc>aCc; c.6044aGc>aKc; c.6044aGc>aRc
21792	A	AT	5	13	7.0		9	11		11.0	9.33	6	AT	S	QHD43416.1:p.77K>M	missense_variant	MODERATE	c.230aAg>aTg
15435	A	AG	6	6			8.0		7.0		6.75	4	AG	orf1ab	QHD43415.1:p.5057-	coding_sequence_variant	MODIFIER	c.15171gaA>gaR
16377	G	GT	8						6.0	8.0	7.33	3	GT	orf1ab	QHD43415.1:p.5371P; QHD43415.1:p.5371-	synonymous_variant; coding_sequence_variant	LOW; MODIFIER	c.16113ccG>ccA; c.16113ccG>ccT; c.16113ccG>ccC; c.16113ccG>ccK
241	C	CT				158	8.0				83.0	2	CT	5'UTR	QHD43415.1	upstream_gene_variant	MODIFIER,DISTANCE=24	
6379	T	TC						6		6.0	6.0	2	TC					
23403	A	AG				364	13				188.5	2	AG	S	QHD43416.1:p.614D>A; QHD43416.1:p.614-; QHD43416.1:p.614D>G	missense_variant; coding_sequence_variant	MODERATE; MODIFIER	c.1841gAt>gCt; c.1841gAt>gRt; c.1841gAt>gGt
3037	C	CT				304	16.0				160.0	2	CT	orf1ab	QHD43415.1:p.924F; QHD43415.1:p.924-	synonymous_variant; coding_sequence_variant	LOW; MODIFIER	c.2772ttC>ttT; c.2772ttC>ttK; c.2772ttC>ttY
1730	G	GA						6		8.0	7.0	2	GA	orf1ab	QHD43415.1:p.489E>K; QHD43415.1:p.489-	missense_variant; coding_sequence_variant	MODERATE; MODIFIER	c.1465Gaa>Aaa; c.1465Gaa>Raa
22444	C	CT					12				12.0	1	CT	S	QHD43416.1:p.294D; QHD43416.1:p.294-	synonymous_variant; coding_sequence_variant	LOW; MODIFIER	c.882gaC>gaT; c.882gaC>gaY
17658	G	GT				11					11.0	1	GT	orf1ab	QHD43415.1:p.5798M>I; QHD43415.1:p.5798-	missense_variant; coding_sequence_variant	MODERATE; MODIFIER	c.17394atG>atT; c.17394atG>atK; c.17394atG>atR
25088	G	GT				434					434.0	1	GT	S	QHD43416.1:p.1176V>F; QHD43416.1:p.1176-	missense_variant; coding_sequence_variant	MODERATE; MODIFIER	c.3526Gtt>Ttt; c.3526Gtt>Ktt
25563	G	GT					11				11.0	1	GT	ORF3a	QHD43417.1:p.57Q; QHD43417.1:p.57Q>H; QHD43417.1:p.57-	synonymous_variant; missense_variant; coding_sequence_variant	LOW; MODERATE; MODIFIER	c.171caG>caA; c.171caG>caT; c.171caG>caC; c.171caG>caR; c.171caG>caK
20429	C	CT						8			8.0	1	CT	orf1ab	QHD43415.1:p.6722P>H; QHD43415.1:p.6722P>L; QHD43415.1:p.6722-	missense_variant; coding_sequence_variant	MODERATE; MODIFIER	c.20165cCt>cAt; c.20165cCt>cTt; c.20165cCt>cYt
19938	C	CT				341					341.0	1	CT	orf1ab	QHD43415.1:p.6558D	synonymous_variant	LOW	c.19674gaC>gaT
26735	C	CT					18				18.0	1	CT	M	QHD43419.1:p.71Y; QHD43419.1:p.71-	synonymous_variant; coding_sequence_variant	LOW; MODIFIER	c.213taC>taT; c.213taC>taY
18877	C	CT					8				8.0	1	CT	orf1ab	QHD43415.1:p.6205L; QHD43415.1:p.6205-	synonymous_variant; coding_sequence_variant	LOW; MODIFIER	c.18613Cta>Tta; c.18613Cta>Yta
13225	C	CT		8							8.0	1	CT	orf1ab	QHD43415.1:p.4320S; QHD43415.1:p.4320-	synonymous_variant; coding_sequence_variant	LOW; MODIFIER	c.12960tcC>tcT; c.12960tcC>tcG; c.12960tcC>tcY
17349	T	TG				437					437.0	1	TG					
16355	A	AG		6							6.0	1	AG	orf1ab	QHD43415.1:p.5364-; QHD43415.1:p.5364K>R	coding_sequence_variant; missense_variant	MODIFIER; MODERATE	c.16091aAa>aMa; c.16091aAa>aGa
16302	A	AG				7					7.0	1	AG	orf1ab	QHD43415.1:p.5346R	synonymous_variant	LOW	c.16038agA>agG
12053	C	CT				315					315.0	1	CT	orf1ab	QHD43415.1:p.3930L>I; QHD43415.1:p.3930L>F; QHD43415.1:p.3930-	missense_variant; coding_sequence_variant	MODERATE; MODIFIER	c.11788Ctt>Att; c.11788Ctt>Ttt; c.11788Ctt>Ytt
10619	C	CA	7								7.0	1	CA	orf1ab	QHD43415.1:p.3452Q>K; QHD43415.1:p.3452-	missense_variant; coding_sequence_variant	MODERATE; MODIFIER	c.10354Caa>Aaa; c.10354Caa>Maa
9502	C	CT				6					6.0	1	CT	orf1ab	QHD43415.1:p.3079A; QHD43415.1:p.3079-	synonymous_variant; coding_sequence_variant	LOW; MODIFIER	c.9237gcC>gcA; c.9237gcC>gcM; c.9237gcC>gcT; c.9237gcC>gcY
5671	A	AG						6			6.0	1	AG					
1659	G	GT				7					7.0	1	GT	orf1ab	QHD43415.1:p.465G>D; QHD43415.1:p.465G>V; QHD43415.1:p.465-	missense_variant; coding_sequence_variant	MODERATE; MODIFIER	c.1394gGt>gAt; c.1394gGt>gTt; c.1394gGt>gKt
1656	T	TA				6					6.0	1	TA					
1647	T	TA				6					6.0	1	TA	orf1ab	QHD43415.1:p.461I>T	missense_variant	MODERATE	c.1382aTc>aCc
1644	A	AC				6					6.0	1	AC	orf1ab	QHD43415.1:p.460N>X	frameshift_variant	HIGH	c.1380aaC>aa
28854	C	CT					17				17.0	1	CT	N	QHD43423.2:p.194S>L; QHD43423.2:p.194-	missense_variant; coding_sequence_variant	MODERATE; MODIFIER	c.581tCa>tTa; c.581tCa>tYa
