Position	Reference	Sub	S7	S6	S4	S5	S1	S2	S3	S8	Avg	Count	Count (>= 0.8)	Editing Sub	Gene	Amino acids change	Annotation Type	Calculated variant consequences	Variation Codons
11083	G	GT	0.966	1.0	1.0	0.016	0.7	0.986	1.0	1.0	0.834	8	6	GT	ORF1ab	orf1ab:p.3606L; orf1ab:p.3606-; orf1ab:p.3606L>F	missense_variant; coding_sequence_variant; synonymous_variant	MODERATE; MODIFIER; LOW	c.10818ttG>ttK; c.10818ttG>ttA; c.10818ttG>ttC; c.10818ttG>ttT; c.10818ttG>ttW; c.10818ttG>ttS
14408	C	CT	0.019	0.031	0.044	0.911	0.049	0.028	0.046	0.017	0.143	8	1	CT	ORF1ab	orf1ab:p.4715P>L; orf1ab:p.4715P>H; orf1ab:p.4715-; orf1ab:p.4715P>R	missense_variant; coding_sequence_variant	MODERATE; MODIFIER	c.14144cCt>cTt; c.14144cCt>cGt; c.14144cCt>cYt; c.14144cCt>cAt; c.14144cCt>cKt
24622	T	TC	0.607	0.512	0.39	0.024	0.478	0.528	0.667	0.59	0.475	8	0	TC	S	S:p.1020-; S:p.1020A	synonymous_variant; coding_sequence_variant	LOW; MODIFIER	c.3060gcT>gcA; c.3060gcT>gcC; c.3060gcT>gcG; c.3060gcT>gcY
1707	C	CT	0.371	0.327	0.43	0.014	0.307	0.368	0.228	0.319	0.296	8	0	CT	ORF1ab	orf1ab:p.481-; orf1ab:p.481S>Y; orf1ab:p.481S>F	missense_variant; coding_sequence_variant	MODERATE; MODIFIER	c.1442tCt>tYt; c.1442tCt>tTt; c.1442tCt>tMt; c.1442tCt>tAt
13730	C	CT	0.937	0.963	1.0	0.052	0.907	0.99	0.975	0.976	0.85	8	7	CT	ORF1ab	orf1ab:p.4489-4490AK>X; orf1ab:p.4489-; orf1ab:p.4489A>V	missense_variant; coding_sequence_variant; frameshift_variant	MODERATE; MODIFIER; HIGH	c.13466gCt>gTt; c.13466gCt>gYt; c.13466gCt>gSt; c.13467-13470gcTAAA>gc
23929	C	CT	1.0	0.981	1.0	0.026	0.859	0.987	1.0	0.989	0.855	8	7	CT	S	S:p.789Y; S:p.790K>X; S:p.789-	synonymous_variant; coding_sequence_variant; frameshift_variant	LOW; MODIFIER; HIGH	c.2367taC>taT; c.2368Aaa>aa; c.2367taC>taY
6310	C	CA	0.785	0.826	0.793	0.109	0.75	0.763	0.828	0.803	0.707	8	3	CA	ORF1ab	orf1ab:p.2015S; orf1ab:p.2015S>SX; orf1ab:p.2015-; orf1ab:p.2015S>R	synonymous_variant; missense_variant; coding_sequence_variant; frameshift_variant	LOW; MODERATE; MODIFIER; HIGH	c.6045agC>agT; c.6045agC>agY; c.6045agC>agA; c.6045agC>agG; c.6045agC>agCA; c.6045agC>agM
6312	C	CA	0.995	0.99	1.0	0.127	0.965	0.986	1.0	0.995	0.882	8	7	CA	ORF1ab	orf1ab:p.2016T>R; orf1ab:p.2016T>K; orf1ab:p.2016T>X; orf1ab:p.2016T>I; orf1ab:p.2016-	missense_variant; coding_sequence_variant; frameshift_variant	MODERATE; MODIFIER; HIGH	c.6047aCa>aAa; c.6047aCa>aMa; c.6048acA>ac; c.6047aCa>aTa; c.6047aCa>aYa; c.6047aCa>aGa
3873	T	TC	0.121	0.212	0.19		0.163	0.171	0.156	0.127	0.163	7	0	TC	ORF1ab	orf1ab:p.1203I>T; orf1ab:p.1203I>N; orf1ab:p.1203-; orf1ab:p.1203I>S	missense_variant; coding_sequence_variant	MODERATE; MODIFIER	c.3608aTc>aGc; c.3608aTc>aCc; c.3608aTc>aAc; c.3608aTc>aYc
12685	G	GT	0.402	0.481	0.415		0.325	0.266	0.48	0.435	0.401	7	0	GT	ORF1ab	orf1ab:p.4140-; orf1ab:p.4140Q>H; orf1ab:p.4140Q	missense_variant; coding_sequence_variant; synonymous_variant	MODERATE; MODIFIER; LOW	c.12420caG>caA; c.12420caG>caC; c.12420caG>caK; c.12420caG>caR; c.12420caG>caT
1059	C	CT	0.228	0.144	0.2		0.142	0.211		0.062	0.164	6	0	CT	ORF1ab	orf1ab:p.265-; orf1ab:p.265T>N; orf1ab:p.265T>I; orf1ab:p.265-270TFNGEC>T; orf1ab:p.265T>S	missense_variant; coding_sequence_variant; inframe_deletion	MODERATE; MODIFIER	c.795-809acCTTCAATGGGGAATGt>act; c.794aCc>aGc; c.794aCc>aYc; c.794aCc>aTc; c.794aCc>aAc
6309	G	GA	0.028	0.033	0.063		0.034	0.054		0.027	0.04	6	0	GA	ORF1ab	orf1ab:p.2015S>T; orf1ab:p.2015S>N; orf1ab:p.2015S>I; orf1ab:p.2015-	missense_variant; coding_sequence_variant	MODERATE; MODIFIER	c.6044aGc>aAc; c.6044aGc>aRc; c.6044aGc>aKc; c.6044aGc>aCc; c.6044aGc>aTc
21792	A	AT	0.048	0.178	0.206		0.107	0.118		0.126	0.13	6	0	AT	S	S:p.77K>M; S:p.77K>T; S:p.77-; S:p.77K>R	missense_variant; coding_sequence_variant	MODERATE; MODIFIER	c.230aAg>aGg; c.230aAg>aMg; c.230aAg>aTg; c.230aAg>aCg
15435	A	AG	0.095	0.113			0.178		0.194		0.145	4	0	AG	ORF1ab	orf1ab:p.5057E; orf1ab:p.5057-; orf1ab:p.5057E>D	missense_variant; synonymous_variant; coding_sequence_variant	MODERATE; LOW; MODIFIER	c.15171gaA>gaM; c.15171gaA>gaT; c.15171gaA>gaG; c.15171gaA>gaC; c.15171gaA>gaR
16377	G	GT	0.075						0.113	0.082	0.09	3	0	GT	ORF1ab	orf1ab:p.5371-; orf1ab:p.5371P	synonymous_variant; coding_sequence_variant	LOW; MODIFIER	c.16113ccG>ccT; c.16113ccG>ccK; c.16113ccG>ccA; c.16113ccG>ccR; c.16113ccG>ccC
241	C	CT				0.963	0.138				0.55	2	1	CT	5'UTR		upstream_gene_variant	MODIFIER,DISTANCE=orf1ab:25; MODIFIER,DISTANCE=orf1ab:24	
6379	T	TC						0.015		0.015	0.015	2	0	TC	ORF1ab	orf1ab:p.2038N>K; orf1ab:p.2038N	synonymous_variant; missense_variant	LOW; MODERATE	c.6114aaT>aaA; c.6114aaT>aaC
23403	A	AG				0.96	0.113				0.536	2	1	AG	S	S:p.614-; S:p.614D>G; S:p.614D>A	missense_variant; coding_sequence_variant	MODERATE; MODIFIER	c.1841gAt>gGt; c.1841gAt>gRt; c.1841gAt>gCt; c.1841gAt>gMt
3037	C	CT				0.981	0.213				0.597	2	1	CT	ORF1ab	orf1ab:p.924F; orf1ab:p.924-; orf1ab:p.924F>L	synonymous_variant; coding_sequence_variant; missense_variant	LOW; MODIFIER; MODERATE	c.2772ttC>ttT; c.2772ttC>ttG; c.2772ttC>ttA; c.2772ttC>ttY; c.2772ttC>ttK
1730	G	GA						0.024		0.033	0.028	2	0	GA	ORF1ab	orf1ab:p.489-; orf1ab:p.489E>K	missense_variant; coding_sequence_variant	MODERATE; MODIFIER	c.1465Gaa>Raa; c.1465Gaa>Aaa; c.1465Gaa>Saa
22444	C	CT					0.387				0.387	1	0	CT	S	S:p.294D>E; S:p.294D; S:p.294-	synonymous_variant; coding_sequence_variant; missense_variant	LOW; MODIFIER; MODERATE	c.882gaC>gaH; c.882gaC>gaM; c.882gaC>gaA; c.882gaC>gaG; c.882gaC>gaY; c.882gaC>gaT
17658	G	GT				0.026					0.026	1	0	GT	ORF1ab	orf1ab:p.5798M>MX; orf1ab:p.5798M>I; orf1ab:p.5798-	missense_variant; coding_sequence_variant; frameshift_variant	MODERATE; MODIFIER; HIGH	c.17394atG>atC; c.17394atG>atA; c.17394atG>atK; c.17394atG>atT; c.17394atG>atR; c.17394atG>atGT
25088	G	GT				0.96					0.96	1	1	GT	S	S:p.1176-; S:p.1176V>DX; S:p.1176V>I; S:p.1176V>F; S:p.1176V>L	missense_variant; coding_sequence_variant; frameshift_variant	MODERATE; MODIFIER; HIGH	c.3526Gtt>Ktt; c.3526Gtt>Att; c.3526Gtt>GAtt; c.3526Gtt>Ttt; c.3526Gtt>Ctt
25563	G	GT					0.076				0.076	1	0	GT	ORF3a	ORF3a:p.57Q>H; ORF3a:p.57Q; ORF3a:p.57-	missense_variant; coding_sequence_variant; synonymous_variant	MODERATE; MODIFIER; LOW	c.171caG>caY; c.171caG>caR; c.171caG>caS; c.171caG>caT; c.171caG>caK; c.171caG>caA; c.171caG>caB; c.171caG>caC
20429	C	CT						0.286			0.286	1	0	CT	ORF1ab	orf1ab:p.6722P>L; orf1ab:p.6722P>H; orf1ab:p.6722-; orf1ab:p.6722P>R; orf1ab:p.6722-6725PMDS>P	missense_variant; coding_sequence_variant; inframe_deletion	MODERATE; MODIFIER	c.20165cCt>cTt; c.20166-20174ccTATGGACAGt>cct; c.20165cCt>cAt; c.20165cCt>cMt; c.20165cCt>cGt; c.20165cCt>cYt
19938	C	CT				1.0					1.0	1	1	CT	ORF1ab	orf1ab:p.6558-; orf1ab:p.6558D; orf1ab:p.6558D>E	synonymous_variant; coding_sequence_variant; missense_variant	LOW; MODIFIER; MODERATE	c.19674gaC>gaY; c.19674gaC>gaT; c.19674gaC>gaG
26735	C	CT					0.136				0.136	1	0	CT	M	M:p.71-; M:p.71Y	synonymous_variant; coding_sequence_variant	LOW; MODIFIER	c.213taC>taT; c.213taC>taY
18877	C	CT					0.046				0.046	1	0	CT	ORF1ab	orf1ab:p.6205L; orf1ab:p.6205-; orf1ab:p.6205L>I	synonymous_variant; coding_sequence_variant; missense_variant	LOW; MODIFIER; MODERATE	c.18613Cta>Yta; c.18613Cta>Ata; c.18613Cta>Tta
13225	C	CT		0.024							0.024	1	0	CT	ORF1ab	orf1ab:p.4320-; orf1ab:p.4321F>X; orf1ab:p.4320S>SX; orf1ab:p.4320S	synonymous_variant; coding_sequence_variant; frameshift_variant	LOW; MODIFIER; HIGH	c.12961Ttt>tt; c.12960tcC>tcM; c.12960tcC>tcA; c.12960tcC>tcG; c.12960tcC>tcY; c.12960tcC>tcCT; c.12960tcC>tcT
17349	T	TG				0.918					0.918	1	1	TG	ORF1ab	orf1ab:p.5695V; orf1ab:p.5695-	synonymous_variant; coding_sequence_variant	LOW; MODIFIER	c.17085gtT>gtG; c.17085gtT>gtY; c.17085gtT>gtC; c.17085gtT>gtA
16355	A	AG		0.056							0.056	1	0	AG	ORF1ab	orf1ab:p.5364K>R; orf1ab:p.5364-; orf1ab:p.5364K>I; orf1ab:p.5364K>T	missense_variant; coding_sequence_variant	MODERATE; MODIFIER	c.16091aAa>aGa; c.16091aAa>aTa; c.16091aAa>aCa; c.16091aAa>aMa; c.16091aAa>aRa
16302	A	AG				0.014					0.014	1	0	AG	ORF1ab	orf1ab:p.5346-; orf1ab:p.5346R	synonymous_variant; coding_sequence_variant	LOW; MODIFIER	c.16038agA>agR; c.16038agA>agG
12053	C	CT				0.929					0.929	1	1	CT	ORF1ab	orf1ab:p.3930-; orf1ab:p.3930L>F; orf1ab:p.3930L>I	missense_variant; coding_sequence_variant	MODERATE; MODIFIER	c.11788Ctt>Ytt; c.11788Ctt>Att; c.11788Ctt>Ttt
10619	C	CA	0.053								0.053	1	0	CA	ORF1ab	orf1ab:p.3452Q>*; orf1ab:p.3452Q>QX; orf1ab:p.3452Q>K; orf1ab:p.3452-	coding_sequence_variant; missense_variant; frameshift_variant; stop_gained,frameshift_variant	MODIFIER; MODERATE; HIGH	c.10354Caa>Aaa; c.10354Caa>TAaa; c.10354Caa>Maa; c.10354Caa>CAaa
9502	C	CT				0.015					0.015	1	0	CT	ORF1ab	orf1ab:p.3079A; orf1ab:p.3080-3088FNTLLFLMS>-; orf1ab:p.3079-; orf1ab:p.3079A>AX	synonymous_variant; coding_sequence_variant; frameshift_variant; inframe_deletion	LOW; MODIFIER; HIGH; MODERATE	c.9237gcC>gcY; c.9237gcC>gcCT; c.9237gcC>gcT; c.9238-9264TTTAATACTTTACTATTCCTTATGTCA>-; c.9237gcC>gcM; c.9237gcC>gcA
5671	A	AG						0.047			0.047	1	0	AG	ORF1ab	orf1ab:p.1802-; orf1ab:p.1802S	synonymous_variant; coding_sequence_variant	LOW; MODIFIER	c.5406tcA>tcR; c.5406tcA>tcC; c.5406tcA>tcG; c.5406tcA>tcT
1659	G	GT				0.023					0.023	1	0	GT	ORF1ab	orf1ab:p.465G>A; orf1ab:p.465G>D; orf1ab:p.465-; orf1ab:p.465G>V	missense_variant; coding_sequence_variant	MODERATE; MODIFIER	c.1394gGt>gTt; c.1394gGt>gAt; c.1394gGt>gSt; c.1394gGt>gCt; c.1394gGt>gKt
1656	T	TA				0.019					0.019	1	0	TA	ORF1ab	orf1ab:p.464V>G; orf1ab:p.464V>A	missense_variant	MODERATE	c.1391gTt>gGt; c.1391gTt>gCt
1647	T	TA				0.02					0.02	1	0	TA	ORF1ab	orf1ab:p.461-; orf1ab:p.461-462IN>I; orf1ab:p.461I>T	missense_variant; coding_sequence_variant; inframe_deletion	MODERATE; MODIFIER	c.1382aTc>aCc; c.1383-1385atCAAt>att; c.1382aTc>aWc
1644	A	AC				0.02					0.02	1	0	AC	ORF1ab	orf1ab:p.460N>S; orf1ab:p.460N>X; orf1ab:p.460N>I; orf1ab:p.460-; orf1ab:p.460N>T	missense_variant; coding_sequence_variant; frameshift_variant	MODERATE; MODIFIER; HIGH	c.1379aAc>aMc; c.1379aAc>aGc; c.1379aAc>aTc; c.1380aaC>aa; c.1379aAc>aCc
28854	C	CT					0.63				0.63	1	0	CT	N	N:p.194-; N:p.194-210SRNSTPGSSRGTSPARM>S; N:p.194-196SRN>S; N:p.194-195SR>S; N:p.194S>L	missense_variant; coding_sequence_variant; inframe_deletion	MODERATE; MODIFIER	c.581tCa>tYa; c.581tCa>tTa; c.582-587tcAAGAAAt>tct; c.582-629tcAAGAAATTCAACTCCAGGCAGCAGTAGGGGAACTTCTCCTGCTAGAATg>tcg; c.582-584tcAAGa>tca
