Position	Reference	Sub	SRX8004776	SRX8004777	SRX8004775	SRX8160318	SRX8160319	SRX8160309	SRX8160320	SRX8160310	SRX8160312	SRX8160313	SRX8160317	SRX8160316	SRX8160314	SRX8160315	SRX8004780	SRX8004779	SRX8004778	Avg	Count	Editing Sub	Gene	Amino acids change	Annotation Type	Calculated variant consequences	Variation Codons
1440	G	GA				33	26.0	26.0		30.0	40.0	44.0	32.0	34.0	27.0	29.0				32.1	10	GA	ORF1ab	orf1ab:p.392-; orf1ab:p.392G>A; orf1ab:p.392G>V; orf1ab:p.392G>D	missense_variant; coding_sequence_variant	MODERATE; MODIFIER	c.1175gGc>gAc; c.1175gGc>gCc; c.1175gGc>gRc; c.1175gGc>gKc; c.1175gGc>gTc
2891	G	GA					20	30.0		22.0	24.0	28.0	22.0	27.0	25.0	23.0				24.56	9	GA	ORF1ab	orf1ab:p.876A>S; orf1ab:p.876-; orf1ab:p.876A>T	missense_variant; coding_sequence_variant	MODERATE; MODIFIER	c.2626Gca>Aca; c.2626Gca>Rca; c.2626Gca>Tca
22323	C	CT						32			6	20	23.0	28	9.0					19.67	6	CT	S	S:p.254S>Y; S:p.254S>C; S:p.254-; S:p.254-327SSSGWTAGAAAYYVGYLQPRTFLLKYNENGTITDAVDCALDPLSETKCTLKSFTVEKGIYQTSNFRVQPTESIV>SX; S:p.254S>F	missense_variant; coding_sequence_variant; frameshift_variant	MODERATE; MODIFIER; HIGH	c.761tCt>tAt; c.761tCt>tGt; c.761tCt>tYt; c.762-979tcTTCTTCAGGTTGGACAGCTGGTGCTGCAGCTTATTATGTGGGTTATCTTCAACCTAGGACTTTTCTATTAAAATATAATGAAAATGGAACCATTACAGATGCTGTAGACTGTGCACTTGACCCTCTCTCAGAAACAAAGTGTACGTTGAAATCCTTCACTGTAGAAAAAGGAATCTATCAAACTTCTAACTTTAGAGTCCAACCAACAGAATCTATTGtt>tctt; c.761tCt>tTt
4655	C	CT						22		5.0		21.0	19.0	22.0	8.0					16.17	6	CT	ORF1ab	orf1ab:p.1464-1465RY>H; orf1ab:p.1464-; orf1ab:p.1464R>W; orf1ab:p.1464R; orf1ab:p.1464R>G	missense_variant; coding_sequence_variant; synonymous_variant; inframe_deletion	MODERATE; MODIFIER; LOW	c.4390Cgg>Ggg; c.4390Cgg>Agg; c.4391-4393cGGTat>cat; c.4390Cgg>Ygg; c.4390Cgg>Mgg; c.4390Cgg>Tgg
97	A	AG	11082															7203	95.0	6126.67	3	AG	5'UTR		intergenic_variant	MODIFIER	
111	T	TC	12344															7960	103.0	6802.33	3	TC	5'UTR		intergenic_variant	MODIFIER	
120	T	TC	12731															8189	107.0	7009.0	3	TC	5'UTR		intergenic_variant	MODIFIER	
121	C	CT	12597															8088	101.0	6928.67	3	CT	5'UTR		intergenic_variant	MODIFIER	
24858	G	GA	192														221		206	206.33	3	GA	S	S:p.1099-; S:p.1099G>V; S:p.1099G>GX; S:p.1099G>D	frameshift_variant; missense_variant; coding_sequence_variant	HIGH; MODERATE; MODIFIER	c.3296gGc>gRc; c.3296gGc>gGCAc; c.3296gGc>gTc; c.3296gGc>gAc
90	G	GA	10310															6732	95.0	5712.33	3	GA	5'UTR		intergenic_variant; upstream_gene_variant	MODIFIER; MODIFIER,DISTANCE=orf1ab:96	
23606	C	CT	966	23733																12349.5	2	CT	S	S:p.682R>W; S:p.682R; S:p.682-	synonymous_variant; missense_variant; coding_sequence_variant	LOW; MODERATE; MODIFIER	c.2044Cgg>Agg; c.2044Cgg>Tgg; c.2044Cgg>Mgg; c.2044Cgg>Ygg
11083	G	GT	26															55		40.5	2	GT	ORF1ab	orf1ab:p.3606L; orf1ab:p.3606-; orf1ab:p.3606L>F	missense_variant; coding_sequence_variant; synonymous_variant	MODERATE; MODIFIER; LOW	c.10818ttG>ttK; c.10818ttG>ttA; c.10818ttG>ttC; c.10818ttG>ttT; c.10818ttG>ttW; c.10818ttG>ttS
8422	G	GA						35					25.0							30.0	2	GA	ORF1ab	orf1ab:p.2719M>I; orf1ab:p.2719-	missense_variant; coding_sequence_variant	MODERATE; MODIFIER	c.8157atG>atA; c.8157atG>atR; c.8157atG>atT
29546	C	CA						27					25.0							26.0	2	CA	Intergenic		downstream_gene_variant; upstream_gene_variant	MODIFIER,DISTANCE=N:13; MODIFIER,DISTANCE=ORF10:12	
23525	C	CT																1609		1609.0	1	CT	S	S:p.655H>Y; S:p.655-; S:p.655H>D; S:p.655H>N	missense_variant; coding_sequence_variant	MODERATE; MODIFIER	c.1963Cat>Gat; c.1963Cat>Yat; c.1963Cat>Tat; c.1963Cat>Aat
23403	A	AG							29											29.0	1	AG	S	S:p.614-; S:p.614D>G; S:p.614D>A	missense_variant; coding_sequence_variant	MODERATE; MODIFIER	c.1841gAt>gGt; c.1841gAt>gRt; c.1841gAt>gCt; c.1841gAt>gMt
23400	A	AG																228		228.0	1	AG	S	S:p.613Q>L; S:p.613Q>R; S:p.613-	missense_variant; coding_sequence_variant	MODERATE; MODIFIER	c.1838cAg>cTg; c.1838cAg>cGg; c.1838cAg>cRg
20013	A	AT			238															238.0	1	AT	ORF1ab	orf1ab:p.6583V; orf1ab:p.6583-	synonymous_variant; coding_sequence_variant	LOW; MODIFIER	c.19749gtA>gtR; c.19749gtA>gtT; c.19749gtA>gtG
22550	C	CT																806		806.0	1	CT	S	S:p.330P>S; S:p.330P>A; S:p.330-; S:p.330P>T	missense_variant; coding_sequence_variant	MODERATE; MODIFIER	c.988Cct>Tct; c.988Cct>Yct; c.988Cct>Act; c.988Cct>Gct
21784	T	TA															300			300.0	1	TA	S	S:p.74N>K; S:p.75G>X; S:p.74N; S:p.74-	synonymous_variant; coding_sequence_variant; missense_variant; frameshift_variant	LOW; MODIFIER; MODERATE; HIGH	c.222aaT>aaA; c.222aaT>aaW; c.222aaT>aaY; c.222aaT>aaC; c.223Ggt>gt; c.222aaT>aaG
23610	G	GT	172																	172.0	1	GT	S	S:p.683R>L; S:p.683-; S:p.683R>P; S:p.683R>Q	missense_variant; coding_sequence_variant	MODERATE; MODIFIER	c.2048cGg>cCg; c.2048cGg>cKg; c.2048cGg>cRg; c.2048cGg>cSg; c.2048cGg>cAg; c.2048cGg>cTg
20141	C	CA																65		65.0	1	CA	ORF1ab	orf1ab:p.6626-; orf1ab:p.6626T>I	coding_sequence_variant; missense_variant	MODIFIER; MODERATE	c.19877aCa>aSa; c.19877aCa>aTa; c.19877aCa>aMa
75	C	CT																36		36.0	1	CT	5'UTR		intergenic_variant; upstream_gene_variant	MODIFIER; MODIFIER,DISTANCE=orf1ab:45; MODIFIER,DISTANCE=orf1ab:94; MODIFIER,DISTANCE=orf1ab:84; MODIFIER,DISTANCE=orf1ab:85	
17637	A	AC	147																	147.0	1	AC	ORF1ab	orf1ab:p.5791K>N; orf1ab:p.5791K; orf1ab:p.5791-	synonymous_variant; missense_variant; coding_sequence_variant	LOW; MODERATE; MODIFIER	c.17373aaA>aaG; c.17373aaA>aaW; c.17373aaA>aaT; c.17373aaA>aaC; c.17373aaA>aaR
18261	C	CT	161																	161.0	1	CT	ORF1ab	orf1ab:p.6000-6004TREEA>-; orf1ab:p.5999I; orf1ab:p.5999I>M; orf1ab:p.6000-6004TREEA>X; orf1ab:p.5999-	coding_sequence_variant; synonymous_variant; missense_variant; frameshift_variant; inframe_deletion	MODIFIER; LOW; MODERATE; HIGH	c.17997atC>atT; c.17997atC>atY; c.17998-18010ACCCGCGAAGAAGct>ct; c.17997atC>atG; c.17998-18012ACCCGCGAAGAAGCT>-; c.17997atC>atA; c.17997atC>atM
18227	A	AG		358																358.0	1	AG	ORF1ab	orf1ab:p.5988N>S; orf1ab:p.5988-; orf1ab:p.5988N>T	missense_variant; coding_sequence_variant	MODERATE; MODIFIER	c.17963aAt>aWt; c.17963aAt>aRt; c.17963aAt>aCt; c.17963aAt>aGt
24137	A	AG		704																704.0	1	AG	S	S:p.859T>A; S:p.859-	coding_sequence_variant; missense_variant	MODIFIER; MODERATE	c.2575Act>Gct; c.2575Act>Rct
17539	G	GA															19400			19400.0	1	GA	ORF1ab	orf1ab:p.5759D>Y; orf1ab:p.5759D>N	missense_variant	MODERATE	c.17275Gac>Tac; c.17275Gac>Aac
17478	G	GA	69																	69.0	1	GA	ORF1ab	orf1ab:p.5738K; orf1ab:p.5738-; orf1ab:p.5738K>N	synonymous_variant; coding_sequence_variant; missense_variant	LOW; MODIFIER; MODERATE	c.17214aaG>aaT; c.17214aaG>aaA; c.17214aaG>aaK; c.17214aaG>aaR
17172	C	CT																2742		2742.0	1	CT	ORF1ab	orf1ab:p.5636A; orf1ab:p.5636-	coding_sequence_variant; synonymous_variant	MODIFIER; LOW	c.16908gcC>gcY; c.16908gcC>gcT; c.16908gcC>gcM; c.16908gcC>gcA
17105	A	AT																3285		3285.0	1	AT	ORF1ab	orf1ab:p.5614H>X; orf1ab:p.5614H>R; orf1ab:p.5614-; orf1ab:p.5614H>L	missense_variant; coding_sequence_variant; frameshift_variant	MODERATE; MODIFIER; HIGH	c.16841cAt>cTt; c.16841cAt>cGt; c.16841cAt>cRt; c.16842caT>ca
17013	A	AC															47			47.0	1	AC	ORF1ab	orf1ab:p.5583-; orf1ab:p.5583S	synonymous_variant; coding_sequence_variant	LOW; MODIFIER	c.16749tcA>tcR; c.16749tcA>tcW; c.16749tcA>tcT; c.16749tcA>tcM; c.16749tcA>tcC; c.16749tcA>tcG
16989	C	CT																148		148.0	1	CT	ORF1ab	orf1ab:p.5575-; orf1ab:p.5575G	synonymous_variant; coding_sequence_variant	LOW; MODIFIER	c.16725ggC>ggY; c.16725ggC>ggA; c.16725ggC>ggM; c.16725ggC>ggT
16954	C	CT										15								15.0	1	CT	ORF1ab	orf1ab:p.5564L>I; orf1ab:p.5564-; orf1ab:p.5564L	coding_sequence_variant; synonymous_variant; missense_variant	MODIFIER; LOW; MODERATE	c.16690Cta>Tta; c.16690Cta>Yta; c.16690Cta>Ata
16900	G	GA																	18005	18005.0	1	GA	ORF1ab	orf1ab:p.5546G>R; orf1ab:p.5546G>C; orf1ab:p.5546G>S; orf1ab:p.5546-	missense_variant; coding_sequence_variant	MODERATE; MODIFIER	c.16636Ggt>Tgt; c.16636Ggt>Rgt; c.16636Ggt>Cgt; c.16636Ggt>Agt
16622	G	GA	155																	155.0	1	GA	ORF1ab	orf1ab:p.5453R>I; orf1ab:p.5453R>K; orf1ab:p.5453R>T; orf1ab:p.5453-	missense_variant; coding_sequence_variant	MODERATE; MODIFIER	c.16358aGa>aCa; c.16358aGa>aRa; c.16358aGa>aTa; c.16358aGa>aAa
16458	A	AC	67																	67.0	1	AC	ORF1ab	orf1ab:p.5398S	synonymous_variant	LOW	c.16194tcA>tcG; c.16194tcA>tcT; c.16194tcA>tcC
23983	A	AT		204																204.0	1	AT	S	S:p.807P	synonymous_variant	LOW	c.2421ccA>ccC; c.2421ccA>ccG; c.2421ccA>ccT
25045	A	AC	176																	176.0	1	AC	S	S:p.1161S	synonymous_variant	LOW	c.3483tcA>tcG; c.3483tcA>tcT
24374	C	CT	169																	169.0	1	CT	S	S:p.938-; S:p.938L>LX; S:p.938L>F; S:p.938L>I; S:p.938L>V; S:p.938L>X	missense_variant; coding_sequence_variant; frameshift_variant	MODERATE; MODIFIER; HIGH	c.2812Ctt>Gtt; c.2812Ctt>Att; c.2812Ctt>Mtt; c.2812Ctt>Ttt; c.2812Ctt>Ytt; c.2813cTt>ct; c.2812Ctt>CTtt
24539	A	AG			27145															27145.0	1	AG	S	S:p.993-; S:p.993I>V	coding_sequence_variant; missense_variant	MODIFIER; MODERATE	c.2977Att>Gtt; c.2977Att>Rtt
29671	A	AT	319																	319.0	1	AT	ORF10	ORF10:p.38T; ORF10:p.38-	synonymous_variant; coding_sequence_variant	LOW; MODIFIER	c.114acA>acW; c.114acA>acT; c.114acA>acR; c.114acA>acG; c.114acA>acC; c.114acA>acH
29659	C	CT														7				7.0	1	CT	ORF10	ORF10:p.34-; ORF10:p.34N; ORF10:p.34N>K	synonymous_variant; coding_sequence_variant; missense_variant	LOW; MODIFIER; MODERATE	c.102aaC>aaG; c.102aaC>aaM; c.102aaC>aaT; c.102aaC>aaA; c.102aaC>aaY
29451	C	CT	334																	334.0	1	CT	N	N:p.393T>N; N:p.393-; N:p.393T>TL; N:p.393T>I	missense_variant; inframe_insertion; coding_sequence_variant	MODERATE; MODIFIER	c.1178aCt>aTt; c.1178aCt>aCTCTt; c.1178aCt>aAt; c.1178aCt>aMt; c.1178aCt>aYt
29441	C	CG																737		737.0	1	CG	N	N:p.390Q>E; N:p.390Q>QX; N:p.390Q>K; N:p.390Q>*; N:p.390-	coding_sequence_variant; missense_variant; stop_gained; frameshift_variant	MODIFIER; MODERATE; HIGH	c.1168Caa>Gaa; c.1168Caa>Taa; c.1168Caa>Maa; c.1168Caa>CAaa; c.1168Caa>Aaa; c.1168Caa>Yaa
29266	G	GA																265		265.0	1	GA	N	N:p.331L>F; N:p.331-; N:p.331L	synonymous_variant; missense_variant; coding_sequence_variant	LOW; MODERATE; MODIFIER	c.993ttG>ttS; c.993ttG>ttR; c.993ttG>ttT; c.993ttG>ttK; c.993ttG>ttC; c.993ttG>ttA
29258	A	AG																232		232.0	1	AG	N	N:p.329T>P; N:p.329T>A; N:p.329-	missense_variant; coding_sequence_variant	MODERATE; MODIFIER	c.985Acg>Rcg; c.985Acg>Ccg; c.985Acg>Gcg
29160	C	CT																441		441.0	1	CT	N	N:p.296T>N; N:p.296-; N:p.296T>S; N:p.296T>I	missense_variant; coding_sequence_variant	MODERATE; MODIFIER	c.887aCt>aYt; c.887aCt>aAt; c.887aCt>aGt; c.887aCt>aTt; c.887aCt>aSt
28100	A	AT	365																	365.0	1	AT	ORF8	ORF8:p.69S; ORF8:p.70P>X	synonymous_variant; frameshift_variant	LOW; HIGH	c.207tcA>tcG; c.208Ccc>cc; c.207tcA>tcT
27865	A	AC		1022																1022.0	1	AC	Intergenic	ORF8:p.?-25-	upstream_gene_variant; coding_sequence_variant,5_prime_UTR_variant	MODIFIER,DISTANCE=ORF8:29; MODIFIER	c.?-74-
27835	T	TC																3082		3082.0	1	TC	Intergenic		downstream_gene_variant; upstream_gene_variant	MODIFIER,DISTANCE=ORF7a:76; MODIFIER,DISTANCE=ORF8:59	
27384	T	TC																	455	455.0	1	TC	ORF6	ORF6:p.62-?-; ORF6:p.61D>DL; ORF6:p.61-; ORF6:p.61D; ORF6:p.61D>E; ORF6:p.61D>DSX	synonymous_variant; coding_sequence_variant; frameshift_variant; inframe_insertion; missense_variant; upstream_gene_variant; coding_sequence_variant,3_prime_UTR_variant; coding_sequence_variant,5_prime_UTR_variant,3_prime_UTR_variant	LOW; MODIFIER; HIGH; MODERATE; MODIFIER,DISTANCE=ORF7a:10; MODIFIER,DISTANCE=ORF8:10	c.183gaT>gaY; c.183gaT>gaTTCTC; c.183gaT>gaTCTC; c.184-?-; c.183gaT>gaA; c.183gaT>gaC; c.183gaT>gaG
27104	T	TC	459																	459.0	1	TC	M	M:p.194-; M:p.194A	coding_sequence_variant; synonymous_variant; upstream_gene_variant	MODIFIER; LOW; MODIFIER,DISTANCE=ORF6:98	c.582gcT>gcC; c.582gcT>gcY
27046	C	CT							35											35.0	1	CT	M	M:p.175T>M; M:p.175T>X; M:p.175-; M:p.175T>K	missense_variant; coding_sequence_variant; frameshift_variant	MODERATE; MODIFIER; HIGH	c.525acG>ac; c.524aCg>aMg; c.524aCg>aTg; c.524aCg>aYg; c.524aCg>aAg
26898	G	GA																8554		8554.0	1	GA	M	M:p.126G>C; M:p.126G>S; M:p.126-	missense_variant; coding_sequence_variant	MODERATE; MODIFIER	c.376Ggc>Tgc; c.376Ggc>Kgc; c.376Ggc>Agc
26873	C	CT		292																292.0	1	CT	M	M:p.117-; M:p.117N; M:p.117N>K	synonymous_variant; coding_sequence_variant; missense_variant	LOW; MODIFIER; MODERATE	c.351aaC>aaM; c.351aaC>aaY; c.351aaC>aaG; c.351aaC>aaT; c.351aaC>aaA
26833	C	CT																345		345.0	1	CT	M	M:p.104-; M:p.104A>V	missense_variant; coding_sequence_variant	MODERATE; MODIFIER	c.311gCg>gMg; c.311gCg>gTg; c.311gCg>gYg
26781	C	CT			1615															1615.0	1	CT	M	M:p.87L>I; M:p.87L>F; M:p.87-	missense_variant; coding_sequence_variant	MODERATE; MODIFIER	c.259Ctt>Mtt; c.259Ctt>Ttt; c.259Ctt>Att; c.259Ctt>Ytt
26601	C	CT															171			171.0	1	CT	M	M:p.27-; M:p.27L; M:p.27L>V; M:p.27L>I	synonymous_variant; coding_sequence_variant; missense_variant	LOW; MODIFIER; MODERATE	c.79Cta>Yta; c.79Cta>Ata; c.79Cta>Gta; c.79Cta>Tta; c.79Cta>Mta
26542	C	CT		143																143.0	1	CT	M	M:p.7-; M:p.7T>N; M:p.7T>I; M:p.7T>S	downstream_gene_variant; missense_variant; coding_sequence_variant	MODIFIER,DISTANCE=E:70; MODERATE; MODIFIER	c.20aCt>aAt; c.20aCt>aGt; c.20aCt>aMt; c.20aCt>aTt; c.20aCt>aYt
26323	T	TG			900															900.0	1	TG	E	E:p.27L>M; E:p.27L; E:p.27-; E:p.27L>V	synonymous_variant; missense_variant; coding_sequence_variant	LOW; MODERATE; MODIFIER	c.79Ttg>Atg; c.79Ttg>Ytg; c.79Ttg>Ctg; c.79Ttg>Gtg
26087	T	TC																79		79.0	1	TC	ORF3a	ORF3a:p.232I>N; ORF3a:p.232I>T; ORF3a:p.232-	missense_variant; coding_sequence_variant	MODERATE; MODIFIER	c.695aTc>aAc; c.695aTc>aCc; c.695aTc>aYc
25975	T	TC						10												10.0	1	TC	ORF3a	ORF3a:p.195-; ORF3a:p.195S>A; ORF3a:p.195S>P	missense_variant; coding_sequence_variant	MODERATE; MODIFIER	c.583Tct>Gct; c.583Tct>Yct; c.583Tct>Cct; c.583Tct>Kct
25426	A	AG																2175		2175.0	1	AG	ORF3a	ORF3a:p.12-; ORF3a:p.12-21TVTLKQGEIK>X; ORF3a:p.12T>A; ORF3a:p.12T>P	downstream_gene_variant; missense_variant; coding_sequence_variant; frameshift_variant	MODIFIER,DISTANCE=S:42; MODERATE; MODIFIER; MODIFIER,DISTANCE=S:43; HIGH	c.34Act>Gct; c.35-63aCTGTAACTTTGAAGCAAGGTGAAATCAAG>a; c.34Act>Cct; c.34Act>Rct
16060	A	AT																30		30.0	1	AT	ORF1ab	orf1ab:p.5266-; orf1ab:p.5266N>D; orf1ab:p.5266N>H	missense_variant; coding_sequence_variant	MODERATE; MODIFIER	c.15796Aat>Mat; c.15796Aat>Cat; c.15796Aat>Gat
24862	A	AC																1333		1333.0	1	AC	S	S:p.1100T; S:p.1100-; S:p.1101H>X	synonymous_variant; coding_sequence_variant; frameshift_variant	LOW; MODIFIER; HIGH	c.3300acA>acR; c.3300acA>acW; c.3300acA>acT; c.3301Cac>ac; c.3300acA>acC; c.3300acA>acG
16456	T	TG			139															139.0	1	TG	ORF1ab	orf1ab:p.5398S>T; orf1ab:p.5398-; orf1ab:p.5398S>A; orf1ab:p.5398S>P	missense_variant; coding_sequence_variant	MODERATE; MODIFIER	c.16192Tca>Aca; c.16192Tca>Kca; c.16192Tca>Cca; c.16192Tca>Yca; c.16192Tca>Gca
14713	T	TA		95																95.0	1	TA	ORF1ab	orf1ab:p.4817S>A	missense_variant	MODERATE	c.14449Tct>Gct
15345	A	AC																48		48.0	1	AC	ORF1ab	orf1ab:p.5027-; orf1ab:p.5027S	synonymous_variant; coding_sequence_variant	LOW; MODIFIER	c.15081tcA>tcC; c.15081tcA>tcR; c.15081tcA>tcM; c.15081tcA>tcT; c.15081tcA>tcG
15025	G	GT																107		107.0	1	GT	ORF1ab	orf1ab:p.4921A>T; orf1ab:p.4921-; orf1ab:p.4921A>S	missense_variant; coding_sequence_variant	MODERATE; MODIFIER	c.14761Gca>Tca; c.14761Gca>Kca; c.14761Gca>Aca
6331	A	AC	76																	76.0	1	AC	ORF1ab	orf1ab:p.2023-2029NSFDVLK>-; orf1ab:p.2022S; orf1ab:p.2022-	synonymous_variant; coding_sequence_variant; inframe_deletion	LOW; MODIFIER; MODERATE	c.6067-6087AATTCGTTTGATGTACTGAAG>-; c.6066tcA>tcR; c.6066tcA>tcG
5915	T	TC																89		89.0	1	TC	ORF1ab	orf1ab:p.1884L>V; orf1ab:p.1884L	synonymous_variant; missense_variant	LOW; MODERATE	c.5650Ttg>Ctg; c.5650Ttg>Gtg
5879	A	AC																	589	589.0	1	AC	ORF1ab	orf1ab:p.1872-; orf1ab:p.1872S>C; orf1ab:p.1872S>R; orf1ab:p.1872S>G	missense_variant; coding_sequence_variant	MODERATE; MODIFIER	c.5614Agt>Cgt; c.5614Agt>Rgt; c.5614Agt>Tgt; c.5614Agt>Ggt
5742	A	AT	34																	34.0	1	AT	ORF1ab	orf1ab:p.1826E>G; orf1ab:p.1826E>V; orf1ab:p.1826E>A; orf1ab:p.1826-	missense_variant; coding_sequence_variant	MODERATE; MODIFIER	c.5477gAg>gGg; c.5477gAg>gTg; c.5477gAg>gCg; c.5477gAg>gWg
4802	G	GA									8									8.0	1	GA	ORF1ab	orf1ab:p.1513-; orf1ab:p.1513D>N; orf1ab:p.1513D>Y	missense_variant; coding_sequence_variant	MODERATE; MODIFIER	c.4537Gat>Tat; c.4537Gat>Aat; c.4537Gat>Kat
4223	G	GC																	2781	2781.0	1	GC	ORF1ab	orf1ab:p.1320V>M; orf1ab:p.1320V>L; orf1ab:p.1320-	missense_variant; coding_sequence_variant	MODERATE; MODIFIER	c.3958Gtg>Ttg; c.3958Gtg>Ktg; c.3958Gtg>Atg
4123	A	AG																1016		1016.0	1	AG	ORF1ab	orf1ab:p.1287-1289VGD>X; orf1ab:p.1286I>M; orf1ab:p.1286-; orf1ab:p.1287-1294VGDVVQEG>-	missense_variant; coding_sequence_variant; frameshift_variant; inframe_deletion	MODERATE; MODIFIER; HIGH	c.3858atA>atR; c.3859-3882GTGGGTGATGTTGTTCAAGAGGGT>-; c.3858atA>atG; c.3859-3865GTGGGTGat>at
3988	A	AC															234			234.0	1	AC	ORF1ab	orf1ab:p.1241-; orf1ab:p.1241T; orf1ab:p.1242T>-	synonymous_variant; coding_sequence_variant; inframe_deletion	LOW; MODIFIER; MODERATE	c.3723acA>acR; c.3723acA>acC; c.3723acA>acT; c.3724-3726ACT>-; c.3723acA>acG
3632	A	AG							17											17.0	1	AG	ORF1ab	orf1ab:p.1123N>Y; orf1ab:p.1123N>D; orf1ab:p.1123-	missense_variant; coding_sequence_variant	MODERATE; MODIFIER	c.3367Aac>Tac; c.3367Aac>Rac; c.3367Aac>Gac
3530	G	GT															107			107.0	1	GT	ORF1ab	orf1ab:p.1089-; orf1ab:p.1089D>N; orf1ab:p.1089D>Y; orf1ab:p.1089D>H; orf1ab:p.1089-1105DYIATNGPLKVGGSCVL>V	missense_variant; coding_sequence_variant; inframe_deletion	MODERATE; MODIFIER	c.3265Gat>Cat; c.3265Gat>Kat; c.3266-3313gATTACATAGCTACTAATGGACCACTTAAAGTGGGTGGTAGTTGTGTTTta>gta; c.3265Gat>Aat; c.3265Gat>Tat
3158	A	AC																	131	131.0	1	AC	ORF1ab	orf1ab:p.965-; orf1ab:p.965T>P; orf1ab:p.965T>A; orf1ab:p.965T>S	missense_variant; coding_sequence_variant	MODERATE; MODIFIER	c.2893Act>Gct; c.2893Act>Cct; c.2893Act>Rct; c.2893Act>Tct
3037	C	CT							45											45.0	1	CT	ORF1ab	orf1ab:p.924F; orf1ab:p.924-; orf1ab:p.924F>L	synonymous_variant; coding_sequence_variant; missense_variant	LOW; MODIFIER; MODERATE	c.2772ttC>ttT; c.2772ttC>ttG; c.2772ttC>ttA; c.2772ttC>ttY; c.2772ttC>ttK
2696	A	AT																110		110.0	1	AT	ORF1ab	orf1ab:p.811N>Y	missense_variant	MODERATE	c.2431Aat>Tat
2173	G	GA			99															99.0	1	GA	ORF1ab	orf1ab:p.636-; orf1ab:p.636K>N; orf1ab:p.636K	missense_variant; synonymous_variant; coding_sequence_variant	MODERATE; LOW; MODIFIER	c.1908aaG>aaT; c.1908aaG>aaA; c.1908aaG>aaK; c.1908aaG>aaR
1850	A	AT	100																	100.0	1	AT	ORF1ab	orf1ab:p.529-530IL>M; orf1ab:p.529-; orf1ab:p.529I>L; orf1ab:p.529-533ILSPL>X; orf1ab:p.529I>V	missense_variant; coding_sequence_variant; inframe_deletion; frameshift_variant	MODERATE; MODIFIER; HIGH	c.1586-1598aTACTGAGTCCTCTt>at; c.1586-1588aTACtg>atg; c.1585Ata>Rta; c.1585Ata>Cta; c.1585Ata>Gta
1767	A	AT		288																288.0	1	AT	ORF1ab	orf1ab:p.501-; orf1ab:p.501Q>L; orf1ab:p.501Q>R	missense_variant; coding_sequence_variant	MODERATE; MODIFIER	c.1502cAa>cTa; c.1502cAa>cWa; c.1502cAa>cGa
1166	C	CG	5183																	5183.0	1	CG	ORF1ab	orf1ab:p.301R>G; orf1ab:p.301R; orf1ab:p.301R>*; orf1ab:p.301-	missense_variant; coding_sequence_variant; synonymous_variant; stop_gained	MODERATE; MODIFIER; LOW; HIGH	c.901Cga>Tga; c.901Cga>Mga; c.901Cga>Yga; c.901Cga>Aga; c.901Cga>Gga
875	C	CT			206															206.0	1	CT	ORF1ab	orf1ab:p.204-; orf1ab:p.204L>F; orf1ab:p.204L>I; orf1ab:p.204L>V	missense_variant; coding_sequence_variant	MODERATE; MODIFIER	c.610Ctt>Gtt; c.610Ctt>Mtt; c.610Ctt>Ttt; c.610Ctt>Att; c.610Ctt>Ytt
857	C	CT		168																168.0	1	CT	ORF1ab	orf1ab:p.198L>I; orf1ab:p.198-; orf1ab:p.198L>F	missense_variant; coding_sequence_variant	MODERATE; MODIFIER	c.592Ctt>Ttt; c.592Ctt>Att; c.592Ctt>Ytt
595	T	TG	5170																	5170.0	1	TG	ORF1ab	orf1ab:p.110H; orf1ab:p.111V>X; orf1ab:p.110H>Q; orf1ab:p.110-	synonymous_variant; missense_variant; coding_sequence_variant; frameshift_variant	LOW; MODERATE; MODIFIER; HIGH	c.330caT>caA; c.331Gtg>tg; c.330caT>caC; c.330caT>caW; c.330caT>caG
463	G	GA																	210	210.0	1	GA	ORF1ab	orf1ab:p.66Q; orf1ab:p.66Q>H; orf1ab:p.66-	synonymous_variant; missense_variant; coding_sequence_variant	LOW; MODERATE; MODIFIER	c.198caG>caT; c.198caG>caR; c.198caG>caS; c.198caG>caC; c.198caG>caA
346	C	CT	77																	77.0	1	CT	ORF1ab	orf1ab:p.27L; orf1ab:p.27-	synonymous_variant; coding_sequence_variant	LOW; MODIFIER	c.81ctC>ctA; c.81ctC>ctY; c.81ctC>ctG; c.81ctC>ctT; c.81ctC>ctM
302	C	CT																	142	142.0	1	CT	ORF1ab	orf1ab:p.13-; orf1ab:p.13H>N; orf1ab:p.13H>Y	missense_variant; coding_sequence_variant	MODERATE; MODIFIER	c.37Cac>Aac; c.37Cac>Tac; c.37Cac>Yac
241	C	CT							73											73.0	1	CT	5'UTR		upstream_gene_variant	MODIFIER,DISTANCE=orf1ab:25; MODIFIER,DISTANCE=orf1ab:24	
106	C	CA	60																	60.0	1	CA	5'UTR		intergenic_variant	MODIFIER	
6502	A	AT	73																	73.0	1	AT	ORF1ab	orf1ab:p.2079-; orf1ab:p.2079P	synonymous_variant; coding_sequence_variant	LOW; MODIFIER	c.6237ccA>ccG; c.6237ccA>ccW; c.6237ccA>ccT; c.6237ccA>ccC
6762	C	CT			27															27.0	1	CT	ORF1ab	orf1ab:p.2166T>N; orf1ab:p.2166-; orf1ab:p.2166T>S; orf1ab:p.2166T>I	missense_variant; coding_sequence_variant	MODERATE; MODIFIER	c.6497aCt>aYt; c.6497aCt>aAt; c.6497aCt>aGt; c.6497aCt>aTt
7212	G	GT															245			245.0	1	GT	ORF1ab	orf1ab:p.2316W>*; orf1ab:p.2316W>S; orf1ab:p.2316W>L; orf1ab:p.2316-	coding_sequence_variant; missense_variant; stop_gained	MODIFIER; MODERATE; HIGH	c.6947tGg>tKg; c.6947tGg>tTg; c.6947tGg>tAg; c.6947tGg>tCg
11464	G	GA																	355	355.0	1	GA	ORF1ab	orf1ab:p.3734W>X; orf1ab:p.3733M>I; orf1ab:p.3733-	missense_variant; coding_sequence_variant; frameshift_variant	MODERATE; MODIFIER; HIGH	c.11199atG>atK; c.11199atG>atA; c.11199atG>atC; c.11200Tgg>gg; c.11199atG>atS; c.11199atG>atR; c.11199atG>atT
15017	C	CT															112			112.0	1	CT	ORF1ab	orf1ab:p.4918A>E; orf1ab:p.4918A>V; orf1ab:p.4918-	missense_variant; coding_sequence_variant	MODERATE; MODIFIER	c.14753gCa>gMa; c.14753gCa>gSa; c.14753gCa>gYa; c.14753gCa>gTa; c.14753gCa>gAa
15009	T	TC																	55	55.0	1	TC	ORF1ab	orf1ab:p.4915D; orf1ab:p.4915-; orf1ab:p.4916Q>X; orf1ab:p.4915D>E	synonymous_variant; coding_sequence_variant; missense_variant; frameshift_variant	LOW; MODIFIER; MODERATE; HIGH	c.14745gaT>gaY; c.14746Caa>aa; c.14745gaT>gaC; c.14745gaT>gaG
14408	C	CT							62											62.0	1	CT	ORF1ab	orf1ab:p.4715P>L; orf1ab:p.4715P>H; orf1ab:p.4715-; orf1ab:p.4715P>R	missense_variant; coding_sequence_variant	MODERATE; MODIFIER	c.14144cCt>cTt; c.14144cCt>cGt; c.14144cCt>cYt; c.14144cCt>cAt; c.14144cCt>cKt
14084	A	AG	52																	52.0	1	AG	ORF1ab	orf1ab:p.4607N>S; orf1ab:p.4607N>I; orf1ab:p.4607-; orf1ab:p.4607N>T	missense_variant; coding_sequence_variant	MODERATE; MODIFIER	c.13820aAc>aTc; c.13820aAc>aCc; c.13820aAc>aRc; c.13820aAc>aGc
13805	A	AG																46		46.0	1	AG	ORF1ab	orf1ab:p.4514Y>C	missense_variant	MODERATE	c.13541tAc>tGc
13501	C	CT															103			103.0	1	CT	ORF1ab	orf1ab:p.4413P>S; orf1ab:p.4413P>A; orf1ab:p.4413-4424PCGTGTSTDVVY>H; orf1ab:p.4413-; orf1ab:p.4413P>T	missense_variant; coding_sequence_variant; inframe_deletion	MODERATE; MODIFIER	c.13237Ccg>Ycg; c.13237Ccg>Gcg; c.13237Ccg>Acg; c.13237Ccg>Tcg; c.13237Ccg>Mcg; c.13238-13270cCGTGCGGCACAGGCACTAGTACTGATGTCGTATac>cac
13494	T	TC												24						24.0	1	TC	ORF1ab	orf1ab:p.4410R; orf1ab:p.4410-	synonymous_variant; coding_sequence_variant	LOW; MODIFIER	c.13230cgT>cgA; c.13230cgT>cgK; c.13230cgT>cgC; c.13230cgT>cgG
11943	A	AG															8762			8762.0	1	AG	ORF1ab	orf1ab:p.3893-; orf1ab:p.3893Q>L; orf1ab:p.3893Q>R	missense_variant; coding_sequence_variant	MODERATE; MODIFIER	c.11678cAg>cTg; c.11678cAg>cMg; c.11678cAg>cGg; c.11678cAg>cRg
11824	C	CT															88			88.0	1	CT	ORF1ab	orf1ab:p.3853I; orf1ab:p.3853-	synonymous_variant; coding_sequence_variant	LOW; MODIFIER	c.11559atC>atA; c.11559atC>atT; c.11559atC>atY; c.11559atC>atM
11669	C	CT															442			442.0	1	CT	ORF1ab	orf1ab:p.3802R>X; orf1ab:p.3802-; orf1ab:p.3802R>C; orf1ab:p.3802R>S; orf1ab:p.3802R>G	missense_variant; coding_sequence_variant; frameshift_variant	MODERATE; MODIFIER; HIGH	c.11404Cgc>Agc; c.11405cGc>cc; c.11404Cgc>Ggc; c.11404Cgc>Tgc; c.11404Cgc>Ygc
11572	C	CT																131		131.0	1	CT	ORF1ab	orf1ab:p.3769F>L; orf1ab:p.3769-; orf1ab:p.3769F	synonymous_variant; coding_sequence_variant; missense_variant	LOW; MODIFIER; MODERATE	c.11307ttC>ttT; c.11307ttC>ttM; c.11307ttC>ttY; c.11307ttC>ttA
11239	T	TC																391		391.0	1	TC	ORF1ab	orf1ab:p.3658S	synonymous_variant	LOW	c.10974agT>agC
7347	A	AT															3542			3542.0	1	AT	ORF1ab	orf1ab:p.2361-2367NSWLMWL>K; orf1ab:p.2361N>T; orf1ab:p.2361N>S	missense_variant; inframe_deletion	MODERATE	c.7083-7100aaTTCTTGGCTTATGTGGTTa>aaa; c.7082aAt>aGt; c.7082aAt>aCt
10033	T	TC	42																	42.0	1	TC	ORF1ab	orf1ab:p.3256-; orf1ab:p.3256S	synonymous_variant; coding_sequence_variant	LOW; MODIFIER	c.9768tcT>tcA; c.9768tcT>tcG; c.9768tcT>tcY; c.9768tcT>tcC; c.9768tcT>tcK
9944	A	AC		52																52.0	1	AC	ORF1ab	orf1ab:p.3227R>G	missense_variant	MODERATE	c.9679Aga>Gga
9655	T	TC																1169		1169.0	1	TC	ORF1ab	orf1ab:p.3130-; orf1ab:p.3130V	synonymous_variant; coding_sequence_variant	LOW; MODIFIER	c.9390gtT>gtA; c.9390gtT>gtG; c.9390gtT>gtY; c.9390gtT>gtC
9503	T	TC		35																35.0	1	TC	ORF1ab	orf1ab:p.3080F>I; orf1ab:p.3080F>V; orf1ab:p.3080F>L	missense_variant	MODERATE	c.9238Ttt>Att; c.9238Ttt>Ctt; c.9238Ttt>Gtt
9364	A	AC	114																	114.0	1	AC	ORF1ab	orf1ab:p.3033P; orf1ab:p.3033-	coding_sequence_variant; synonymous_variant	MODIFIER; LOW	c.9099ccA>ccR; c.9099ccA>ccC; c.9099ccA>ccG
8726	G	GT	49																	49.0	1	GT	ORF1ab	orf1ab:p.2821A>T; orf1ab:p.2821A>S; orf1ab:p.2821-	missense_variant; coding_sequence_variant	MODERATE; MODIFIER	c.8461Gca>Rca; c.8461Gca>Tca; c.8461Gca>Aca
8621	A	AG			52															52.0	1	AG	ORF1ab	orf1ab:p.2786I>L; orf1ab:p.2786I>V; orf1ab:p.2786I>F; orf1ab:p.2786-	missense_variant; coding_sequence_variant	MODERATE; MODIFIER	c.8356Att>Ctt; c.8356Att>Wtt; c.8356Att>Gtt; c.8356Att>Ttt
8470	G	GA	47																	47.0	1	GA	ORF1ab	orf1ab:p.2735K; orf1ab:p.2735K>N; orf1ab:p.2735-	synonymous_variant; missense_variant; coding_sequence_variant	LOW; MODERATE; MODIFIER	c.8205aaG>aaR; c.8205aaG>aaA; c.8205aaG>aaT
8329	T	TC		223																223.0	1	TC	ORF1ab	orf1ab:p.2688-; orf1ab:p.2688L	synonymous_variant; coding_sequence_variant	LOW; MODIFIER	c.8064ctT>ctG; c.8064ctT>ctW; c.8064ctT>ctC; c.8064ctT>ctA
7861	T	TA	47																	47.0	1	TA	ORF1ab	orf1ab:p.2532-; orf1ab:p.2532T	synonymous_variant; coding_sequence_variant	LOW; MODIFIER	c.7596acT>acC; c.7596acT>acW; c.7596acT>acY; c.7596acT>acG; c.7596acT>acA
7798	G	GT					37													37.0	1	GT	ORF1ab	orf1ab:p.2511K; orf1ab:p.2511K>N; orf1ab:p.2511-	synonymous_variant; missense_variant; coding_sequence_variant	LOW; MODERATE; MODIFIER	c.7533aaG>aaA; c.7533aaG>aaC; c.7533aaG>aaR; c.7533aaG>aaT; c.7533aaG>aaK
29890	A	AG																5		5.0	1	AG					
