Position	Reference	Sub	SRX8004776	SRX8004777	SRX8004775	SRX8160318	SRX8160319	SRX8160309	SRX8160320	SRX8160310	SRX8160312	SRX8160313	SRX8160317	SRX8160316	SRX8160314	SRX8160315	SRX8004780	SRX8004779	SRX8004778	Avg	Count	Count (>= 0.8)	Editing Sub	Gene	Amino acids change	Annotation Type	Calculated variant consequences	Variation Codons
1440	G	GA				1.0	1.0	1.0		1.0	1.0	1.0	1.0	1.0	1.0	1.0				1.0	10	10	GA	ORF1ab	orf1ab:p.392-; orf1ab:p.392G>A; orf1ab:p.392G>V; orf1ab:p.392G>D	missense_variant; coding_sequence_variant	MODERATE; MODIFIER	c.1175gGc>gAc; c.1175gGc>gCc; c.1175gGc>gRc; c.1175gGc>gKc; c.1175gGc>gTc
2891	G	GA					1.0	1.0		1.0	0.96	1.0	1.0	1.0	1.0	0.958				0.991	9	9	GA	ORF1ab	orf1ab:p.876A>S; orf1ab:p.876-; orf1ab:p.876A>T	missense_variant; coding_sequence_variant	MODERATE; MODIFIER	c.2626Gca>Aca; c.2626Gca>Rca; c.2626Gca>Tca
4655	C	CT						1.0		0.139		0.412	0.95	1.0	0.235					0.623	6	3	CT	ORF1ab	orf1ab:p.1464-1465RY>H; orf1ab:p.1464-; orf1ab:p.1464R>W; orf1ab:p.1464R; orf1ab:p.1464R>G	missense_variant; coding_sequence_variant; synonymous_variant; inframe_deletion	MODERATE; MODIFIER; LOW	c.4390Cgg>Ggg; c.4390Cgg>Agg; c.4391-4393cGGTat>cat; c.4390Cgg>Ygg; c.4390Cgg>Mgg; c.4390Cgg>Tgg
22323	C	CT						1.0			0.167	0.645	1.0	1.0	0.231					0.674	6	3	CT	S	S:p.254S>Y; S:p.254S>C; S:p.254-; S:p.254-327SSSGWTAGAAAYYVGYLQPRTFLLKYNENGTITDAVDCALDPLSETKCTLKSFTVEKGIYQTSNFRVQPTESIV>SX; S:p.254S>F	missense_variant; coding_sequence_variant; frameshift_variant	MODERATE; MODIFIER; HIGH	c.761tCt>tAt; c.761tCt>tGt; c.761tCt>tYt; c.762-979tcTTCTTCAGGTTGGACAGCTGGTGCTGCAGCTTATTATGTGGGTTATCTTCAACCTAGGACTTTTCTATTAAAATATAATGAAAATGGAACCATTACAGATGCTGTAGACTGTGCACTTGACCCTCTCTCAGAAACAAAGTGTACGTTGAAATCCTTCACTGTAGAAAAAGGAATCTATCAAACTTCTAACTTTAGAGTCCAACCAACAGAATCTATTGtt>tctt; c.761tCt>tTt
97	A	AG	0.998															1.0		0.999	2	2	AG	5'UTR		intergenic_variant	MODIFIER	
8422	G	GA						1.0					1.0							1.0	2	2	GA	ORF1ab	orf1ab:p.2719M>I; orf1ab:p.2719-	missense_variant; coding_sequence_variant	MODERATE; MODIFIER	c.8157atG>atA; c.8157atG>atR; c.8157atG>atT
23606	C	CT	0.031	0.682																0.357	2	0	CT	S	S:p.682R>W; S:p.682R; S:p.682-	synonymous_variant; missense_variant; coding_sequence_variant	LOW; MODERATE; MODIFIER	c.2044Cgg>Agg; c.2044Cgg>Tgg; c.2044Cgg>Mgg; c.2044Cgg>Ygg
90	G	GA	0.998															1.0		0.999	2	2	GA	5'UTR		intergenic_variant; upstream_gene_variant	MODIFIER; MODIFIER,DISTANCE=orf1ab:96	
29546	C	CA						1.0					1.0							1.0	2	2	CA	Intergenic		downstream_gene_variant; upstream_gene_variant	MODIFIER,DISTANCE=N:13; MODIFIER,DISTANCE=ORF10:12	
121	C	CT	0.999															1.0		1.0	2	2	CT	5'UTR		intergenic_variant	MODIFIER	
120	T	TC	0.998															1.0		0.999	2	2	TC	5'UTR		intergenic_variant	MODIFIER	
111	T	TC	0.999															1.0		1.0	2	2	TC	5'UTR		intergenic_variant	MODIFIER	
17105	A	AT																1.0		1.0	1	1	AT	ORF1ab	orf1ab:p.5614H>X; orf1ab:p.5614H>R; orf1ab:p.5614-; orf1ab:p.5614H>L	missense_variant; coding_sequence_variant; frameshift_variant	MODERATE; MODIFIER; HIGH	c.16841cAt>cTt; c.16841cAt>cGt; c.16841cAt>cRt; c.16842caT>ca
16989	C	CT																0.028		0.028	1	0	CT	ORF1ab	orf1ab:p.5575-; orf1ab:p.5575G	synonymous_variant; coding_sequence_variant	LOW; MODIFIER	c.16725ggC>ggY; c.16725ggC>ggA; c.16725ggC>ggM; c.16725ggC>ggT
17172	C	CT																1.0		1.0	1	1	CT	ORF1ab	orf1ab:p.5636A; orf1ab:p.5636-	coding_sequence_variant; synonymous_variant	MODIFIER; LOW	c.16908gcC>gcY; c.16908gcC>gcT; c.16908gcC>gcM; c.16908gcC>gcA
17539	G	GA															1.0			1.0	1	1	GA	ORF1ab	orf1ab:p.5759D>Y; orf1ab:p.5759D>N	missense_variant	MODERATE	c.17275Gac>Tac; c.17275Gac>Aac
17637	A	AC	0.012																	0.012	1	0	AC	ORF1ab	orf1ab:p.5791K>N; orf1ab:p.5791K; orf1ab:p.5791-	synonymous_variant; missense_variant; coding_sequence_variant	LOW; MODERATE; MODIFIER	c.17373aaA>aaG; c.17373aaA>aaW; c.17373aaA>aaT; c.17373aaA>aaC; c.17373aaA>aaR
18227	A	AG		0.021																0.021	1	0	AG	ORF1ab	orf1ab:p.5988N>S; orf1ab:p.5988-; orf1ab:p.5988N>T	missense_variant; coding_sequence_variant	MODERATE; MODIFIER	c.17963aAt>aWt; c.17963aAt>aRt; c.17963aAt>aCt; c.17963aAt>aGt
18261	C	CT	0.011																	0.011	1	0	CT	ORF1ab	orf1ab:p.6000-6004TREEA>-; orf1ab:p.5999I; orf1ab:p.5999I>M; orf1ab:p.6000-6004TREEA>X; orf1ab:p.5999-	coding_sequence_variant; synonymous_variant; missense_variant; frameshift_variant; inframe_deletion	MODIFIER; LOW; MODERATE; HIGH	c.17997atC>atT; c.17997atC>atY; c.17998-18010ACCCGCGAAGAAGct>ct; c.17997atC>atG; c.17998-18012ACCCGCGAAGAAGCT>-; c.17997atC>atA; c.17997atC>atM
21784	T	TA															0.012			0.012	1	0	TA	S	S:p.74N>K; S:p.75G>X; S:p.74N; S:p.74-	synonymous_variant; coding_sequence_variant; missense_variant; frameshift_variant	LOW; MODIFIER; MODERATE; HIGH	c.222aaT>aaA; c.222aaT>aaW; c.222aaT>aaY; c.222aaT>aaC; c.223Ggt>gt; c.222aaT>aaG
22550	C	CT																0.077		0.077	1	0	CT	S	S:p.330P>S; S:p.330P>A; S:p.330-; S:p.330P>T	missense_variant; coding_sequence_variant	MODERATE; MODIFIER	c.988Cct>Tct; c.988Cct>Yct; c.988Cct>Act; c.988Cct>Gct
23400	A	AG																0.013		0.013	1	0	AG	S	S:p.613Q>L; S:p.613Q>R; S:p.613-	missense_variant; coding_sequence_variant	MODERATE; MODIFIER	c.1838cAg>cTg; c.1838cAg>cGg; c.1838cAg>cRg
23403	A	AG							1.0											1.0	1	1	AG	S	S:p.614-; S:p.614D>G; S:p.614D>A	missense_variant; coding_sequence_variant	MODERATE; MODIFIER	c.1841gAt>gGt; c.1841gAt>gRt; c.1841gAt>gCt; c.1841gAt>gMt
23525	C	CT																0.105		0.105	1	0	CT	S	S:p.655H>Y; S:p.655-; S:p.655H>D; S:p.655H>N	missense_variant; coding_sequence_variant	MODERATE; MODIFIER	c.1963Cat>Gat; c.1963Cat>Yat; c.1963Cat>Tat; c.1963Cat>Aat
25426	A	AG																0.132		0.132	1	0	AG	ORF3a	ORF3a:p.12-; ORF3a:p.12-21TVTLKQGEIK>X; ORF3a:p.12T>A; ORF3a:p.12T>P	downstream_gene_variant; missense_variant; coding_sequence_variant; frameshift_variant	MODIFIER,DISTANCE=S:42; MODERATE; MODIFIER; MODIFIER,DISTANCE=S:43; HIGH	c.34Act>Gct; c.35-63aCTGTAACTTTGAAGCAAGGTGAAATCAAG>a; c.34Act>Cct; c.34Act>Rct
24137	A	AG		0.026																0.026	1	0	AG	S	S:p.859T>A; S:p.859-	coding_sequence_variant; missense_variant	MODIFIER; MODERATE	c.2575Act>Gct; c.2575Act>Rct
24539	A	AG			0.83															0.83	1	1	AG	S	S:p.993-; S:p.993I>V	coding_sequence_variant; missense_variant	MODIFIER; MODERATE	c.2977Att>Gtt; c.2977Att>Rtt
24862	A	AC																0.072		0.072	1	0	AC	S	S:p.1100T; S:p.1100-; S:p.1101H>X	synonymous_variant; coding_sequence_variant; frameshift_variant	LOW; MODIFIER; HIGH	c.3300acA>acR; c.3300acA>acW; c.3300acA>acT; c.3301Cac>ac; c.3300acA>acC; c.3300acA>acG
16900	G	GA																	0.891	0.891	1	1	GA	ORF1ab	orf1ab:p.5546G>R; orf1ab:p.5546G>C; orf1ab:p.5546G>S; orf1ab:p.5546-	missense_variant; coding_sequence_variant	MODERATE; MODIFIER	c.16636Ggt>Tgt; c.16636Ggt>Rgt; c.16636Ggt>Cgt; c.16636Ggt>Agt
25975	T	TC						0.196												0.196	1	0	TC	ORF3a	ORF3a:p.195-; ORF3a:p.195S>A; ORF3a:p.195S>P	missense_variant; coding_sequence_variant	MODERATE; MODIFIER	c.583Tct>Gct; c.583Tct>Yct; c.583Tct>Cct; c.583Tct>Kct
26323	T	TG			0.026															0.026	1	0	TG	E	E:p.27L>M; E:p.27L; E:p.27-; E:p.27L>V	synonymous_variant; missense_variant; coding_sequence_variant	LOW; MODERATE; MODIFIER	c.79Ttg>Atg; c.79Ttg>Ytg; c.79Ttg>Ctg; c.79Ttg>Gtg
26781	C	CT			0.044															0.044	1	0	CT	M	M:p.87L>I; M:p.87L>F; M:p.87-	missense_variant; coding_sequence_variant	MODERATE; MODIFIER	c.259Ctt>Mtt; c.259Ctt>Ttt; c.259Ctt>Att; c.259Ctt>Ytt
26833	C	CT																0.013		0.013	1	0	CT	M	M:p.104-; M:p.104A>V	missense_variant; coding_sequence_variant	MODERATE; MODIFIER	c.311gCg>gMg; c.311gCg>gTg; c.311gCg>gYg
26898	G	GA																0.288		0.288	1	0	GA	M	M:p.126G>C; M:p.126G>S; M:p.126-	missense_variant; coding_sequence_variant	MODERATE; MODIFIER	c.376Ggc>Tgc; c.376Ggc>Kgc; c.376Ggc>Agc
27046	C	CT							1.0											1.0	1	1	CT	M	M:p.175T>M; M:p.175T>X; M:p.175-; M:p.175T>K	missense_variant; coding_sequence_variant; frameshift_variant	MODERATE; MODIFIER; HIGH	c.525acG>ac; c.524aCg>aMg; c.524aCg>aTg; c.524aCg>aYg; c.524aCg>aAg
27104	T	TC	0.012																	0.012	1	0	TC	M	M:p.194-; M:p.194A	coding_sequence_variant; synonymous_variant; upstream_gene_variant	MODIFIER; LOW; MODIFIER,DISTANCE=ORF6:98	c.582gcT>gcC; c.582gcT>gcY
27384	T	TC																	0.013	0.013	1	0	TC	ORF6	ORF6:p.62-?-; ORF6:p.61D>DL; ORF6:p.61-; ORF6:p.61D; ORF6:p.61D>E; ORF6:p.61D>DSX	synonymous_variant; coding_sequence_variant; frameshift_variant; inframe_insertion; missense_variant; upstream_gene_variant; coding_sequence_variant,3_prime_UTR_variant; coding_sequence_variant,5_prime_UTR_variant,3_prime_UTR_variant	LOW; MODIFIER; HIGH; MODERATE; MODIFIER,DISTANCE=ORF7a:10; MODIFIER,DISTANCE=ORF8:10	c.183gaT>gaY; c.183gaT>gaTTCTC; c.183gaT>gaTCTC; c.184-?-; c.183gaT>gaA; c.183gaT>gaC; c.183gaT>gaG
27835	T	TC																0.157		0.157	1	0	TC	Intergenic		downstream_gene_variant; upstream_gene_variant	MODIFIER,DISTANCE=ORF7a:76; MODIFIER,DISTANCE=ORF8:59	
27865	A	AC		0.018																0.018	1	0	AC	Intergenic	ORF8:p.?-25-	upstream_gene_variant; coding_sequence_variant,5_prime_UTR_variant	MODIFIER,DISTANCE=ORF8:29; MODIFIER	c.?-74-
29441	C	CG																0.014		0.014	1	0	CG	N	N:p.390Q>E; N:p.390Q>QX; N:p.390Q>K; N:p.390Q>*; N:p.390-	coding_sequence_variant; missense_variant; stop_gained; frameshift_variant	MODIFIER; MODERATE; HIGH	c.1168Caa>Gaa; c.1168Caa>Taa; c.1168Caa>Maa; c.1168Caa>CAaa; c.1168Caa>Aaa; c.1168Caa>Yaa
16954	C	CT										0.221								0.221	1	0	CT	ORF1ab	orf1ab:p.5564L>I; orf1ab:p.5564-; orf1ab:p.5564L	coding_sequence_variant; synonymous_variant; missense_variant	MODIFIER; LOW; MODERATE	c.16690Cta>Tta; c.16690Cta>Yta; c.16690Cta>Ata
14408	C	CT							1.0											1.0	1	1	CT	ORF1ab	orf1ab:p.4715P>L; orf1ab:p.4715P>H; orf1ab:p.4715-; orf1ab:p.4715P>R	missense_variant; coding_sequence_variant	MODERATE; MODIFIER	c.14144cCt>cTt; c.14144cCt>cGt; c.14144cCt>cYt; c.14144cCt>cAt; c.14144cCt>cKt
16622	G	GA	0.012																	0.012	1	0	GA	ORF1ab	orf1ab:p.5453R>I; orf1ab:p.5453R>K; orf1ab:p.5453R>T; orf1ab:p.5453-	missense_variant; coding_sequence_variant	MODERATE; MODIFIER	c.16358aGa>aCa; c.16358aGa>aRa; c.16358aGa>aTa; c.16358aGa>aAa
16456	T	TG			0.011															0.011	1	0	TG	ORF1ab	orf1ab:p.5398S>T; orf1ab:p.5398-; orf1ab:p.5398S>A; orf1ab:p.5398S>P	missense_variant; coding_sequence_variant	MODERATE; MODIFIER	c.16192Tca>Aca; c.16192Tca>Kca; c.16192Tca>Cca; c.16192Tca>Yca; c.16192Tca>Gca
241	C	CT							1.0											1.0	1	1	CT	5'UTR		upstream_gene_variant	MODIFIER,DISTANCE=orf1ab:25; MODIFIER,DISTANCE=orf1ab:24	
595	T	TG	0.304																	0.304	1	0	TG	ORF1ab	orf1ab:p.110H; orf1ab:p.111V>X; orf1ab:p.110H>Q; orf1ab:p.110-	synonymous_variant; missense_variant; coding_sequence_variant; frameshift_variant	LOW; MODERATE; MODIFIER; HIGH	c.330caT>caA; c.331Gtg>tg; c.330caT>caC; c.330caT>caW; c.330caT>caG
875	C	CT			0.011															0.011	1	0	CT	ORF1ab	orf1ab:p.204-; orf1ab:p.204L>F; orf1ab:p.204L>I; orf1ab:p.204L>V	missense_variant; coding_sequence_variant	MODERATE; MODIFIER	c.610Ctt>Gtt; c.610Ctt>Mtt; c.610Ctt>Ttt; c.610Ctt>Att; c.610Ctt>Ytt
1166	C	CG	0.386																	0.386	1	0	CG	ORF1ab	orf1ab:p.301R>G; orf1ab:p.301R; orf1ab:p.301R>*; orf1ab:p.301-	missense_variant; coding_sequence_variant; synonymous_variant; stop_gained	MODERATE; MODIFIER; LOW; HIGH	c.901Cga>Tga; c.901Cga>Mga; c.901Cga>Yga; c.901Cga>Aga; c.901Cga>Gga
1767	A	AT		0.029																0.029	1	0	AT	ORF1ab	orf1ab:p.501-; orf1ab:p.501Q>L; orf1ab:p.501Q>R	missense_variant; coding_sequence_variant	MODERATE; MODIFIER	c.1502cAa>cTa; c.1502cAa>cWa; c.1502cAa>cGa
2696	A	AT																0.013		0.013	1	0	AT	ORF1ab	orf1ab:p.811N>Y	missense_variant	MODERATE	c.2431Aat>Tat
3037	C	CT							1.0											1.0	1	1	CT	ORF1ab	orf1ab:p.924F; orf1ab:p.924-; orf1ab:p.924F>L	synonymous_variant; coding_sequence_variant; missense_variant	LOW; MODIFIER; MODERATE	c.2772ttC>ttT; c.2772ttC>ttG; c.2772ttC>ttA; c.2772ttC>ttY; c.2772ttC>ttK
3632	A	AG							0.405											0.405	1	0	AG	ORF1ab	orf1ab:p.1123N>Y; orf1ab:p.1123N>D; orf1ab:p.1123-	missense_variant; coding_sequence_variant	MODERATE; MODIFIER	c.3367Aac>Tac; c.3367Aac>Rac; c.3367Aac>Gac
3988	A	AC															0.016			0.016	1	0	AC	ORF1ab	orf1ab:p.1241-; orf1ab:p.1241T; orf1ab:p.1242T>-	synonymous_variant; coding_sequence_variant; inframe_deletion	LOW; MODIFIER; MODERATE	c.3723acA>acR; c.3723acA>acC; c.3723acA>acT; c.3724-3726ACT>-; c.3723acA>acG
4123	A	AG																0.129		0.129	1	0	AG	ORF1ab	orf1ab:p.1287-1289VGD>X; orf1ab:p.1286I>M; orf1ab:p.1286-; orf1ab:p.1287-1294VGDVVQEG>-	missense_variant; coding_sequence_variant; frameshift_variant; inframe_deletion	MODERATE; MODIFIER; HIGH	c.3858atA>atR; c.3859-3882GTGGGTGATGTTGTTCAAGAGGGT>-; c.3858atA>atG; c.3859-3865GTGGGTGat>at
4223	G	GC																	0.12	0.12	1	0	GC	ORF1ab	orf1ab:p.1320V>M; orf1ab:p.1320V>L; orf1ab:p.1320-	missense_variant; coding_sequence_variant	MODERATE; MODIFIER	c.3958Gtg>Ttg; c.3958Gtg>Ktg; c.3958Gtg>Atg
4802	G	GA									0.138									0.138	1	0	GA	ORF1ab	orf1ab:p.1513-; orf1ab:p.1513D>N; orf1ab:p.1513D>Y	missense_variant; coding_sequence_variant	MODERATE; MODIFIER	c.4537Gat>Tat; c.4537Gat>Aat; c.4537Gat>Kat
5879	A	AC																	0.038	0.038	1	0	AC	ORF1ab	orf1ab:p.1872-; orf1ab:p.1872S>C; orf1ab:p.1872S>R; orf1ab:p.1872S>G	missense_variant; coding_sequence_variant	MODERATE; MODIFIER	c.5614Agt>Cgt; c.5614Agt>Rgt; c.5614Agt>Tgt; c.5614Agt>Ggt
5915	T	TC																0.013		0.013	1	0	TC	ORF1ab	orf1ab:p.1884L>V; orf1ab:p.1884L	synonymous_variant; missense_variant	LOW; MODERATE	c.5650Ttg>Ctg; c.5650Ttg>Gtg
7212	G	GT															0.025			0.025	1	0	GT	ORF1ab	orf1ab:p.2316W>*; orf1ab:p.2316W>S; orf1ab:p.2316W>L; orf1ab:p.2316-	coding_sequence_variant; missense_variant; stop_gained	MODIFIER; MODERATE; HIGH	c.6947tGg>tKg; c.6947tGg>tTg; c.6947tGg>tAg; c.6947tGg>tCg
7347	A	AT															0.328			0.328	1	0	AT	ORF1ab	orf1ab:p.2361-2367NSWLMWL>K; orf1ab:p.2361N>T; orf1ab:p.2361N>S	missense_variant; inframe_deletion	MODERATE	c.7083-7100aaTTCTTGGCTTATGTGGTTa>aaa; c.7082aAt>aGt; c.7082aAt>aCt
7798	G	GT					1.0													1.0	1	1	GT	ORF1ab	orf1ab:p.2511K; orf1ab:p.2511K>N; orf1ab:p.2511-	synonymous_variant; missense_variant; coding_sequence_variant	LOW; MODERATE; MODIFIER	c.7533aaG>aaA; c.7533aaG>aaC; c.7533aaG>aaR; c.7533aaG>aaT; c.7533aaG>aaK
8329	T	TC		0.038																0.038	1	0	TC	ORF1ab	orf1ab:p.2688-; orf1ab:p.2688L	synonymous_variant; coding_sequence_variant	LOW; MODIFIER	c.8064ctT>ctG; c.8064ctT>ctW; c.8064ctT>ctC; c.8064ctT>ctA
9364	A	AC	0.022																	0.022	1	0	AC	ORF1ab	orf1ab:p.3033P; orf1ab:p.3033-	coding_sequence_variant; synonymous_variant	MODIFIER; LOW	c.9099ccA>ccR; c.9099ccA>ccC; c.9099ccA>ccG
9655	T	TC																1.0		1.0	1	1	TC	ORF1ab	orf1ab:p.3130-; orf1ab:p.3130V	synonymous_variant; coding_sequence_variant	LOW; MODIFIER	c.9390gtT>gtA; c.9390gtT>gtG; c.9390gtT>gtY; c.9390gtT>gtC
11083	G	GT																0.025		0.025	1	0	GT	ORF1ab	orf1ab:p.3606L; orf1ab:p.3606-; orf1ab:p.3606L>F	missense_variant; coding_sequence_variant; synonymous_variant	MODERATE; MODIFIER; LOW	c.10818ttG>ttK; c.10818ttG>ttA; c.10818ttG>ttC; c.10818ttG>ttT; c.10818ttG>ttW; c.10818ttG>ttS
11239	T	TC																0.141		0.141	1	0	TC	ORF1ab	orf1ab:p.3658S	synonymous_variant	LOW	c.10974agT>agC
11464	G	GA																	0.026	0.026	1	0	GA	ORF1ab	orf1ab:p.3734W>X; orf1ab:p.3733M>I; orf1ab:p.3733-	missense_variant; coding_sequence_variant; frameshift_variant	MODERATE; MODIFIER; HIGH	c.11199atG>atK; c.11199atG>atA; c.11199atG>atC; c.11200Tgg>gg; c.11199atG>atS; c.11199atG>atR; c.11199atG>atT
11572	C	CT																0.08		0.08	1	0	CT	ORF1ab	orf1ab:p.3769F>L; orf1ab:p.3769-; orf1ab:p.3769F	synonymous_variant; coding_sequence_variant; missense_variant	LOW; MODIFIER; MODERATE	c.11307ttC>ttT; c.11307ttC>ttM; c.11307ttC>ttY; c.11307ttC>ttA
11669	C	CT															0.035			0.035	1	0	CT	ORF1ab	orf1ab:p.3802R>X; orf1ab:p.3802-; orf1ab:p.3802R>C; orf1ab:p.3802R>S; orf1ab:p.3802R>G	missense_variant; coding_sequence_variant; frameshift_variant	MODERATE; MODIFIER; HIGH	c.11404Cgc>Agc; c.11405cGc>cc; c.11404Cgc>Ggc; c.11404Cgc>Tgc; c.11404Cgc>Ygc
11943	A	AG															0.552			0.552	1	0	AG	ORF1ab	orf1ab:p.3893-; orf1ab:p.3893Q>L; orf1ab:p.3893Q>R	missense_variant; coding_sequence_variant	MODERATE; MODIFIER	c.11678cAg>cTg; c.11678cAg>cMg; c.11678cAg>cGg; c.11678cAg>cRg
13494	T	TC												1.0						1.0	1	1	TC	ORF1ab	orf1ab:p.4410R; orf1ab:p.4410-	synonymous_variant; coding_sequence_variant	LOW; MODIFIER	c.13230cgT>cgA; c.13230cgT>cgK; c.13230cgT>cgC; c.13230cgT>cgG
13805	A	AG																0.011		0.011	1	0	AG	ORF1ab	orf1ab:p.4514Y>C	missense_variant	MODERATE	c.13541tAc>tGc
15025	G	GT																0.025		0.025	1	0	GT	ORF1ab	orf1ab:p.4921A>T; orf1ab:p.4921-; orf1ab:p.4921A>S	missense_variant; coding_sequence_variant	MODERATE; MODIFIER	c.14761Gca>Tca; c.14761Gca>Kca; c.14761Gca>Aca
29659	C	CT														0.167				0.167	1	0	CT	ORF10	ORF10:p.34-; ORF10:p.34N; ORF10:p.34N>K	synonymous_variant; coding_sequence_variant; missense_variant	LOW; MODIFIER; MODERATE	c.102aaC>aaG; c.102aaC>aaM; c.102aaC>aaT; c.102aaC>aaA; c.102aaC>aaY
