Position	Reference	Sub	A680	77798	NCDC-777797	Avg	Count	Editing Sub	Gene	Amino acids change	Annotation Type	Calculated variant consequences	Variation Codons
25563	G	GT	164	4276	4145	2861.67	3	GT	ORF3a	ORF3a:p.57Q>H; ORF3a:p.57Q; ORF3a:p.57-	missense_variant; coding_sequence_variant; synonymous_variant	MODERATE; MODIFIER; LOW	c.171caG>caY; c.171caG>caR; c.171caG>caS; c.171caG>caT; c.171caG>caK; c.171caG>caA; c.171caG>caB; c.171caG>caC
4900	C	CT	14	2685	1521	1406.67	3	CT	ORF1ab	orf1ab:p.1545-; orf1ab:p.1545H>Q; orf1ab:p.1545H	synonymous_variant; missense_variant; coding_sequence_variant	LOW; MODERATE; MODIFIER	c.4635caC>caM; c.4635caC>caT; c.4635caC>caA; c.4635caC>caY
15772	A	AT	140	228	3305	1224.33	3	AT	ORF1ab	orf1ab:p.5170S>C; orf1ab:p.5170S>G	missense_variant	MODERATE	c.15508Agc>Tgc; c.15508Agc>Ggc
17944	G	GT	24	3749	3112	2295.0	3	GT	ORF1ab	orf1ab:p.5894V>L; orf1ab:p.5894V>I; orf1ab:p.5894-	missense_variant; coding_sequence_variant	MODERATE; MODIFIER	c.17680Gta>Tta; c.17680Gta>Ata; c.17680Gta>Kta
18877	C	CT	351	658	4204	1737.67	3	CT	ORF1ab	orf1ab:p.6205L; orf1ab:p.6205-; orf1ab:p.6205L>I	synonymous_variant; coding_sequence_variant; missense_variant	LOW; MODIFIER; MODERATE	c.18613Cta>Yta; c.18613Cta>Ata; c.18613Cta>Tta
23403	A	AG	194	3562	4353	2703.0	3	AG	S	S:p.614-; S:p.614D>G; S:p.614D>A	missense_variant; coding_sequence_variant	MODERATE; MODIFIER	c.1841gAt>gGt; c.1841gAt>gRt; c.1841gAt>gCt; c.1841gAt>gMt
11595	A	AG	37	2835	4004	2292.0	3	AG	ORF1ab	orf1ab:p.3777Q>R; orf1ab:p.3777-; orf1ab:p.3777-3778QC>QX	missense_variant; coding_sequence_variant; frameshift_variant	MODERATE; MODIFIER; HIGH	c.11330cAg>cRg; c.11330cAg>cGg; c.11331-11332caGTgt>cagt
25555	G	GT	98	4098	4167	2787.67	3	GT	ORF3a	ORF3a:p.55V>F; ORF3a:p.55V>VX; ORF3a:p.55V>I; ORF3a:p.55-; ORF3a:p.55V>L; ORF3a:p.55V>X; ORF3a:p.55-70VFQSASKIITLKKRWQ>E	missense_variant; coding_sequence_variant; frameshift_variant; inframe_deletion	MODERATE; MODIFIER; HIGH	c.163Gtt>Stt; c.163Gtt>Rtt; c.164-165gTT>g; c.163Gtt>Ttt; c.164gTt>gt; c.164-208gTTTTTCAGAGCGCTTCCAAAATCATAACCCTCAAAAAGAGATGGCaa>gaa; c.163Gtt>Ctt; c.163Gtt>GTtt; c.163Gtt>Ktt; c.163Gtt>Att
4901	C	CA	14	2667	1524	1401.67	3	CA	ORF1ab	orf1ab:p.1546-; orf1ab:p.1546L; orf1ab:p.1546L>I	coding_sequence_variant; missense_variant; synonymous_variant	MODIFIER; MODERATE; LOW	c.4636Cta>Yta; c.4636Cta>Tta; c.4636Cta>Ata
14408	C	CT	400	2794	4552	2582.0	3	CT	ORF1ab	orf1ab:p.4715P>L; orf1ab:p.4715P>H; orf1ab:p.4715-; orf1ab:p.4715P>R	missense_variant; coding_sequence_variant	MODERATE; MODIFIER	c.14144cCt>cTt; c.14144cCt>cGt; c.14144cCt>cYt; c.14144cCt>cAt; c.14144cCt>cKt
26735	C	CT	28		3617	1822.5	2	CT	M	M:p.71-; M:p.71Y	synonymous_variant; coding_sequence_variant	LOW; MODIFIER	c.213taC>taT; c.213taC>taY
5893	C	CT	18		1689	853.5	2	CT	ORF1ab	orf1ab:p.1876-; orf1ab:p.1876T	synonymous_variant; coding_sequence_variant	LOW; MODIFIER	c.5628acC>acT; c.5628acC>acA; c.5628acC>acY
12880	C	CT	227		5359	2793.0	2	CT	ORF1ab	orf1ab:p.4205I; orf1ab:p.4205-	synonymous_variant; coding_sequence_variant	LOW; MODIFIER	c.12615atC>atA; c.12615atC>atY; c.12615atC>atM; c.12615atC>atT
9419	A	AG		3231	3993	3612.0	2	AG	ORF1ab	orf1ab:p.3052I>F; orf1ab:p.3052I>V; orf1ab:p.3052I>L	missense_variant	MODERATE	c.9154Att>Gtt; c.9154Att>Ttt; c.9154Att>Ctt
1730	G	GA	5	34.0		19.5	2	GA	ORF1ab	orf1ab:p.489-; orf1ab:p.489E>K	missense_variant; coding_sequence_variant	MODERATE; MODIFIER	c.1465Gaa>Raa; c.1465Gaa>Aaa; c.1465Gaa>Saa
25611	C	CA	33	30		31.5	2	CA	ORF3a	ORF3a:p.73L; ORF3a:p.73-	synonymous_variant; coding_sequence_variant	LOW; MODIFIER	c.219ctC>ctY; c.219ctC>ctS; c.219ctC>ctT; c.219ctC>ctM; c.219ctC>ctA; c.219ctC>ctG
25626	C	CT		186	189	187.5	2	CT	ORF3a	ORF3a:p.78-; ORF3a:p.78H>HX; ORF3a:p.78H; ORF3a:p.79F>X; ORF3a:p.78H>Q; ORF3a:p.79-80FV>X	synonymous_variant; coding_sequence_variant; frameshift_variant; missense_variant	LOW; MODIFIER; HIGH; MODERATE	c.234caC>caT; c.234caC>caY; c.235Ttt>tt; c.234caC>caCT; c.234caC>caA; c.234caC>caG; c.235-238TTTGtt>tt
1707	C	CT	254	446.0		350.0	2	CT	ORF1ab	orf1ab:p.481-; orf1ab:p.481S>Y; orf1ab:p.481S>F	missense_variant; coding_sequence_variant	MODERATE; MODIFIER	c.1442tCt>tYt; c.1442tCt>tTt; c.1442tCt>tMt; c.1442tCt>tAt
23202	C	CA	63	25		44.0	2	CA	S	S:p.547T>K; S:p.547T>I; S:p.547-	missense_variant; coding_sequence_variant	MODERATE; MODIFIER	c.1640aCa>aMa; c.1640aCa>aYa; c.1640aCa>aAa; c.1640aCa>aTa
28854	C	CT		648	1414	1031.0	2	CT	N	N:p.194-; N:p.194-210SRNSTPGSSRGTSPARM>S; N:p.194-196SRN>S; N:p.194-195SR>S; N:p.194S>L	missense_variant; coding_sequence_variant; inframe_deletion	MODERATE; MODIFIER	c.581tCa>tYa; c.581tCa>tTa; c.582-587tcAAGAAAt>tct; c.582-629tcAAGAAATTCAACTCCAGGCAGCAGTAGGGGAACTTCTCCTGCTAGAATg>tcg; c.582-584tcAAGa>tca
17502	C	CA	5			5.0	1	CA	ORF1ab	orf1ab:p.5746-; orf1ab:p.5746F	synonymous_variant; coding_sequence_variant	LOW; MODIFIER	c.17238ttC>ttT; c.17238ttC>ttY
17518	C	CT	7			7.0	1	CT	ORF1ab	orf1ab:p.5752L>I; orf1ab:p.5752-; orf1ab:p.5752L>F	missense_variant; coding_sequence_variant	MODERATE; MODIFIER	c.17254Ctt>Att; c.17254Ctt>Ttt; c.17254Ctt>Ytt
23358	C	CT	19			19.0	1	CT	S	S:p.599T>I; S:p.599-	missense_variant; coding_sequence_variant	MODERATE; MODIFIER	c.1796aCa>aYa; c.1796aCa>aTa
18747	C	CT	30			30.0	1	CT	ORF1ab	orf1ab:p.6161V; orf1ab:p.6161-; orf1ab:p.6162Y>X	synonymous_variant; coding_sequence_variant; frameshift_variant	LOW; MODIFIER; HIGH	c.18484Tat>at; c.18483gtC>gtY; c.18483gtC>gtG; c.18483gtC>gtT; c.18483gtC>gtA
17352	C	CT	7			7.0	1	CT	ORF1ab	orf1ab:p.5696V; orf1ab:p.5696-	synonymous_variant; coding_sequence_variant	LOW; MODIFIER	c.17088gtC>gtA; c.17088gtC>gtY; c.17088gtC>gtG; c.17088gtC>gtT
17167	C	CT	345			345.0	1	CT	ORF1ab	orf1ab:p.5635-; orf1ab:p.5635H>N	coding_sequence_variant; missense_variant	MODIFIER; MODERATE	c.16903Cat>Aat; c.16903Cat>Yat
16887	C	CT			978	978.0	1	CT	ORF1ab	orf1ab:p.5541-; orf1ab:p.5541Y>*; orf1ab:p.5541Y	synonymous_variant; coding_sequence_variant; stop_gained	LOW; MODIFIER; HIGH	c.16623taC>taT; c.16623taC>taA; c.16623taC>taY
16394	C	CA	6			6.0	1	CA	ORF1ab	orf1ab:p.5377P>Q; orf1ab:p.5377-; orf1ab:p.5377P>L	missense_variant; coding_sequence_variant	MODERATE; MODIFIER	c.16130cCa>cAa; c.16130cCa>cMa; c.16130cCa>cTa; c.16130cCa>cYa
19169	T	TA	5			5.0	1	TA	ORF1ab	orf1ab:p.6302-	coding_sequence_variant	MODIFIER	c.18905tTc>tYc
21792	A	AT	19			19.0	1	AT	S	S:p.77K>M; S:p.77K>T; S:p.77-; S:p.77K>R	missense_variant; coding_sequence_variant	MODERATE; MODIFIER	c.230aAg>aGg; c.230aAg>aMg; c.230aAg>aTg; c.230aAg>aCg
22062	C	CT		16		16.0	1	CT	S	S:p.167T>I; S:p.167T>X; S:p.167T>S; S:p.167-; S:p.167T>TX	missense_variant; coding_sequence_variant; frameshift_variant	MODERATE; MODIFIER; HIGH	c.500aCt>aYt; c.501acT>ac; c.500aCt>aCTt; c.500aCt>aTt; c.500aCt>aGt
29231	A	AT	63			63.0	1	AT	N	N:p.320I>L; N:p.320-; N:p.320I>V; N:p.320I>F	missense_variant; coding_sequence_variant	MODERATE; MODIFIER	c.958Att>Ttt; c.958Att>Gtt; c.958Att>Ctt; c.958Att>Rtt; c.958Att>Wtt
22444	C	CT			1369	1369.0	1	CT	S	S:p.294D>E; S:p.294D; S:p.294-	synonymous_variant; coding_sequence_variant; missense_variant	LOW; MODIFIER; MODERATE	c.882gaC>gaH; c.882gaC>gaM; c.882gaC>gaA; c.882gaC>gaG; c.882gaC>gaY; c.882gaC>gaT
29039	A	AT			52	52.0	1	AT	N	N:p.256K>*; N:p.256K>E; N:p.256-	stop_gained; missense_variant; coding_sequence_variant	HIGH; MODERATE; MODIFIER	c.766Aag>Gag; c.766Aag>Wag; c.766Aag>Tag
29187	C	CT	9			9.0	1	CT	N	N:p.305-; N:p.305A>V	coding_sequence_variant; missense_variant	MODIFIER; MODERATE	c.914gCa>gYa; c.914gCa>gTa
29188	A	AG	9			9.0	1	AG	N	N:p.305-; N:p.305A	synonymous_variant; coding_sequence_variant	LOW; MODIFIER	c.915gcA>gcG; c.915gcA>gcT; c.915gcA>gcC; c.915gcA>gcR
23929	C	CT	15			15.0	1	CT	S	S:p.789Y; S:p.790K>X; S:p.789-	synonymous_variant; coding_sequence_variant; frameshift_variant	LOW; MODIFIER; HIGH	c.2367taC>taT; c.2368Aaa>aa; c.2367taC>taY
29035	T	TC			67	67.0	1	TC	N	N:p.254A; N:p.254-	synonymous_variant; coding_sequence_variant	LOW; MODIFIER	c.762gcT>gcG; c.762gcT>gcW; c.762gcT>gcA; c.762gcT>gcC; c.762gcT>gcY
29041	G	GC			25	25.0	1	GC	N	N:p.256K; N:p.256K>N; N:p.256-	coding_sequence_variant; synonymous_variant; missense_variant	MODIFIER; LOW; MODERATE	c.768aaG>aaK; c.768aaG>aaC; c.768aaG>aaA; c.768aaG>aaT; c.768aaG>aaS; c.768aaG>aaR
29087	C	CT	36			36.0	1	CT	N	N:p.272-; N:p.272Q>K	coding_sequence_variant; missense_variant	MODIFIER; MODERATE	c.814Caa>Aaa; c.814Caa>Saa; c.814Caa>Yaa
29033	G	GT			102	102.0	1	GT	N	N:p.254-255AS>A; N:p.254A>T; N:p.254A>S; N:p.254-	missense_variant; coding_sequence_variant; inframe_deletion	MODERATE; MODIFIER	c.761-763gCTTct>gct; c.760Gct>Tct; c.760Gct>Sct; c.760Gct>Kct; c.760Gct>Rct; c.760Gct>Act
29032	G	GC			75	75.0	1	GC	N	N:p.253E; N:p.253-; N:p.253E>D	synonymous_variant; missense_variant; coding_sequence_variant	LOW; MODERATE; MODIFIER	c.759gaG>gaC; c.759gaG>gaA; c.759gaG>gaK; c.759gaG>gaS; c.759gaG>gaR; c.759gaG>gaT
28793	G	GT			28	28.0	1	GT	N	N:p.174-	coding_sequence_variant	MODIFIER	c.520Gaa>Raa; c.520Gaa>Kaa
28115	C	CT	8			8.0	1	CT	ORF8	ORF8:p.74I>M; ORF8:p.74-; ORF8:p.74I	synonymous_variant; coding_sequence_variant; missense_variant	LOW; MODIFIER; MODERATE	c.222atC>atT; c.222atC>atM; c.222atC>atG; c.222atC>atA; c.222atC>atY
27225	G	GT	5			5.0	1	GT	ORF6	ORF6:p.8Q>H; ORF6:p.9-11VTI>-; ORF6:p.8-; ORF6:p.8Q	downstream_gene_variant; missense_variant; synonymous_variant; coding_sequence_variant; inframe_deletion	MODIFIER,DISTANCE=M:34; MODERATE; LOW; MODIFIER; MODIFIER,DISTANCE=M:35	c.24caG>caT; c.24caG>caR; c.24caG>caK; c.25-33GTTACTATA>-; c.24caG>caC; c.24caG>caA
25739	A	AG			5	5.0	1	AG	ORF3a	ORF3a:p.116-; ORF3a:p.116Q>L; ORF3a:p.116Q>P; ORF3a:p.116Q>R	missense_variant; coding_sequence_variant	MODERATE; MODIFIER	c.347cAg>cGg; c.347cAg>cWg; c.347cAg>cCg; c.347cAg>cTg
14923	G	GA			14	14.0	1	GA	ORF1ab	orf1ab:p.4887V>I; orf1ab:p.4887-	missense_variant; coding_sequence_variant	MODERATE; MODIFIER	c.14659Gtc>Atc; c.14659Gtc>Rtc
29177	C	CA	6			6.0	1	CA	N	N:p.302P>T; N:p.302-; N:p.302P>S	missense_variant; coding_sequence_variant	MODERATE; MODIFIER	c.904Ccg>Ycg; c.904Ccg>Acg; c.904Ccg>Tcg
25538	G	GT	6			6.0	1	GT	ORF3a	ORF3a:p.49G>A; ORF3a:p.49-; ORF3a:p.49G>D; ORF3a:p.49G>V	missense_variant; coding_sequence_variant	MODERATE; MODIFIER	c.146gGc>gTc; c.146gGc>gRc; c.146gGc>gDc; c.146gGc>gCc; c.146gGc>gAc; c.146gGc>gKc
25526	G	GT	18			18.0	1	GT	ORF3a	ORF3a:p.45W>L; ORF3a:p.45-; ORF3a:p.45W>S	missense_variant; coding_sequence_variant	MODERATE; MODIFIER	c.134tGg>tTg; c.134tGg>tCg; c.134tGg>tKg
29036	T	TA			46	46.0	1	TA	N	N:p.255S>A; N:p.255S>P; N:p.255-	missense_variant; coding_sequence_variant	MODERATE; MODIFIER	c.763Tct>Cct; c.763Tct>Yct; c.763Tct>Gct
25521	C	CT	5			5.0	1	CT	ORF3a	ORF3a:p.43F>L; ORF3a:p.43-; ORF3a:p.43F	synonymous_variant; coding_sequence_variant; missense_variant	LOW; MODIFIER; MODERATE	c.129ttC>ttT; c.129ttC>ttG; c.129ttC>ttY; c.129ttC>ttA
162	C	CT			2647	2647.0	1	CT	5'UTR		intergenic_variant	MODIFIER	
13930	G	GT	5			5.0	1	GT	ORF1ab	orf1ab:p.4556-; orf1ab:p.4556D>H; orf1ab:p.4556D>N; orf1ab:p.4556D>Y; orf1ab:p.4556-4557DF>V	missense_variant; coding_sequence_variant; inframe_deletion	MODERATE; MODIFIER	c.13667-13669gATTtt>gtt; c.13666Gat>Cat; c.13666Gat>Rat; c.13666Gat>Aat; c.13666Gat>Kat; c.13666Gat>Tat
14796	T	TC	5			5.0	1	TC	ORF1ab	orf1ab:p.4844D	synonymous_variant	LOW	c.14532gaT>gaC
13982	G	GA			41	41.0	1	GA	ORF1ab	orf1ab:p.4573R>L; orf1ab:p.4573R>H; orf1ab:p.4573-	missense_variant; coding_sequence_variant	MODERATE; MODIFIER	c.13718cGt>cKt; c.13718cGt>cTt; c.13718cGt>cAt
8344	C	CT			1013	1013.0	1	CT	ORF1ab	orf1ab:p.2694C>X; orf1ab:p.2693-; orf1ab:p.2693D; orf1ab:p.2693D>E	coding_sequence_variant; synonymous_variant; missense_variant; frameshift_variant	MODIFIER; LOW; MODERATE; HIGH	c.8079gaC>gaG; c.8079gaC>gaT; c.8079gaC>gaA; c.8079gaC>gaY; c.8080-8081TGt>t
6606	C	CA	6			6.0	1	CA	ORF1ab	orf1ab:p.2114S>Y; orf1ab:p.2114-; orf1ab:p.2114S>C; orf1ab:p.2114S>F	missense_variant; coding_sequence_variant	MODERATE; MODIFIER	c.6341tCt>tGt; c.6341tCt>tTt; c.6341tCt>tYt; c.6341tCt>tAt
6442	A	AG	8			8.0	1	AG	ORF1ab	orf1ab:p.2059K; orf1ab:p.2059K>N; orf1ab:p.2059-	missense_variant; coding_sequence_variant; synonymous_variant	MODERATE; MODIFIER; LOW	c.6177aaA>aaG; c.6177aaA>aaT; c.6177aaA>aaR; c.6177aaA>aaC
6312	C	CA	526			526.0	1	CA	ORF1ab	orf1ab:p.2016T>R; orf1ab:p.2016T>K; orf1ab:p.2016T>X; orf1ab:p.2016T>I; orf1ab:p.2016-	missense_variant; coding_sequence_variant; frameshift_variant	MODERATE; MODIFIER; HIGH	c.6047aCa>aAa; c.6047aCa>aMa; c.6048acA>ac; c.6047aCa>aTa; c.6047aCa>aYa; c.6047aCa>aGa
6310	C	CA	423			423.0	1	CA	ORF1ab	orf1ab:p.2015S; orf1ab:p.2015S>SX; orf1ab:p.2015-; orf1ab:p.2015S>R	synonymous_variant; missense_variant; coding_sequence_variant; frameshift_variant	LOW; MODERATE; MODIFIER; HIGH	c.6045agC>agT; c.6045agC>agY; c.6045agC>agA; c.6045agC>agG; c.6045agC>agCA; c.6045agC>agM
6309	G	GA	30			30.0	1	GA	ORF1ab	orf1ab:p.2015S>T; orf1ab:p.2015S>N; orf1ab:p.2015S>I; orf1ab:p.2015-	missense_variant; coding_sequence_variant	MODERATE; MODIFIER	c.6044aGc>aAc; c.6044aGc>aRc; c.6044aGc>aKc; c.6044aGc>aCc; c.6044aGc>aTc
5744	T	TC			32	32.0	1	TC	ORF1ab	orf1ab:p.1827-; orf1ab:p.1827Y>N; orf1ab:p.1827Y>H	missense_variant; coding_sequence_variant	MODERATE; MODIFIER	c.5479Tac>Yac; c.5479Tac>Aac; c.5479Tac>Cac
5743	G	GC			34	34.0	1	GC	ORF1ab	orf1ab:p.1826E>D; orf1ab:p.1826E; orf1ab:p.1826-	missense_variant; coding_sequence_variant; synonymous_variant	MODERATE; MODIFIER; LOW	c.5478gaG>gaK; c.5478gaG>gaT; c.5478gaG>gaA; c.5478gaG>gaS; c.5478gaG>gaC
5502	G	GT	7			7.0	1	GT					
5262	C	CG			101	101.0	1	CG	ORF1ab	orf1ab:p.1666-; orf1ab:p.1666S>C	missense_variant; coding_sequence_variant	MODERATE; MODIFIER	c.4997tCt>tGt; c.4997tCt>tSt
3037	C	CT			689	689.0	1	CT	ORF1ab	orf1ab:p.924F; orf1ab:p.924-; orf1ab:p.924F>L	synonymous_variant; coding_sequence_variant; missense_variant	LOW; MODIFIER; MODERATE	c.2772ttC>ttT; c.2772ttC>ttG; c.2772ttC>ttA; c.2772ttC>ttY; c.2772ttC>ttK
1945	T	TG			4219	4219.0	1	TG	ORF1ab	orf1ab:p.560R; orf1ab:p.560-	synonymous_variant; coding_sequence_variant	LOW; MODIFIER	c.1680cgT>cgC; c.1680cgT>cgK; c.1680cgT>cgY; c.1680cgT>cgG; c.1680cgT>cgA
1919	C	CA		6		6.0	1	CA	ORF1ab	orf1ab:p.552L>V; orf1ab:p.552L>I; orf1ab:p.552L>F; orf1ab:p.552-	missense_variant; coding_sequence_variant	MODERATE; MODIFIER	c.1654Ctt>Mtt; c.1654Ctt>Ttt; c.1654Ctt>Gtt; c.1654Ctt>Ytt; c.1654Ctt>Att
1912	C	CA		9		9.0	1	CA	ORF1ab	orf1ab:p.549S; orf1ab:p.549-	synonymous_variant; coding_sequence_variant	LOW; MODIFIER	c.1647tcC>tcY; c.1647tcC>tcA; c.1647tcC>tcM; c.1647tcC>tcT
1909	C	CA		16		16.0	1	CA	ORF1ab	orf1ab:p.548F>L; orf1ab:p.548-; orf1ab:p.548F	synonymous_variant; coding_sequence_variant; missense_variant	LOW; MODIFIER; MODERATE	c.1644ttC>ttY; c.1644ttC>ttT; c.1644ttC>ttA
1859	C	CA		13		13.0	1	CA	ORF1ab	orf1ab:p.532-; orf1ab:p.532P>S; orf1ab:p.532P>T	missense_variant; coding_sequence_variant	MODERATE; MODIFIER	c.1594Cct>Tct; c.1594Cct>Yct; c.1594Cct>Act
1825	C	CA		15		15.0	1	CA	ORF1ab	orf1ab:p.520-; orf1ab:p.520A	synonymous_variant; coding_sequence_variant	LOW; MODIFIER	c.1560gcC>gcM; c.1560gcC>gcT; c.1560gcC>gcY; c.1560gcC>gcA
1820	G	GA		23		23.0	1	GA	ORF1ab	orf1ab:p.519G>C; orf1ab:p.519G>S; orf1ab:p.519-	missense_variant; coding_sequence_variant	MODERATE; MODIFIER	c.1555Ggt>Rgt; c.1555Ggt>Tgt; c.1555Ggt>Agt
1059	C	CT	43			43.0	1	CT	ORF1ab	orf1ab:p.265-; orf1ab:p.265T>N; orf1ab:p.265T>I; orf1ab:p.265-270TFNGEC>T; orf1ab:p.265T>S	missense_variant; coding_sequence_variant; inframe_deletion	MODERATE; MODIFIER	c.795-809acCTTCAATGGGGAATGt>act; c.794aCc>aGc; c.794aCc>aYc; c.794aCc>aTc; c.794aCc>aAc
9010	G	GT	5			5.0	1	GT	ORF1ab	orf1ab:p.2915L; orf1ab:p.2915-; orf1ab:p.2915L>F	synonymous_variant; coding_sequence_variant; missense_variant	LOW; MODIFIER; MODERATE	c.8745ttG>ttT; c.8745ttG>ttA; c.8745ttG>ttS; c.8745ttG>ttK; c.8745ttG>ttR
9502	C	CT		59		59.0	1	CT	ORF1ab	orf1ab:p.3079A; orf1ab:p.3080-3088FNTLLFLMS>-; orf1ab:p.3079-; orf1ab:p.3079A>AX	synonymous_variant; coding_sequence_variant; frameshift_variant; inframe_deletion	LOW; MODIFIER; HIGH; MODERATE	c.9237gcC>gcY; c.9237gcC>gcCT; c.9237gcC>gcT; c.9238-9264TTTAATACTTTACTATTCCTTATGTCA>-; c.9237gcC>gcM; c.9237gcC>gcA
9531	T	TC	5			5.0	1	TC	ORF1ab	orf1ab:p.3089F>C; orf1ab:p.3089-3096FTVLCLTP>L; orf1ab:p.3089F>S	missense_variant; inframe_deletion	MODERATE	c.9267-9287ttCACTGTACTCTGTTTAACACCa>tta; c.9266tTc>tCc; c.9266tTc>tGc
13087	A	AT	87			87.0	1	AT	ORF1ab	orf1ab:p.4274V; orf1ab:p.4274-	synonymous_variant; coding_sequence_variant	LOW; MODIFIER	c.12822gtA>gtR; c.12822gtA>gtG
13945	C	CA	6			6.0	1	CA	ORF1ab	orf1ab:p.4561P>A; orf1ab:p.4561P>S; orf1ab:p.4561-; orf1ab:p.4561P>T	missense_variant; coding_sequence_variant	MODERATE; MODIFIER	c.13681Cca>Gca; c.13681Cca>Aca; c.13681Cca>Sca; c.13681Cca>Yca; c.13681Cca>Tca
241	C	CT			3010	3010.0	1	CT	5'UTR		upstream_gene_variant	MODIFIER,DISTANCE=orf1ab:25; MODIFIER,DISTANCE=orf1ab:24	
13920	G	GT	5			5.0	1	GT	ORF1ab	orf1ab:p.4552K; orf1ab:p.4552K>N; orf1ab:p.4552-	synonymous_variant; coding_sequence_variant; missense_variant	LOW; MODIFIER; MODERATE	c.13656aaG>aaK; c.13656aaG>aaR; c.13656aaG>aaA; c.13656aaG>aaC; c.13656aaG>aaT
13853	A	AT	11			11.0	1	AT	ORF1ab	orf1ab:p.4530N>S; orf1ab:p.4530N>T; orf1ab:p.4530-	missense_variant; coding_sequence_variant	MODERATE; MODIFIER	c.13589aAt>aGt; c.13589aAt>aWt; c.13589aAt>aCt
13730	C	CT	651			651.0	1	CT	ORF1ab	orf1ab:p.4489-; orf1ab:p.4489A>V	missense_variant; coding_sequence_variant	MODERATE; MODIFIER	c.13466gCt>gTt; c.13466gCt>gYt; c.13466gCt>gSt
13693	A	AG	6			6.0	1	AG	ORF1ab	orf1ab:p.4477T>A; orf1ab:p.4477-; orf1ab:p.4477T>S	missense_variant; coding_sequence_variant	MODERATE; MODIFIER	c.13429Aca>Tca; c.13429Aca>Rca; c.13429Aca>Wca; c.13429Aca>Gca
13356	C	CT	24			24.0	1	CT	ORF1ab	orf1ab:p.4364-; orf1ab:p.4364T>I; orf1ab:p.4364T>K	missense_variant; coding_sequence_variant	MODERATE; MODIFIER	c.13091aCa>aYa; c.13091aCa>aTa; c.13091aCa>aAa
13348	G	GT	6			6.0	1	GT	ORF1ab	orf1ab:p.4361V; orf1ab:p.4361-	synonymous_variant; coding_sequence_variant	LOW; MODIFIER	c.13083gtG>gtK; c.13083gtG>gtR; c.13083gtG>gtA; c.13083gtG>gtC; c.13083gtG>gtT
13047	C	CT	13			13.0	1	CT	ORF1ab	orf1ab:p.4261P>H; orf1ab:p.4261-; orf1ab:p.4261P>L	coding_sequence_variant; missense_variant	MODIFIER; MODERATE	c.12782cCt>cTt; c.12782cCt>cYt; c.12782cCt>cAt
11083	G	GT	17			17.0	1	GT	ORF1ab	orf1ab:p.3606L; orf1ab:p.3606-; orf1ab:p.3606L>F	missense_variant; coding_sequence_variant; synonymous_variant	MODERATE; MODIFIER; LOW	c.10818ttG>ttK; c.10818ttG>ttA; c.10818ttG>ttC; c.10818ttG>ttT; c.10818ttG>ttW; c.10818ttG>ttS
13040	G	GT	142			142.0	1	GT					
12890	C	CT	453			453.0	1	CT	ORF1ab	orf1ab:p.4209L>V; orf1ab:p.4209L; orf1ab:p.4209-; orf1ab:p.4209L>M	coding_sequence_variant; synonymous_variant; missense_variant	MODIFIER; LOW; MODERATE	c.12625Ctg>Ttg; c.12625Ctg>Gtg; c.12625Ctg>Stg; c.12625Ctg>Ytg; c.12625Ctg>Atg
12850	A	AT	515			515.0	1	AT	ORF1ab	orf1ab:p.4195R>S; orf1ab:p.4195-; orf1ab:p.4195R	synonymous_variant; coding_sequence_variant; missense_variant	LOW; MODIFIER; MODERATE	c.12585agA>agR; c.12585agA>agT; c.12585agA>agG
12158	G	GT	18			18.0	1	GT	ORF1ab	orf1ab:p.3965E>K	missense_variant	MODERATE	c.11893Gag>Aag
12024	C	CA	26			26.0	1	CA	ORF1ab	orf1ab:p.3920-; orf1ab:p.3920S>C; orf1ab:p.3920S>F; orf1ab:p.3920-3927SMQGAVDI>S	missense_variant; coding_sequence_variant; inframe_deletion	MODERATE; MODIFIER	c.11759tCc>tTc; c.11759tCc>tGc; c.11759tCc>tYc; c.11760-11780tcCATGCAGGGTGCTGTAGACATa>tca
12005	C	CT			20	20.0	1	CT	ORF1ab	orf1ab:p.3914L>I; orf1ab:p.3914L>V; orf1ab:p.3914L; orf1ab:p.3914-	synonymous_variant; coding_sequence_variant; missense_variant	LOW; MODIFIER; MODERATE	c.11740Cta>Yta; c.11740Cta>Ata; c.11740Cta>Tta; c.11740Cta>Gta
11990	G	GT	23			23.0	1	GT	ORF1ab	orf1ab:p.3909E>X; orf1ab:p.3909E>EX; orf1ab:p.3909-; orf1ab:p.3909E>K; orf1ab:p.3909E>*	coding_sequence_variant; frameshift_variant; missense_variant; stop_gained	MODIFIER; HIGH; MODERATE	c.11725Gaa>Aaa; c.11725Gaa>Raa; c.11725Gaa>GAaa; c.11726-11727gAA>g; c.11725Gaa>Taa; c.11726gAa>ga
11929	G	GT	13			13.0	1	GT	ORF1ab	orf1ab:p.3888W>C	missense_variant	MODERATE	c.11664tgG>tgT
29402	G	GT	128			128.0	1	GT	N	N:p.377D>Y; N:p.377D>H; N:p.377-; N:p.377D>N	missense_variant; coding_sequence_variant	MODERATE; MODIFIER	c.1129Gat>Tat; c.1129Gat>Aat; c.1129Gat>Cat; c.1129Gat>Yat; c.1129Gat>Kat
