Position	Reference	Sub	A680	77798	NCDC-777797	Avg	Count	Count (>= 0.8)	Editing Sub	Gene	Amino acids change	Annotation Type	Calculated variant consequences	Variation Codons
14408	C	CT	0.254	0.978	1.0	0.744	3	2	CT	ORF1ab	orf1ab:p.4715P>L; orf1ab:p.4715P>H; orf1ab:p.4715-; orf1ab:p.4715P>R	missense_variant; coding_sequence_variant	MODERATE; MODIFIER	c.14144cCt>cTt; c.14144cCt>cGt; c.14144cCt>cYt; c.14144cCt>cAt; c.14144cCt>cKt
15772	A	AT	0.144	1.0	1.0	0.715	3	2	AT	ORF1ab	orf1ab:p.5170S>C; orf1ab:p.5170S>G	missense_variant	MODERATE	c.15508Agc>Tgc; c.15508Agc>Ggc
17944	G	GT	0.407	0.996	1.0	0.801	3	2	GT	ORF1ab	orf1ab:p.5894V>L; orf1ab:p.5894V>I; orf1ab:p.5894-	missense_variant; coding_sequence_variant	MODERATE; MODIFIER	c.17680Gta>Tta; c.17680Gta>Ata; c.17680Gta>Rta; c.17680Gta>Kta
18877	C	CT	0.118	0.985	1.0	0.701	3	2	CT	ORF1ab	orf1ab:p.6205L; orf1ab:p.6205-; orf1ab:p.6205L>I	synonymous_variant; coding_sequence_variant; missense_variant	LOW; MODIFIER; MODERATE	c.18613Cta>Yta; c.18613Cta>Ata; c.18613Cta>Tta
23403	A	AG	0.729	0.997	1.0	0.909	3	2	AG	S	S:p.614-; S:p.614D>G; S:p.614D>A	missense_variant; coding_sequence_variant	MODERATE; MODIFIER	c.1841gAt>gGt; c.1841gAt>gRt; c.1841gAt>gCt; c.1841gAt>gMt
25555	G	GT	0.121	0.98	1.0	0.7	3	2	GT	ORF3a	ORF3a:p.55V>F; ORF3a:p.55V>VX; ORF3a:p.55V>I; ORF3a:p.55-; ORF3a:p.55V>L; ORF3a:p.55V>X; ORF3a:p.55-70VFQSASKIITLKKRWQ>E	missense_variant; coding_sequence_variant; frameshift_variant; inframe_deletion	MODERATE; MODIFIER; HIGH	c.163Gtt>Stt; c.163Gtt>Rtt; c.164-165gTT>g; c.163Gtt>Ttt; c.164gTt>gt; c.164-208gTTTTTCAGAGCGCTTCCAAAATCATAACCCTCAAAAAGAGATGGCaa>gaa; c.163Gtt>Ctt; c.163Gtt>GTtt; c.163Gtt>Ktt; c.163Gtt>Att
4900	C	CT	0.062	0.99	1.0	0.684	3	2	CT	ORF1ab	orf1ab:p.1545-; orf1ab:p.1545H>Q; orf1ab:p.1545H	synonymous_variant; missense_variant; coding_sequence_variant	LOW; MODERATE; MODIFIER	c.4635caC>caM; c.4635caC>caT; c.4635caC>caA; c.4635caC>caY
4901	C	CA	0.062	0.99	1.0	0.684	3	2	CA	ORF1ab	orf1ab:p.1546-; orf1ab:p.1546L; orf1ab:p.1546L>I	coding_sequence_variant; missense_variant; synonymous_variant	MODIFIER; MODERATE; LOW	c.4636Cta>Yta; c.4636Cta>Tta; c.4636Cta>Ata
11595	A	AG	0.136	0.98	0.999	0.705	3	2	AG	ORF1ab	orf1ab:p.3777Q>R; orf1ab:p.3777-; orf1ab:p.3777-3778QC>QX	missense_variant; coding_sequence_variant; frameshift_variant	MODERATE; MODIFIER; HIGH	c.11330cAg>cRg; c.11330cAg>cGg; c.11331-11332caGTgt>cagt
25563	G	GT	0.203	0.983	1.0	0.729	3	2	GT	ORF3a	ORF3a:p.57Q>H; ORF3a:p.57Q; ORF3a:p.57-	missense_variant; coding_sequence_variant; synonymous_variant	MODERATE; MODIFIER; LOW	c.171caG>caY; c.171caG>caR; c.171caG>caS; c.171caG>caT; c.171caG>caK; c.171caG>caA; c.171caG>caB; c.171caG>caC
28854	C	CT		1.0	1.0	1.0	2	2	CT	N	N:p.194-; N:p.194-210SRNSTPGSSRGTSPARM>S; N:p.194-196SRN>S; N:p.194-195SR>S; N:p.194S>L	missense_variant; coding_sequence_variant; inframe_deletion	MODERATE; MODIFIER	c.581tCa>tYa; c.581tCa>tTa; c.582-587tcAAGAAAt>tct; c.582-629tcAAGAAATTCAACTCCAGGCAGCAGTAGGGGAACTTCTCCTGCTAGAATg>tcg; c.582-584tcAAGa>tca
23202	C	CA	0.534	0.014		0.274	2	0	CA	S	S:p.547T>K; S:p.547T>I; S:p.547-	missense_variant; coding_sequence_variant	MODERATE; MODIFIER	c.1640aCa>aMa; c.1640aCa>aYa; c.1640aCa>aAa; c.1640aCa>aTa
12880	C	CT	0.274		1.0	0.637	2	1	CT	ORF1ab	orf1ab:p.4205I; orf1ab:p.4205-	synonymous_variant; coding_sequence_variant	LOW; MODIFIER	c.12615atC>atA; c.12615atC>atY; c.12615atC>atM; c.12615atC>atT
25626	C	CT		0.043	0.047	0.045	2	0	CT	ORF3a	ORF3a:p.78-; ORF3a:p.78H>HX; ORF3a:p.78H; ORF3a:p.79F>X; ORF3a:p.78H>Q; ORF3a:p.79-80FV>X	synonymous_variant; coding_sequence_variant; frameshift_variant; missense_variant	LOW; MODIFIER; HIGH; MODERATE	c.234caC>caT; c.234caC>caY; c.235Ttt>tt; c.234caC>caCT; c.234caC>caA; c.234caC>caG; c.235-238TTTGtt>tt
9419	A	AG		0.998	1.0	0.999	2	2	AG	ORF1ab	orf1ab:p.3052I>F; orf1ab:p.3052-; orf1ab:p.3052I>V; orf1ab:p.3052I>L	missense_variant; coding_sequence_variant	MODERATE; MODIFIER	c.9154Att>Gtt; c.9154Att>Ttt; c.9154Att>Rtt; c.9154Att>Ctt
26735	C	CT	0.147		1.0	0.574	2	1	CT	M	M:p.71-; M:p.71Y	synonymous_variant; coding_sequence_variant	LOW; MODIFIER	c.213taC>taT; c.213taC>taY
1707	C	CT	0.315	0.181		0.248	2	0	CT	ORF1ab	orf1ab:p.481-; orf1ab:p.481S>Y; orf1ab:p.481S>F	missense_variant; coding_sequence_variant	MODERATE; MODIFIER	c.1442tCt>tYt; c.1442tCt>tTt; c.1442tCt>tMt; c.1442tCt>tAt
5893	C	CT	0.367		0.999	0.683	2	1	CT	ORF1ab	orf1ab:p.1876-; orf1ab:p.1876T	synonymous_variant; coding_sequence_variant	LOW; MODIFIER	c.5628acC>acT; c.5628acC>acA; c.5628acC>acY
28793	G	GT			0.02	0.02	1	0	GT	N	N:p.174-	coding_sequence_variant	MODIFIER	c.520Gaa>Raa; c.520Gaa>Kaa
23929	C	CT	0.75			0.75	1	0	CT	S	S:p.789Y; S:p.790K>X; S:p.789-	synonymous_variant; coding_sequence_variant; frameshift_variant	LOW; MODIFIER; HIGH	c.2367taC>taT; c.2368Aaa>aa; c.2367taC>taY
29231	A	AT	0.098			0.098	1	0	AT	N	N:p.320I>L; N:p.320-; N:p.320I>V; N:p.320I>F	missense_variant; coding_sequence_variant	MODERATE; MODIFIER	c.958Att>Ttt; c.958Att>Gtt; c.958Att>Ctt; c.958Att>Rtt; c.958Att>Wtt
29188	A	AG	0.012			0.012	1	0	AG	N	N:p.305-; N:p.305A	synonymous_variant; coding_sequence_variant	LOW; MODIFIER	c.915gcA>gcG; c.915gcA>gcT; c.915gcA>gcC; c.915gcA>gcR
19169	T	TA	0.013			0.013	1	0	TA	ORF1ab	orf1ab:p.6302-	coding_sequence_variant	MODIFIER	c.18905tTc>tYc
21792	A	AT	0.106			0.106	1	0	AT	S	S:p.77K>M; S:p.77K>T; S:p.77-; S:p.77K>R	missense_variant; coding_sequence_variant	MODERATE; MODIFIER	c.230aAg>aGg; c.230aAg>aMg; c.230aAg>aTg; c.230aAg>aCg
22444	C	CT			1.0	1.0	1	1	CT	S	S:p.294D>E; S:p.294D; S:p.294-	synonymous_variant; coding_sequence_variant; missense_variant	LOW; MODIFIER; MODERATE	c.882gaC>gaH; c.882gaC>gaM; c.882gaC>gaA; c.882gaC>gaG; c.882gaC>gaY; c.882gaC>gaT
29187	C	CT	0.012			0.012	1	0	CT	N	N:p.305-; N:p.305A>V	coding_sequence_variant; missense_variant	MODIFIER; MODERATE	c.914gCa>gYa; c.914gCa>gTa
23358	C	CT	0.075			0.075	1	0	CT	S	S:p.599T>I; S:p.599-	missense_variant; coding_sequence_variant	MODERATE; MODIFIER	c.1796aCa>aYa; c.1796aCa>aTa
29087	C	CT	0.069			0.069	1	0	CT	N	N:p.272-; N:p.272Q>K	coding_sequence_variant; missense_variant	MODIFIER; MODERATE	c.814Caa>Aaa; c.814Caa>Saa; c.814Caa>Yaa
25526	G	GT	0.02			0.02	1	0	GT	ORF3a	ORF3a:p.45W>L; ORF3a:p.45-; ORF3a:p.45W>S	missense_variant; coding_sequence_variant	MODERATE; MODIFIER	c.134tGg>tTg; c.134tGg>tCg; c.134tGg>tKg
28115	C	CT	0.348			0.348	1	0	CT	ORF8	ORF8:p.74I>M; ORF8:p.74-; ORF8:p.74I	synonymous_variant; coding_sequence_variant; missense_variant	LOW; MODIFIER; MODERATE	c.222atC>atT; c.222atC>atM; c.222atC>atG; c.222atC>atA; c.222atC>atY
29039	A	AT			0.016	0.016	1	0	AT	N	N:p.256K>*; N:p.256K>E; N:p.256-	stop_gained; missense_variant; coding_sequence_variant	HIGH; MODERATE; MODIFIER	c.766Aag>Gag; c.766Aag>Wag; c.766Aag>Tag
29036	T	TA			0.015	0.015	1	0	TA	N	N:p.255S>A; N:p.255S>P; N:p.255-	missense_variant; coding_sequence_variant	MODERATE; MODIFIER	c.763Tct>Cct; c.763Tct>Yct; c.763Tct>Gct
29035	T	TC			0.021	0.021	1	0	TC	N	N:p.254A; N:p.254-	synonymous_variant; coding_sequence_variant	LOW; MODIFIER	c.762gcT>gcG; c.762gcT>gcW; c.762gcT>gcA; c.762gcT>gcC; c.762gcT>gcY
29033	G	GT			0.032	0.032	1	0	GT	N	N:p.254-255AS>A; N:p.254A>T; N:p.254A>S; N:p.254-	missense_variant; coding_sequence_variant; inframe_deletion	MODERATE; MODIFIER	c.761-763gCTTct>gct; c.760Gct>Tct; c.760Gct>Sct; c.760Gct>Kct; c.760Gct>Rct; c.760Gct>Act
25611	C	CA	0.086			0.086	1	0	CA	ORF3a	ORF3a:p.73L; ORF3a:p.73-	synonymous_variant; coding_sequence_variant	LOW; MODIFIER	c.219ctC>ctY; c.219ctC>ctS; c.219ctC>ctT; c.219ctC>ctM; c.219ctC>ctA; c.219ctC>ctG
29032	G	GC			0.025	0.025	1	0	GC	N	N:p.253E; N:p.253-; N:p.253E>D	synonymous_variant; missense_variant; coding_sequence_variant	LOW; MODERATE; MODIFIER	c.759gaG>gaC; c.759gaG>gaA; c.759gaG>gaK; c.759gaG>gaS; c.759gaG>gaR; c.759gaG>gaT
16887	C	CT			1.0	1.0	1	1	CT	ORF1ab	orf1ab:p.5541-; orf1ab:p.5541Y>*; orf1ab:p.5541Y	synonymous_variant; coding_sequence_variant; stop_gained	LOW; MODIFIER; HIGH	c.16623taC>taT; c.16623taC>taA; c.16623taC>taY
27225	G	GT	0.018			0.018	1	0	GT	ORF6	ORF6:p.8Q>H; ORF6:p.9-11VTI>-; ORF6:p.8-; ORF6:p.8Q	downstream_gene_variant; missense_variant; synonymous_variant; coding_sequence_variant; inframe_deletion	MODIFIER,DISTANCE=M:34; MODERATE; LOW; MODIFIER; MODIFIER,DISTANCE=M:35	c.24caG>caT; c.24caG>caR; c.24caG>caK; c.25-33GTTACTATA>-; c.24caG>caC; c.24caG>caA
17167	C	CT	0.279			0.279	1	0	CT	ORF1ab	orf1ab:p.5635-; orf1ab:p.5635H>N	coding_sequence_variant; missense_variant	MODIFIER; MODERATE	c.16903Cat>Aat; c.16903Cat>Yat
162	C	CT			1.0	1.0	1	1	CT	5'UTR		intergenic_variant	MODIFIER	
16394	C	CA	0.171			0.171	1	0	CA	ORF1ab	orf1ab:p.5377P>Q; orf1ab:p.5377-; orf1ab:p.5377P>L	missense_variant; coding_sequence_variant	MODERATE; MODIFIER	c.16130cCa>cAa; c.16130cCa>cMa; c.16130cCa>cTa; c.16130cCa>cYa
14796	T	TC	0.03			0.03	1	0	TC	ORF1ab	orf1ab:p.4844D	synonymous_variant	LOW	c.14532gaT>gaC
1059	C	CT	0.123			0.123	1	0	CT	ORF1ab	orf1ab:p.265-; orf1ab:p.265T>N; orf1ab:p.265T>I; orf1ab:p.265-270TFNGEC>T; orf1ab:p.265T>S	missense_variant; coding_sequence_variant; inframe_deletion	MODERATE; MODIFIER	c.795-809acCTTCAATGGGGAATGt>act; c.794aCc>aGc; c.794aCc>aYc; c.794aCc>aTc; c.794aCc>aAc
1730	G	GA		0.014		0.014	1	0	GA	ORF1ab	orf1ab:p.489-; orf1ab:p.489E>K	missense_variant; coding_sequence_variant	MODERATE; MODIFIER	c.1465Gaa>Raa; c.1465Gaa>Aaa; c.1465Gaa>Saa
1909	C	CA		0.017		0.017	1	0	CA	ORF1ab	orf1ab:p.548F>L; orf1ab:p.548-; orf1ab:p.548F	synonymous_variant; coding_sequence_variant; missense_variant	LOW; MODIFIER; MODERATE	c.1644ttC>ttY; c.1644ttC>ttT; c.1644ttC>ttA
1912	C	CA		0.01		0.01	1	0	CA	ORF1ab	orf1ab:p.549S; orf1ab:p.549-	synonymous_variant; coding_sequence_variant	LOW; MODIFIER	c.1647tcC>tcY; c.1647tcC>tcA; c.1647tcC>tcM; c.1647tcC>tcT
1945	T	TG			0.998	0.998	1	1	TG	ORF1ab	orf1ab:p.560R; orf1ab:p.560-	synonymous_variant; coding_sequence_variant	LOW; MODIFIER	c.1680cgT>cgC; c.1680cgT>cgK; c.1680cgT>cgY; c.1680cgT>cgG; c.1680cgT>cgA
3037	C	CT			1.0	1.0	1	1	CT	ORF1ab	orf1ab:p.924F; orf1ab:p.924-; orf1ab:p.924F>L	synonymous_variant; coding_sequence_variant; missense_variant	LOW; MODIFIER; MODERATE	c.2772ttC>ttT; c.2772ttC>ttG; c.2772ttC>ttA; c.2772ttC>ttY; c.2772ttC>ttK
5262	C	CG			0.048	0.048	1	0	CG	ORF1ab	orf1ab:p.1666-; orf1ab:p.1666S>C	missense_variant; coding_sequence_variant	MODERATE; MODIFIER	c.4997tCt>tGt; c.4997tCt>tSt
5502	G	GT	0.015			0.015	1	0	GT					
5743	G	GC			0.01	0.01	1	0	GC	ORF1ab	orf1ab:p.1826E>D; orf1ab:p.1826E; orf1ab:p.1826-	missense_variant; coding_sequence_variant; synonymous_variant	MODERATE; MODIFIER; LOW	c.5478gaG>gaK; c.5478gaG>gaT; c.5478gaG>gaA; c.5478gaG>gaS; c.5478gaG>gaC
6309	G	GA	0.019			0.019	1	0	GA	ORF1ab	orf1ab:p.2015S>T; orf1ab:p.2015S>N; orf1ab:p.2015S>I; orf1ab:p.2015-	missense_variant; coding_sequence_variant	MODERATE; MODIFIER	c.6044aGc>aAc; c.6044aGc>aRc; c.6044aGc>aKc; c.6044aGc>aCc; c.6044aGc>aTc
6310	C	CA	0.259			0.259	1	0	CA	ORF1ab	orf1ab:p.2015S; orf1ab:p.2015S>SX; orf1ab:p.2015-; orf1ab:p.2015S>R	synonymous_variant; missense_variant; coding_sequence_variant; frameshift_variant	LOW; MODERATE; MODIFIER; HIGH	c.6045agC>agT; c.6045agC>agY; c.6045agC>agA; c.6045agC>agG; c.6045agC>agCA; c.6045agC>agM
6312	C	CA	0.32			0.32	1	0	CA	ORF1ab	orf1ab:p.2016T>R; orf1ab:p.2016T>K; orf1ab:p.2016T>X; orf1ab:p.2016T>I; orf1ab:p.2016-	missense_variant; coding_sequence_variant; frameshift_variant	MODERATE; MODIFIER; HIGH	c.6047aCa>aAa; c.6047aCa>aMa; c.6048acA>ac; c.6047aCa>aTa; c.6047aCa>aYa; c.6047aCa>aGa
6606	C	CA	0.015			0.015	1	0	CA	ORF1ab	orf1ab:p.2114S>Y; orf1ab:p.2114-; orf1ab:p.2114S>C; orf1ab:p.2114S>F	missense_variant; coding_sequence_variant	MODERATE; MODIFIER	c.6341tCt>tGt; c.6341tCt>tTt; c.6341tCt>tYt; c.6341tCt>tAt
8344	C	CT			0.999	0.999	1	1	CT	ORF1ab	orf1ab:p.2694C>X; orf1ab:p.2693-; orf1ab:p.2693D; orf1ab:p.2693D>E	coding_sequence_variant; synonymous_variant; missense_variant; frameshift_variant	MODIFIER; LOW; MODERATE; HIGH	c.8079gaC>gaG; c.8079gaC>gaT; c.8079gaC>gaA; c.8079gaC>gaY; c.8080-8081TGt>t
9502	C	CT		0.024		0.024	1	0	CT	ORF1ab	orf1ab:p.3079A; orf1ab:p.3080-3088FNTLLFLMS>-; orf1ab:p.3079-; orf1ab:p.3079A>AX	synonymous_variant; coding_sequence_variant; frameshift_variant; inframe_deletion	LOW; MODIFIER; HIGH; MODERATE	c.9237gcC>gcY; c.9237gcC>gcCT; c.9237gcC>gcT; c.9238-9264TTTAATACTTTACTATTCCTTATGTCA>-; c.9237gcC>gcM; c.9237gcC>gcA
9531	T	TC	0.034			0.034	1	0	TC	ORF1ab	orf1ab:p.3089F>C; orf1ab:p.3089-3096FTVLCLTP>L; orf1ab:p.3089-; orf1ab:p.3089F>S	missense_variant; coding_sequence_variant; inframe_deletion	MODERATE; MODIFIER	c.9266tTc>tYc; c.9267-9287ttCACTGTACTCTGTTTAACACCa>tta; c.9266tTc>tCc; c.9266tTc>tKc; c.9266tTc>tGc
11083	G	GT	0.548			0.548	1	0	GT	ORF1ab	orf1ab:p.3606L; orf1ab:p.3606-; orf1ab:p.3606L>F	missense_variant; coding_sequence_variant; synonymous_variant	MODERATE; MODIFIER; LOW	c.10818ttG>ttK; c.10818ttG>ttA; c.10818ttG>ttC; c.10818ttG>ttT; c.10818ttG>ttW; c.10818ttG>ttS
12850	A	AT	0.549			0.549	1	0	AT	ORF1ab	orf1ab:p.4195R>S; orf1ab:p.4195-; orf1ab:p.4195R	synonymous_variant; coding_sequence_variant; missense_variant	LOW; MODIFIER; MODERATE	c.12585agA>agR; c.12585agA>agT; c.12585agA>agG
12890	C	CT	0.562			0.562	1	0	CT	ORF1ab	orf1ab:p.4209L>V; orf1ab:p.4209L; orf1ab:p.4209-; orf1ab:p.4209L>M	coding_sequence_variant; synonymous_variant; missense_variant	MODIFIER; LOW; MODERATE	c.12625Ctg>Ttg; c.12625Ctg>Gtg; c.12625Ctg>Stg; c.12625Ctg>Ytg; c.12625Ctg>Atg
13040	G	GT	0.069			0.069	1	0	GT					
13087	A	AT	0.027			0.027	1	0	AT	ORF1ab	orf1ab:p.4274V; orf1ab:p.4274-	synonymous_variant; coding_sequence_variant	LOW; MODIFIER	c.12822gtA>gtR; c.12822gtA>gtG
13356	C	CT	0.033			0.033	1	0	CT	ORF1ab	orf1ab:p.4364-; orf1ab:p.4364T>I; orf1ab:p.4364T>K	missense_variant; coding_sequence_variant	MODERATE; MODIFIER	c.13091aCa>aYa; c.13091aCa>aTa; c.13091aCa>aAa
13730	C	CT	0.646			0.646	1	0	CT	ORF1ab	orf1ab:p.4489-4490AK>X; orf1ab:p.4489-; orf1ab:p.4489A>V	missense_variant; coding_sequence_variant; frameshift_variant	MODERATE; MODIFIER; HIGH	c.13466gCt>gTt; c.13466gCt>gYt; c.13466gCt>gSt; c.13467-13470gcTAAA>gc
13853	A	AT	0.011			0.011	1	0	AT	ORF1ab	orf1ab:p.4530N>S; orf1ab:p.4530N>T; orf1ab:p.4530-	missense_variant; coding_sequence_variant	MODERATE; MODIFIER	c.13589aAt>aGt; c.13589aAt>aWt; c.13589aAt>aCt
13945	C	CA	0.013			0.013	1	0	CA	ORF1ab	orf1ab:p.4561P>A; orf1ab:p.4561P>S; orf1ab:p.4561-; orf1ab:p.4561P>T	missense_variant; coding_sequence_variant	MODERATE; MODIFIER	c.13681Cca>Gca; c.13681Cca>Aca; c.13681Cca>Sca; c.13681Cca>Yca; c.13681Cca>Tca
13982	G	GA			0.01	0.01	1	0	GA	ORF1ab	orf1ab:p.4573R>L; orf1ab:p.4573R>H; orf1ab:p.4573-	missense_variant; coding_sequence_variant	MODERATE; MODIFIER	c.13718cGt>cKt; c.13718cGt>cTt; c.13718cGt>cAt
241	C	CT			0.999	0.999	1	1	CT	5'UTR		upstream_gene_variant	MODIFIER,DISTANCE=orf1ab:25; MODIFIER,DISTANCE=orf1ab:24	
29402	G	GT	0.452			0.452	1	0	GT	N	N:p.377D>Y; N:p.377D>H; N:p.377-; N:p.377D>N	missense_variant; coding_sequence_variant	MODERATE; MODIFIER	c.1129Gat>Tat; c.1129Gat>Aat; c.1129Gat>Cat; c.1129Gat>Yat; c.1129Gat>Kat
