Position	Reference	Sub	ILSCV16012_P7	ILSCV18534	ILSCV12752_P7	ILSCV20557_P7	ILSCV18534_P7	ILSCV12752	ILSCV16809_P7	ILSCV17568_P7	ILSCV24694	ILSCV17741_P7	ILSCV24694_P7	ILSCV20557	ILSCV13907_P7	ILSCV16809	ILSCV20165_P7	ILSCV20165	ILSCV16012	ILSCV19192_P7	ILSCV19192	ILSCV13907	ILSCV17741	ILSCV17568	Avg	Count	Editing Sub	Gene	Amino acids change	Annotation Type	Calculated variant consequences	Variation Codons
23403	A	AG	25	947		2076	3185		2620	2021	2659	164	2092	2867	222	1448.0	28			582				2208.0	1542.93	15	AG	S	S:p.614-; S:p.614D>G; S:p.614D>A	missense_variant; coding_sequence_variant	MODERATE; MODIFIER	c.1841gAt>gGt; c.1841gAt>gRt; c.1841gAt>gCt; c.1841gAt>gMt
29029	T	TC	16	6			28	106			14		15	33		10.0		8.0	7		29	53	20	13.0	25.57	14	TC	N	N:p.252-; N:p.252A	synonymous_variant; coding_sequence_variant	LOW; MODIFIER	c.756gcT>gcA; c.756gcT>gcY; c.756gcT>gcC; c.756gcT>gcK; c.756gcT>gcG
3037	C	CT				232	200.0		337	1243	163	43	144	273	441.0	160.0	14.0			19				183.0	265.54	13	CT	ORF1ab	orf1ab:p.924F; orf1ab:p.924-; orf1ab:p.924F>L	synonymous_variant; coding_sequence_variant; missense_variant	LOW; MODIFIER; MODERATE	c.2772ttC>ttT; c.2772ttC>ttG; c.2772ttC>ttA; c.2772ttC>ttY; c.2772ttC>ttK
241	C	CT		614		957.0	1691.0		1099.0	1140	2265.0	17.0	1049.0	2882.0	43.0	1212.0				21.0				2166.0	1165.85	13	CT	5'UTR		upstream_gene_variant	MODIFIER,DISTANCE=orf1ab:25; MODIFIER,DISTANCE=orf1ab:24	
14408	C	CT				1928	3449		2683	2206	312	172	1928	403	2764	44.0				152				184.0	1352.08	12	CT	ORF1ab	orf1ab:p.4715P>L; orf1ab:p.4715P>H; orf1ab:p.4715-; orf1ab:p.4715P>R	missense_variant; coding_sequence_variant	MODERATE; MODIFIER	c.14144cCt>cTt; c.14144cCt>cGt; c.14144cCt>cYt; c.14144cCt>cAt; c.14144cCt>cKt
28144	T	TC	2425		2510					382		2576	107		1569		2830	835.0	643	1757		2323	1471		1619.0	12	TC	ORF8	ORF8:p.84L>X; ORF8:p.84L>S; ORF8:p.84L>*; ORF8:p.84-; ORF8:p.84-89LPFTIN>LX	missense_variant; coding_sequence_variant; stop_gained; frameshift_variant	MODERATE; MODIFIER; HIGH	c.251tTa>tGa; c.252-265ttACCTTTTACAATTAat>ttat; c.251tTa>tCa; c.251tTa>tAa; c.252ttA>tt; c.251tTa>tYa
28878	G	GA	426		403					45		365	12		328		332	104.0	54	125		579	271		253.67	12	GA	N	N:p.202-207SRGTSP>S; N:p.202S>T; N:p.202-206SRGTS>S; N:p.202-; N:p.202-208SRGTSPA>S; N:p.202-208SRGTSPA>N; N:p.202S>I; N:p.202S>N	missense_variant; coding_sequence_variant; inframe_deletion; protein_altering_variant	MODERATE; MODIFIER	c.606-617agTAGGGGAACTTCt>agt; c.605aGt>aTt; c.605aGt>aRt; c.605aGt>aSt; c.605aGt>aAt; c.605-623aGTAGGGGAACTTCTCCTGCt>aAt; c.606-620agTAGGGGAACTTCTCCt>agt; c.605aGt>aKt; c.605-623aGTAGGGGAACTTCTCCTGCt>aGt; c.605aGt>aCt
5262	C	CG	129		37.0	14	37			6		83	26		50		58.0			7					44.7	10	CG	ORF1ab	orf1ab:p.1666-; orf1ab:p.1666S>C	missense_variant; coding_sequence_variant	MODERATE; MODIFIER	c.4997tCt>tGt; c.4997tCt>tSt
22468	G	GT	969		885.0		14			107		674	24				848			399		74.0	20		401.4	10	GT	S	S:p.302T; S:p.302-	synonymous_variant; coding_sequence_variant	LOW; MODIFIER	c.906acG>acC; c.906acG>acT; c.906acG>acR; c.906acG>acK; c.906acG>acA
26554	A	AG		13				97			14			42		23.0		19.0				139.0	66	19.0	48.0	9	AG	M	M:p.11-; M:p.11E>G; M:p.11E>V; M:p.11E>A	downstream_gene_variant; missense_variant; coding_sequence_variant	MODIFIER,DISTANCE=E:82; MODERATE; MODIFIER	c.32gAa>gRa; c.32gAa>gGa; c.32gAa>gWa; c.32gAa>gCa; c.32gAa>gTa; c.32gAa>gMa
5744	T	TC	21		29.0	19	40			15		22	31		24					10					23.44	9	TC	ORF1ab	orf1ab:p.1827-; orf1ab:p.1827Y>N; orf1ab:p.1827Y>H	missense_variant; coding_sequence_variant	MODERATE; MODIFIER	c.5479Tac>Yac; c.5479Tac>Aac; c.5479Tac>Cac
8782	C	CT	770		590.0					86		680	30		422		616.0			194					423.5	8	CT	ORF1ab	orf1ab:p.2839S; orf1ab:p.2839-	synonymous_variant; coding_sequence_variant	LOW; MODIFIER	c.8517agC>agY; c.8517agC>agT
2240	A	AT						49			18.0			21				7.0			7.0	31.0	7	5.0	18.12	8	AT	ORF1ab	orf1ab:p.659I>F; orf1ab:p.659-; orf1ab:p.659I>V; orf1ab:p.659I>L	missense_variant; coding_sequence_variant	MODERATE; MODIFIER	c.1975Att>Ctt; c.1975Att>Rtt; c.1975Att>Wtt; c.1975Att>Gtt; c.1975Att>Ttt
25563	G	GT		26		1813	2920		2063	26		28	1933		471										1160.0	8	GT	ORF3a	ORF3a:p.57Q>H; ORF3a:p.57Q; ORF3a:p.57-	missense_variant; coding_sequence_variant; synonymous_variant	MODERATE; MODIFIER; LOW	c.171caG>caY; c.171caG>caR; c.171caG>caS; c.171caG>caT; c.171caG>caK; c.171caG>caA; c.171caG>caB; c.171caG>caC
10138	C	CT	2146		2872.0					340		2375			808					2094		69.0			1529.14	7	CT	ORF1ab	orf1ab:p.3291-; orf1ab:p.3291N	synonymous_variant; coding_sequence_variant	LOW; MODIFIER	c.9873aaC>aaY; c.9873aaC>aaT
10702	C	CT	1817		2275.0					291		2043			883					1487		88.0			1269.14	7	CT	ORF1ab	orf1ab:p.3479D; orf1ab:p.3479-; orf1ab:p.3479D>E	synonymous_variant; coding_sequence_variant; missense_variant	LOW; MODIFIER; MODERATE	c.10437gaC>gaM; c.10437gaC>gaT; c.10437gaC>gaA; c.10437gaC>gaY
12458	A	AG						16						9		6.0					6.0	14.0	10	6.0	9.57	7	AG	ORF1ab	orf1ab:p.4065-; orf1ab:p.4065T>A	missense_variant; coding_sequence_variant	MODERATE; MODIFIER	c.12193Aca>Rca; c.12193Aca>Gca
2143	C	CT	2003		2681.0					224		1725			1743.0					1102		706.0			1454.86	7	CT	ORF1ab	orf1ab:p.626P; orf1ab:p.626-	coding_sequence_variant; synonymous_variant	MODIFIER; LOW	c.1878ccC>ccY; c.1878ccC>ccA; c.1878ccC>ccS; c.1878ccC>ccM; c.1878ccC>ccT
5743	G	GC	19		27.0	17	40					21	30		27										25.86	7	GC	ORF1ab	orf1ab:p.1826E>D; orf1ab:p.1826E; orf1ab:p.1826-	missense_variant; coding_sequence_variant; synonymous_variant	MODERATE; MODIFIER; LOW	c.5478gaG>gaK; c.5478gaG>gaT; c.5478gaG>gaA; c.5478gaG>gaS; c.5478gaG>gaC
28326	G	GT	1328		1858					210		1638			1662					1053		2417			1452.29	7	GT	N	N:p.18G>V; N:p.18G>X; N:p.18G>D; N:p.18G>A; N:p.18-	downstream_gene_variant; missense_variant; coding_sequence_variant; frameshift_variant	MODIFIER,DISTANCE=ORF8:67; MODERATE; MODIFIER; MODIFIER,DISTANCE=ORF8:68; HIGH	c.54ggT>gg; c.53gGt>gAt; c.53gGt>gKt; c.53gGt>gCt; c.53gGt>gTt
22604	G	GT							43	1221		21			83					24				2045.0	572.83	6	GT	S	S:p.348A>T; S:p.348-; S:p.348A>S; S:p.348A>P	missense_variant; coding_sequence_variant	MODERATE; MODIFIER	c.1042Gca>Aca; c.1042Gca>Cca; c.1042Gca>Tca; c.1042Gca>Kca; c.1042Gca>Rca
13923	C	CT				35			146			234			186		32.0			24					109.5	6	CT	ORF1ab	orf1ab:p.4553D; orf1ab:p.4553-; orf1ab:p.4553D>E	synonymous_variant; coding_sequence_variant; missense_variant	LOW; MODIFIER; MODERATE	c.13659gaC>gaT; c.13659gaC>gaA; c.13659gaC>gaY
10116	C	CA	53		2573.0					317		47			585					1877					908.67	6	CA	ORF1ab	orf1ab:p.3284T>S; orf1ab:p.3284T>I; orf1ab:p.3284T>N; orf1ab:p.3284-	missense_variant; coding_sequence_variant	MODERATE; MODIFIER	c.9851aCt>aMt; c.9851aCt>aGt; c.9851aCt>aYt; c.9851aCt>aTt; c.9851aCt>aAt
10870	G	GT				35			256	24		70			1709					42					356.0	6	GT	ORF1ab	orf1ab:p.3535-; orf1ab:p.3535L	synonymous_variant; coding_sequence_variant	LOW; MODIFIER	c.10605ctG>ctK; c.10605ctG>ctA; c.10605ctG>ctC; c.10605ctG>ctR; c.10605ctG>ctS; c.10605ctG>ctT
1060	C	CT				27			101			160			157.0		28.0			25					83.0	6	CT	ORF1ab	orf1ab:p.265-; orf1ab:p.265T	synonymous_variant; coding_sequence_variant	LOW; MODIFIER	c.795acC>acG; c.795acC>acT; c.795acC>acA; c.795acC>acY
29742	G	GA	39		66					21		75					52			55					51.33	6	GA	3'UTR		downstream_gene_variant	MODIFIER,DISTANCE=ORF10:68; MODIFIER,DISTANCE=ORF10:69	
26261	C	CT			124	710	1185			1453		1068			161										783.5	6	CT	E	E:p.6S>L; E:p.6-	downstream_gene_variant; missense_variant; coding_sequence_variant	MODIFIER,DISTANCE=ORF3a:41; MODERATE; MODIFIER	c.17tCg>tTg; c.17tCg>tYg
18029	C	CT				28			130	32		62			1195					75					253.67	6	CT	ORF1ab	orf1ab:p.5922-; orf1ab:p.5922A>V	missense_variant; coding_sequence_variant	MODERATE; MODIFIER	c.17765gCa>gYa; c.17765gCa>gTa
1897	A	AG						57			9.0			10								25.0	10	5.0	19.33	6	AG	ORF1ab	orf1ab:p.544-; orf1ab:p.544V	synonymous_variant; coding_sequence_variant	LOW; MODIFIER	c.1632gtA>gtG; c.1632gtA>gtW; c.1632gtA>gtC; c.1632gtA>gtR
18877	C	CT				1821	3005		2211			22	2000		620										1613.17	6	CT	ORF1ab	orf1ab:p.6205L; orf1ab:p.6205-; orf1ab:p.6205L>I	synonymous_variant; coding_sequence_variant; missense_variant	LOW; MODIFIER; MODERATE	c.18613Cta>Yta; c.18613Cta>Ata; c.18613Cta>Tta
26354	T	TA	185							16		14	38				1153								281.2	5	TA	E	E:p.37L>H; E:p.37L>P; E:p.37L>R; E:p.37-	missense_variant; coding_sequence_variant	MODERATE; MODIFIER	c.110cTt>cWt; c.110cTt>cGt; c.110cTt>cCt; c.110cTt>cAt
26354	T	TG	928		28							371			142					10					295.8	5	TG	E	E:p.37L>H; E:p.37L>P; E:p.37L>R; E:p.37-	missense_variant; coding_sequence_variant	MODERATE; MODIFIER	c.110cTt>cWt; c.110cTt>cGt; c.110cTt>cCt; c.110cTt>cAt
23014	A	AC			116	110	1775					501					150								530.4	5	AC	S	S:p.484E; S:p.484-; S:p.484E>D	missense_variant; synonymous_variant; coding_sequence_variant	MODERATE; LOW; MODIFIER	c.1452gaA>gaW; c.1452gaA>gaT; c.1452gaA>gaR; c.1452gaA>gaG; c.1452gaA>gaC; c.1452gaA>gaM
26735	C	CT				1498	2580		1568				1405		332										1476.6	5	CT	M	M:p.71-; M:p.71Y	synonymous_variant; coding_sequence_variant	LOW; MODIFIER	c.213taC>taT; c.213taC>taY
28320	C	CT	18						169			36			41					169					86.6	5	CT	N	N:p.16T>M; N:p.16T>K; N:p.16-	downstream_gene_variant; missense_variant; coding_sequence_variant	MODIFIER,DISTANCE=ORF8:61; MODERATE; MODIFIER	c.47aCg>aTg; c.47aCg>aYg; c.47aCg>aAg
8917	C	CT							109					247	580	92.0				19					209.4	5	CT	ORF1ab	orf1ab:p.2884-; orf1ab:p.2884F; orf1ab:p.2885L>X; orf1ab:p.2884F>L	synonymous_variant; coding_sequence_variant; missense_variant; frameshift_variant	LOW; MODIFIER; MODERATE; HIGH	c.8652ttC>ttY; c.8652ttC>ttM; c.8652ttC>ttT; c.8653Tta>ta; c.8652ttC>ttA; c.8652ttC>ttG
22444	C	CT				632	1011		418				635		7										540.6	5	CT	S	S:p.294D>E; S:p.294D; S:p.294-	synonymous_variant; coding_sequence_variant; missense_variant	LOW; MODIFIER; MODERATE	c.882gaC>gaH; c.882gaC>gaM; c.882gaC>gaA; c.882gaC>gaG; c.882gaC>gaY; c.882gaC>gaT
28854	C	CT		51		303	751		108				415												325.6	5	CT	N	N:p.194-; N:p.194-210SRNSTPGSSRGTSPARM>S; N:p.194-196SRN>S; N:p.194-195SR>S; N:p.194S>L	missense_variant; coding_sequence_variant; inframe_deletion	MODERATE; MODIFIER	c.581tCa>tYa; c.581tCa>tTa; c.582-587tcAAGAAAt>tct; c.582-629tcAAGAAATTCAACTCCAGGCAGCAGTAGGGGAACTTCTCCTGCTAGAATg>tcg; c.582-584tcAAGa>tca
5812	C	CT							53	21		25			20					76					39.0	5	CT	ORF1ab	orf1ab:p.1849-; orf1ab:p.1849D; orf1ab:p.1849D>E	coding_sequence_variant; synonymous_variant; missense_variant	MODIFIER; LOW; MODERATE	c.5547gaC>gaY; c.5547gaC>gaS; c.5547gaC>gaT; c.5547gaC>gaA
29039	A	AT						13		15				6							11	6			10.2	5	AT	N	N:p.256K>*; N:p.256K>E; N:p.256-	stop_gained; missense_variant; coding_sequence_variant	HIGH; MODERATE; MODIFIER	c.766Aag>Gag; c.766Aag>Wag; c.766Aag>Tag
11003	C	CT				36			224			73			1578					67					395.6	5	CT	ORF1ab	orf1ab:p.3580H>Y; orf1ab:p.3580H>N; orf1ab:p.3580-; orf1ab:p.3580H>D	missense_variant; coding_sequence_variant	MODERATE; MODIFIER	c.10738Cac>Gac; c.10738Cac>Yac; c.10738Cac>Tac; c.10738Cac>Aac
68	A	AT		532		564.0	162.0		511.0				1024.0												558.6	5	AT	5'UTR		intergenic_variant	MODIFIER	
15451	G	GA				120						30			62					89					75.25	4	GA	ORF1ab	orf1ab:p.5063-; orf1ab:p.5063G>S; orf1ab:p.5063G>C	missense_variant; coding_sequence_variant	MODERATE; MODIFIER	c.15187Ggt>Agt; c.15187Ggt>Rgt; c.15187Ggt>Kgt; c.15187Ggt>Tgt
1645	C	CT							202			92			151.0					50					123.75	4	CT	ORF1ab	orf1ab:p.460N>K; orf1ab:p.460-; orf1ab:p.460N	synonymous_variant; coding_sequence_variant; missense_variant	LOW; MODIFIER; MODERATE	c.1380aaC>aaG; c.1380aaC>aaM; c.1380aaC>aaT; c.1380aaC>aaY
9389	G	GA							314						31	43.0				26					103.5	4	GA	ORF1ab	orf1ab:p.3042D>N; orf1ab:p.3042-	missense_variant; coding_sequence_variant	MODERATE; MODIFIER	c.9124Gac>Rac; c.9124Gac>Aac; c.9124Gac>Kac
10074	C	CT				705	204		605				1233												686.75	4	CT	ORF1ab	orf1ab:p.3270A>V; orf1ab:p.3270-	missense_variant; coding_sequence_variant	MODERATE; MODIFIER	c.9809gCa>gYa; c.9809gCa>gTa
15685	T	TA						10			11					6.0					10				9.25	4	TA	ORF1ab	orf1ab:p.5141L>M; orf1ab:p.5141L>V; orf1ab:p.5141L; orf1ab:p.5141-	coding_sequence_variant; synonymous_variant; missense_variant	MODIFIER; LOW; MODERATE	c.15421Ttg>Gtg; c.15421Ttg>Wtg; c.15421Ttg>Atg; c.15421Ttg>Ctg; c.15421Ttg>Ytg
28258	A	AT				57	52		26				152												71.75	4	AT	ORF8	ORF8:p.122*>*TX; ORF8:p.122*>S; ORF8:p.122*; ORF8:p.122-; ORF8:p.122*>*MX; ORF8:p.122*>L	coding_sequence_variant; stop_retained_variant; stop_lost; frameshift_variant,stop_retained_variant; upstream_gene_variant	MODIFIER; LOW; HIGH; MODIFIER,DISTANCE=N:16	c.365tAa>tWa; c.365tAa>tTa; c.365tAa>tAAACTa; c.365tAa>tRa; c.365tAa>tMa; c.365tAa>tGa; c.365tAa>tAAATGa; c.365tAa>tCa
2836	C	CT				481	894.0		142				647												541.0	4	CT	ORF1ab	orf1ab:p.858S>X; orf1ab:p.857-; orf1ab:p.857C	synonymous_variant; coding_sequence_variant; frameshift_variant	LOW; MODIFIER; HIGH	c.2571tgC>tgY; c.2572Tct>ct; c.2571tgC>tgT; c.2571tgC>tgM
26545	T	TG						5						9								8.0	8		7.5	4	TG	M	M:p.8-; M:p.8I>S; M:p.8I>T; M:p.8I>N	downstream_gene_variant; missense_variant; coding_sequence_variant	MODIFIER,DISTANCE=E:73; MODERATE; MODIFIER	c.23aTt>aCt; c.23aTt>aAt; c.23aTt>aKt; c.23aTt>aGt
5884	C	CT							53			54			81					146					83.5	4	CT	ORF1ab	orf1ab:p.1873Y; orf1ab:p.1873-	synonymous_variant; coding_sequence_variant	LOW; MODIFIER	c.5619taC>taT; c.5619taC>taY
11902	C	CG						27						16				5.0				34.0			20.5	4	CG	ORF1ab	orf1ab:p.3879L; orf1ab:p.3879-	synonymous_variant; coding_sequence_variant	LOW; MODIFIER	c.11637ctC>ctY; c.11637ctC>ctT; c.11637ctC>ctA
23604	C	CA							66			17			345					10					109.5	4	CA	S	S:p.681P>H; S:p.681P>R; S:p.681P>L; S:p.681-	missense_variant; coding_sequence_variant	MODERATE; MODIFIER	c.2042cCt>cGt; c.2042cCt>cSt; c.2042cCt>cMt; c.2042cCt>cAt; c.2042cCt>cRt; c.2042cCt>cYt; c.2042cCt>cTt
12781	C	CT							1075						70					55					400.0	3	CT	ORF1ab	orf1ab:p.4172-; orf1ab:p.4172Y	synonymous_variant; coding_sequence_variant	LOW; MODIFIER	c.12516taC>taT; c.12516taC>taY
3729	G	GA	134										28				861.0								341.0	3	GA	ORF1ab	orf1ab:p.1155G>D; orf1ab:p.1155-; orf1ab:p.1155G>V; orf1ab:p.1155G>A	missense_variant; coding_sequence_variant	MODERATE; MODIFIER	c.3464gGt>gKt; c.3464gGt>gAt; c.3464gGt>gTt; c.3464gGt>gRt; c.3464gGt>gCt
12068	C	CA							93						808					63					321.33	3	CA	ORF1ab	orf1ab:p.3935-; orf1ab:p.3935L; orf1ab:p.3935L>V; orf1ab:p.3935L>M	synonymous_variant; missense_variant; coding_sequence_variant	LOW; MODERATE; MODIFIER	c.11803Ctg>Atg; c.11803Ctg>Ytg; c.11803Ctg>Ttg; c.11803Ctg>Gtg
13730	C	CT						124		3065														37.0	1075.33	3	CT	ORF1ab	orf1ab:p.4489-4490AK>X; orf1ab:p.4489-; orf1ab:p.4489A>V	missense_variant; coding_sequence_variant; frameshift_variant	MODERATE; MODIFIER; HIGH	c.13466gCt>gTt; c.13466gCt>gYt; c.13466gCt>gSt; c.13467-13470gcTAAA>gc
2882	T	TC						20						8										5.0	11.0	3	TC	ORF1ab	orf1ab:p.873C>S; orf1ab:p.873C>R; orf1ab:p.873C>CVVADAVVLWQMLSCCGRCCRVVADAVVLWQMLSCCIRGCSX; orf1ab:p.873C>G; orf1ab:p.873-; orf1ab:p.873C>CVVADAVVLWQMLSCCGRCCRVVADAVVLWQRLLVLWQMLSCCGRCCRVVADAVVLHQRLLVLWQMLSCCGRCCRVVADAVVLWQMLSX	missense_variant; frameshift_variant; coding_sequence_variant	MODERATE; HIGH; MODIFIER	c.2617Tgt>TGTGTTGTGGCAGATGCTGTCGTGTTGTGGCAGATGCTGTCGTGTTGTGGCAGATGCTGTCGTGTTGTGGCAGATGCTGTCGTGTTGTGGCAGAGGCTGCTCGTGTTGTGGCAGATGCTGTCGTGTTGTGGCAGATGCTGTCGTGTTGTGGCAGATGCTGTAGTGTTGCATCAGAGGCTGCTCGTGTTGTGGCAGATGCTGTCGTGTTGTGGCAGATGCTGTCGTGTTGTGGCAGATGCTGTCGTGTTGTGGCAGATGCTGTCgt; c.2617Tgt>Wgt; c.2617Tgt>Agt; c.2617Tgt>Ygt; c.2617Tgt>Cgt; c.2617Tgt>TGTGTTGTGGCAGATGCTGTCGTGTTGTGGCAGATGCTGTCGTGTTGTGGCAGATGCTGTCGTGTTGTGGCAGATGCTGTCGTGTTGTGGCAGATGCTGTCGTGTTGCATCAGAGGCTGCTCgt; c.2617Tgt>Ggt
10323	A	AG	253										60				1622.0								645.0	3	AG	ORF1ab	orf1ab:p.3353K>R; orf1ab:p.3353-; orf1ab:p.3353K>T	missense_variant; coding_sequence_variant	MODERATE; MODIFIER	c.10058aAg>aGg; c.10058aAg>aCg; c.10058aAg>aRg
18687	C	CT							101			28			31										53.33	3	CT	ORF1ab	orf1ab:p.6141C; orf1ab:p.6141-; orf1ab:p.6142F>X; orf1ab:p.6141C>CX	synonymous_variant; coding_sequence_variant; frameshift_variant	LOW; MODIFIER; HIGH	c.18423tgC>tgT; c.18424Ttt>tt; c.18423tgC>tgCT; c.18423tgC>tgY
15372	G	GT							894						88					57					346.33	3	GT	ORF1ab	orf1ab:p.5036-; orf1ab:p.5036T	synonymous_variant; coding_sequence_variant	LOW; MODIFIER	c.15108acG>acT; c.15108acG>acS; c.15108acG>acR; c.15108acG>acK; c.15108acG>acC; c.15108acG>acA
7321	C	CT	219										35				1231.0								495.0	3	CT	ORF1ab	orf1ab:p.2352S; orf1ab:p.2352S>R; orf1ab:p.2352-	synonymous_variant; coding_sequence_variant; missense_variant	LOW; MODIFIER; MODERATE	c.7056agC>agY; c.7056agC>agA; c.7056agC>agM; c.7056agC>agT
23014	A	AT	390										88				2273								917.0	3	AT	S	S:p.484E; S:p.484-; S:p.484E>D	missense_variant; synonymous_variant; coding_sequence_variant	MODERATE; LOW; MODIFIER	c.1452gaA>gaW; c.1452gaA>gaT; c.1452gaA>gaR; c.1452gaA>gaG; c.1452gaA>gaC; c.1452gaA>gaM
1623	T	TC							27			46			90.0										54.33	3	TC	ORF1ab	orf1ab:p.453I>T; orf1ab:p.453I>K; orf1ab:p.453I>R; orf1ab:p.453-	missense_variant; coding_sequence_variant	MODERATE; MODIFIER	c.1358aTa>aGa; c.1358aTa>aCa; c.1358aTa>aAa; c.1358aTa>aYa
24538	A	AC				107									33					17					52.33	3	AC	S	S:p.992Q>H; S:p.992Q; S:p.992Q>QX	missense_variant; synonymous_variant; frameshift_variant	MODERATE; LOW; HIGH	c.2976caA>caC; c.2976caA>caAT; c.2976caA>caG
1141	G	GT							56				21		519.0										198.67	3	GT	ORF1ab	orf1ab:p.292-; orf1ab:p.292K; orf1ab:p.292K>N	missense_variant; synonymous_variant; coding_sequence_variant	MODERATE; LOW; MODIFIER	c.876aaG>aaA; c.876aaG>aaK; c.876aaG>aaR; c.876aaG>aaT; c.876aaG>aaC
27691	A	AG	34										6				49								29.67	3	AG	ORF7a	ORF7a:p.100-101IF>X; ORF7a:p.100I>X; ORF7a:p.100I>L; ORF7a:p.100I>IX; ORF7a:p.100-; ORF7a:p.100I>F; ORF7a:p.100I>IFX; ORF7a:p.100I>IF; ORF7a:p.100-102IFL>I; ORF7a:p.100-104IFLIV>I; ORF7a:p.100-101IF>I; ORF7a:p.100I>V	inframe_deletion; frameshift_variant; missense_variant; inframe_insertion; coding_sequence_variant	MODERATE; HIGH; MODIFIER	c.299-301aTTTtt>att; c.298Att>Ttt; c.299-300aTT>a; c.298Att>ATTtt; c.298Att>ATTTTtt; c.299-304aTTTTTCtt>att; c.299-310aTTTTTCTTATTGtt>att; c.298Att>ATtt; c.298Att>ATTTTTtt; c.298Att>ATTTtt; c.298Att>Gtt; c.298Att>Wtt; c.299aTt>at; c.298Att>Rtt; c.298Att>Ctt; c.299-302aTTTTt>at
28321	G	GA										25			26					43					31.33	3	GA	N	N:p.16T; N:p.16-	downstream_gene_variant; synonymous_variant; coding_sequence_variant	MODIFIER,DISTANCE=ORF8:62; LOW; MODIFIER	c.48acG>acA; c.48acG>acK; c.48acG>acR; c.48acG>acC; c.48acG>acT
28905	C	CT								32		42			11										28.33	3	CT	N	N:p.211-; N:p.211A>V; N:p.211-236AGNGGDAALALLLLDRLNQLESKMSG>A; N:p.211A>X; N:p.211-213AGN>A; N:p.211-215AGNGG>A; N:p.211A>D; N:p.211A>G	missense_variant; coding_sequence_variant; frameshift_variant; inframe_deletion	MODERATE; MODIFIER; HIGH	c.633-644gcTGGCAATGGCGGt>gct; c.632gCt>gAt; c.632gCt>gGt; c.632gCt>gMt; c.633-707gcTGGCAATGGCGGTGATGCTGCTCTTGCTTTGCTGCTGCTTGACAGATTGAACCAGCTTGAGAGCAAAATGTCTGGt>gct; c.633-638gcTGGCAAt>gct; c.632gCt>gTt; c.633gcT>gc; c.632gCt>gYt
29032	G	GT																			6	6		15	9.0	3	GT	N	N:p.253E; N:p.253-; N:p.253E>D	synonymous_variant; missense_variant; coding_sequence_variant	LOW; MODERATE; MODIFIER	c.759gaG>gaC; c.759gaG>gaA; c.759gaG>gaK; c.759gaG>gaS; c.759gaG>gaR; c.759gaG>gaT
7982	G	GC						7						6								11.0			8.0	3	GC	ORF1ab	orf1ab:p.2573D>N; orf1ab:p.2573D>H	missense_variant	MODERATE	c.7717Gat>Cat; c.7717Gat>Aat
16439	T	TA	784		17.0							340													380.33	3	TA	ORF1ab	orf1ab:p.5392M>T; orf1ab:p.5392-; orf1ab:p.5392M>K	coding_sequence_variant; missense_variant	MODIFIER; MODERATE	c.16175aTg>aYg; c.16175aTg>aAg; c.16175aTg>aCg
5869	C	CT	180										31				1391.0								534.0	3	CT	ORF1ab	orf1ab:p.1868-; orf1ab:p.1868Y	synonymous_variant; coding_sequence_variant	LOW; MODIFIER	c.5604taC>taY; c.5604taC>taT; c.5604taC>taM
23685	C	CT				20	51																		35.5	2	CT	S	S:p.708S>F; S:p.708S>C; S:p.708-; S:p.708S>Y	missense_variant; coding_sequence_variant	MODERATE; MODIFIER	c.2123tCt>tAt; c.2123tCt>tTt; c.2123tCt>tGt; c.2123tCt>tYt
9843	T	TA													45	25.0									35.0	2	TA	ORF1ab	orf1ab:p.3193L>*; orf1ab:p.3193-	coding_sequence_variant; stop_gained	MODIFIER; HIGH	c.9578tTg>tWg; c.9578tTg>tAg
9852	A	AT										17			60										38.5	2	AT	ORF1ab	orf1ab:p.3196-; orf1ab:p.3196D>V; orf1ab:p.3196D>G; orf1ab:p.3196D>A	missense_variant; coding_sequence_variant	MODERATE; MODIFIER	c.9587gAt>gTt; c.9587gAt>gGt; c.9587gAt>gRt; c.9587gAt>gMt; c.9587gAt>gCt
20874	T	TA				33									13										23.0	2	TA	ORF1ab	orf1ab:p.6870A; orf1ab:p.6870-	synonymous_variant; coding_sequence_variant	LOW; MODIFIER	c.20610gcT>gcY; c.20610gcT>gcW; c.20610gcT>gcK; c.20610gcT>gcG; c.20610gcT>gcA; c.20610gcT>gcC
6312	C	CA						8072													5023.0				6547.5	2	CA	ORF1ab	orf1ab:p.2016T>R; orf1ab:p.2016T>K; orf1ab:p.2016T>X; orf1ab:p.2016T>I; orf1ab:p.2016-	missense_variant; coding_sequence_variant; frameshift_variant	MODERATE; MODIFIER; HIGH	c.6047aCa>aAa; c.6047aCa>aMa; c.6048acA>ac; c.6047aCa>aTa; c.6047aCa>aYa; c.6047aCa>aGa
16017	C	CT						2172													1070				1621.0	2	CT	ORF1ab	orf1ab:p.5251F; orf1ab:p.5251-	coding_sequence_variant; synonymous_variant	MODIFIER; LOW	c.15753ttC>ttY; c.15753ttC>ttM; c.15753ttC>ttT
24858	G	GA							40											27					33.5	2	GA	S	S:p.1099-; S:p.1099G>V; S:p.1099G>GX; S:p.1099G>D	frameshift_variant; missense_variant; coding_sequence_variant	HIGH; MODERATE; MODIFIER	c.3296gGc>gRc; c.3296gGc>gGCAc; c.3296gGc>gTc; c.3296gGc>gAc
19862	C	CT							20											10					15.0	2	CT	ORF1ab	orf1ab:p.6533-; orf1ab:p.6533A>V; orf1ab:p.6533-6534AN>A	missense_variant; coding_sequence_variant; inframe_deletion	MODERATE; MODIFIER	c.19599-19601gcTAAt>gct; c.19598gCt>gTt; c.19598gCt>gYt
10790	C	CT								1958														38.0	998.0	2	CT	ORF1ab	orf1ab:p.3509H>Y; orf1ab:p.3509H>D; orf1ab:p.3509H>N; orf1ab:p.3509-	missense_variant; coding_sequence_variant	MODERATE; MODIFIER	c.10525Cat>Aat; c.10525Cat>Sat; c.10525Cat>Mat; c.10525Cat>Gat; c.10525Cat>Tat; c.10525Cat>Yat
23042	T	TC							142			26													84.0	2	TC	S	S:p.494-; S:p.494S>A; S:p.494S>P; S:p.494S>T	missense_variant; coding_sequence_variant	MODERATE; MODIFIER	c.1480Tca>Aca; c.1480Tca>Cca; c.1480Tca>Yca; c.1480Tca>Gca
10560	C	CT													43					17					30.0	2	CT	ORF1ab	orf1ab:p.3432T>I; orf1ab:p.3432-	missense_variant; coding_sequence_variant	MODERATE; MODIFIER	c.10295aCt>aMt; c.10295aCt>aYt; c.10295aCt>aTt
24757	G	GT							625											47					336.0	2	GT	S	S:p.1065V; S:p.1065-	synonymous_variant; coding_sequence_variant	LOW; MODIFIER	c.3195gtG>gtR; c.3195gtG>gtS; c.3195gtG>gtT; c.3195gtG>gtK; c.3195gtG>gtA; c.3195gtG>gtC
18975	T	TG										21								33					27.0	2	TG	ORF1ab	orf1ab:p.6237-; orf1ab:p.6237V	synonymous_variant; coding_sequence_variant	LOW; MODIFIER	c.18711gtT>gtY; c.18711gtT>gtG; c.18711gtT>gtA; c.18711gtT>gtC
11083	G	GT						2454													884.0				1669.0	2	GT	ORF1ab	orf1ab:p.3606L; orf1ab:p.3606-; orf1ab:p.3606L>F	missense_variant; coding_sequence_variant; synonymous_variant	MODERATE; MODIFIER; LOW	c.10818ttG>ttK; c.10818ttG>ttA; c.10818ttG>ttC; c.10818ttG>ttT; c.10818ttG>ttW; c.10818ttG>ttS
11200	C	CT						2877													1099.0				1988.0	2	CT	ORF1ab	orf1ab:p.3645A; orf1ab:p.3646T>X; orf1ab:p.3645-	synonymous_variant; coding_sequence_variant; frameshift_variant	LOW; MODIFIER; HIGH	c.10936Act>ct; c.10935gcC>gcY; c.10935gcC>gcG; c.10935gcC>gcT; c.10935gcC>gcA
11417	G	GT													383					26					204.5	2	GT	ORF1ab	orf1ab:p.3718V>X; orf1ab:p.3718V>I; orf1ab:p.3718V>F; orf1ab:p.3718-; orf1ab:p.3718V>L	missense_variant; coding_sequence_variant; frameshift_variant	MODERATE; MODIFIER; HIGH	c.11152Gtt>Att; c.11152Gtt>Ttt; c.11152Gtt>Rtt; c.11153gTt>gt; c.11152Gtt>Ktt; c.11152Gtt>Ctt
11540	G	GT							38						313										175.5	2	GT	ORF1ab	orf1ab:p.3759V>L; orf1ab:p.3759-3760VF>V; orf1ab:p.3759V>I; orf1ab:p.3759V>VX; orf1ab:p.3759V>F; orf1ab:p.3759-	missense_variant; coding_sequence_variant; frameshift_variant; inframe_deletion	MODERATE; MODIFIER; HIGH	c.11275Gtt>Ctt; c.11275Gtt>GTtt; c.11276-11278gTTTtt>gtt; c.11275Gtt>Stt; c.11275Gtt>Ttt; c.11275Gtt>Rtt; c.11275Gtt>Ktt; c.11275Gtt>Att
9779	T	TG													581					45					313.0	2	TG	ORF1ab	orf1ab:p.3172F>L; orf1ab:p.3172F>V; orf1ab:p.3172-; orf1ab:p.3172F>I	missense_variant; coding_sequence_variant	MODERATE; MODIFIER	c.9514Ttt>Gtt; c.9514Ttt>Wtt; c.9514Ttt>Ctt; c.9514Ttt>Att; c.9514Ttt>Ytt
24095	G	GT							53											17					35.0	2	GT	S	S:p.845A>T; S:p.845A>S; S:p.845-	missense_variant; coding_sequence_variant	MODERATE; MODIFIER	c.2533Gct>Tct; c.2533Gct>Kct; c.2533Gct>Act
29049	G	GA						8														10			9.0	2	GA	N	N:p.259R>P; N:p.259R>Q; N:p.259R>L; N:p.259-	missense_variant; coding_sequence_variant	MODERATE; MODIFIER	c.776cGg>cTg; c.776cGg>cCg; c.776cGg>cRg; c.776cGg>cAg
22021	G	GA	53														118								85.5	2	GA	S	S:p.153M>I; S:p.153-	missense_variant; coding_sequence_variant	MODERATE; MODIFIER	c.459atG>atK; c.459atG>atA; c.459atG>atC; c.459atG>atT; c.459atG>atS; c.459atG>atR
1190	C	CT							67						33.0										50.0	2	CT	ORF1ab	orf1ab:p.309P>T; orf1ab:p.309-; orf1ab:p.309P>A; orf1ab:p.309P>S	missense_variant; coding_sequence_variant	MODERATE; MODIFIER	c.925Cca>Sca; c.925Cca>Yca; c.925Cca>Gca; c.925Cca>Aca; c.925Cca>Tca; c.925Cca>Mca
22343	G	GA				28			10																19.0	2	GA	S	S:p.261-; S:p.261G>S; S:p.261G>C; S:p.261G>R	coding_sequence_variant; missense_variant	MODIFIER; MODERATE	c.781Ggt>Tgt; c.781Ggt>Kgt; c.781Ggt>Rgt; c.781Ggt>Agt; c.781Ggt>Sgt; c.781Ggt>Cgt
25470	A	AG							71						28										49.5	2	AG	ORF3a	ORF3a:p.26-; ORF3a:p.27-28DF>-; ORF3a:p.26S>SRGE; ORF3a:p.27-29DFV>-; ORF3a:p.26S	downstream_gene_variant; coding_sequence_variant; synonymous_variant; inframe_insertion; inframe_deletion	MODIFIER,DISTANCE=S:86; MODIFIER; LOW; MODERATE; MODIFIER,DISTANCE=S:87	c.78tcA>tcAAGAGGAGAG; c.78tcA>tcR; c.78tcA>tcT; c.78tcA>tcW; c.79-87GATTTTGTT>-; c.79-84GATTTT>-; c.78tcA>tcC; c.78tcA>tcG
29409	C	CT								75														21	48.0	2	CT	N	N:p.379T>N; N:p.379-; N:p.379T>S; N:p.379T>I	missense_variant; coding_sequence_variant	MODERATE; MODIFIER	c.1136aCt>aGt; c.1136aCt>aYt; c.1136aCt>aTt; c.1136aCt>aMt; c.1136aCt>aSt; c.1136aCt>aAt
8017	G	GT							72											34					53.0	2	GT	ORF1ab	orf1ab:p.2584A; orf1ab:p.2584-	synonymous_variant; coding_sequence_variant	LOW; MODIFIER	c.7752gcG>gcR; c.7752gcG>gcK; c.7752gcG>gcA; c.7752gcG>gcT; c.7752gcG>gcC
21910	C	CT								592														227.0	409.5	2	CT	S	S:p.116-; S:p.116S	synonymous_variant; coding_sequence_variant	LOW; MODIFIER	c.348tcC>tcT; c.348tcC>tcA; c.348tcC>tcM; c.348tcC>tcY
29033	G	GA															15					14			14.5	2	GA	N	N:p.254-255AS>A; N:p.254A>T; N:p.254A>S; N:p.254-	missense_variant; coding_sequence_variant; inframe_deletion	MODERATE; MODIFIER	c.761-763gCTTct>gct; c.760Gct>Tct; c.760Gct>Sct; c.760Gct>Kct; c.760Gct>Rct; c.760Gct>Act
26270	C	CT							11	25															18.0	2	CT	E	E:p.9-; E:p.9T>I	downstream_gene_variant; missense_variant; coding_sequence_variant	MODIFIER,DISTANCE=ORF3a:50; MODERATE; MODIFIER	c.26aCa>aYa; c.26aCa>aTa
22678	A	AT								633														1385.0	1009.0	2	AT	S	S:p.372A; S:p.372-	synonymous_variant; coding_sequence_variant	LOW; MODIFIER	c.1116gcA>gcT; c.1116gcA>gcG; c.1116gcA>gcW; c.1116gcA>gcC; c.1116gcA>gcR
15682	T	TA																			9			6.0	7.5	2	TA	ORF1ab	orf1ab:p.5140-; orf1ab:p.5140Y>N; orf1ab:p.5140Y>H	missense_variant; coding_sequence_variant	MODERATE; MODIFIER	c.15418Tat>Wat; c.15418Tat>Aat; c.15418Tat>Cat
24518	A	AG								84															84.0	1	AG	S	S:p.986K>Q	missense_variant	MODERATE	c.2956Aaa>Caa
25273	G	GT																		11					11.0	1	GT	S	S:p.1237M>I; S:p.1237-	missense_variant; coding_sequence_variant	MODERATE; MODIFIER	c.3711atG>atR; c.3711atG>atS; c.3711atG>atT; c.3711atG>atC; c.3711atG>atA; c.3711atG>atK
24544	T	TC															89								89.0	1	TC	S	S:p.994D>E; S:p.994D; S:p.994-	synonymous_variant; missense_variant; coding_sequence_variant	LOW; MODERATE; MODIFIER	c.2982gaT>gaG; c.2982gaT>gaC; c.2982gaT>gaY
24507	C	CT	257																						257.0	1	CT	S	S:p.982S>L	missense_variant	MODERATE	c.2945tCa>tTa
24636	C	CT							23																23.0	1	CT	S	S:p.1025A>G; S:p.1025-	missense_variant; coding_sequence_variant	MODERATE; MODIFIER	c.3074gCt>gGt; c.3074gCt>gYt
3267	C	CT							41																41.0	1	CT	ORF1ab	orf1ab:p.1001T>N; orf1ab:p.1001T>I; orf1ab:p.1001-1028TIQTIVEVQPQLEMELTPVVQTIEVNSF>T; orf1ab:p.1001-1002TI>TX; orf1ab:p.1001-; orf1ab:p.1001T>S	missense_variant; coding_sequence_variant; frameshift_variant; inframe_deletion	MODERATE; MODIFIER; HIGH	c.3002aCt>aGt; c.3002aCt>aAt; c.3002aCt>aTt; c.3003-3083acTATTCAAACAATTGTTGAGGTTCAACCTCAATTAGAGATGGAACTTACACCAGTTGTTCAGACTATTGAAGTGAATAGTTTt>act; c.3003-3004acTAtt>actt; c.3002aCt>aYt
24928	G	GT																			8				8.0	1	GT	S	S:p.1122-; S:p.1122V	synonymous_variant; coding_sequence_variant	LOW; MODIFIER	c.3366gtG>gtA; c.3366gtG>gtC; c.3366gtG>gtK; c.3366gtG>gtT; c.3366gtG>gtR
24794	G	GT							135																135.0	1	GT	S	S:p.1078A>S; S:p.1078-; S:p.1078A>T	missense_variant; coding_sequence_variant	MODERATE; MODIFIER	c.3232Gct>Act; c.3232Gct>Rct; c.3232Gct>Kct; c.3232Gct>Tct
24982	T	TC							32																32.0	1	TC	S	S:p.1140-; S:p.1140P	synonymous_variant; coding_sequence_variant	LOW; MODIFIER	c.3420ccT>ccA; c.3420ccT>ccY; c.3420ccT>ccC; c.3420ccT>ccG
24797	C	CT							50																50.0	1	CT	S	S:p.1079-; S:p.1079P>T; S:p.1079P>S; S:p.1079P>A	missense_variant; coding_sequence_variant	MODERATE; MODIFIER	c.3235Cct>Mct; c.3235Cct>Tct; c.3235Cct>Gct; c.3235Cct>Act; c.3235Cct>Yct
24815	G	GT							47																47.0	1	GT	S	S:p.1085G>R; S:p.1085G>*; S:p.1085-	missense_variant; coding_sequence_variant; stop_gained	MODERATE; MODIFIER; HIGH	c.3253Gga>Sga; c.3253Gga>Aga; c.3253Gga>Cga; c.3253Gga>Rga; c.3253Gga>Tga
24966	A	AG	175																						175.0	1	AG	S	S:p.1135N>S; S:p.1135N>I; S:p.1135-; S:p.1135N>T	coding_sequence_variant; missense_variant	MODIFIER; MODERATE	c.3404aAc>aCc; c.3404aAc>aGc; c.3404aAc>aWc; c.3404aAc>aTc
24869	T	TG							31																31.0	1	TG	S	S:p.1103F>V; S:p.1103F>L; S:p.1103-; S:p.1103F>I	missense_variant; coding_sequence_variant	MODERATE; MODIFIER	c.3307Ttt>Att; c.3307Ttt>Ctt; c.3307Ttt>Ytt; c.3307Ttt>Gtt; c.3307Ttt>Ktt
24951	T	TA							45																45.0	1	TA	S	S:p.1130I>T	missense_variant	MODERATE	c.3389aTa>aCa
24872	G	GT																			622				622.0	1	GT	S	S:p.1104-; S:p.1104V>L; S:p.1104V>I	missense_variant; coding_sequence_variant	MODERATE; MODIFIER	c.3310Gta>Ata; c.3310Gta>Kta; c.3310Gta>Rta; c.3310Gta>Tta; c.3310Gta>Sta; c.3310Gta>Cta
24450	T	TC	136																						136.0	1	TC	S	S:p.963V>D; S:p.963V>A	missense_variant	MODERATE	c.2888gTt>gAt; c.2888gTt>gCt
24933	G	GT							36																36.0	1	GT	S	S:p.1124G>A; S:p.1124-; S:p.1124G>D; S:p.1124-1125GN>GX; S:p.1124G>V	coding_sequence_variant; missense_variant; frameshift_variant	MODIFIER; MODERATE; HIGH	c.3371gGt>gCt; c.3371gGt>gKt; c.3371gGt>gTt; c.3371gGt>gSt; c.3371gGt>gAt; c.3372-3373ggTAac>ggac
24923	T	TG	38																						38.0	1	TG	S	S:p.1121F>V; S:p.1121F>L; S:p.1121-	missense_variant; coding_sequence_variant	MODERATE; MODIFIER	c.3361Ttt>Gtt; c.3361Ttt>Ctt; c.3361Ttt>Ytt
7147	T	TC							17																17.0	1	TC	ORF1ab	orf1ab:p.2294G; orf1ab:p.2294-	coding_sequence_variant; synonymous_variant	MODIFIER; LOW	c.6882ggT>ggC; c.6882ggT>ggY; c.6882ggT>ggG; c.6882ggT>ggK; c.6882ggT>ggW
24174	C	CT								1504															1504.0	1	CT	S	S:p.871-; S:p.871A>V	missense_variant; coding_sequence_variant	MODERATE; MODIFIER	c.2612gCt>gYt; c.2612gCt>gMt; c.2612gCt>gTt
23401	G	GT							35																35.0	1	GT	S	S:p.613-; S:p.613Q; S:p.613Q>H	missense_variant; synonymous_variant; coding_sequence_variant	MODERATE; LOW; MODIFIER	c.1839caG>caK; c.1839caG>caC; c.1839caG>caA; c.1839caG>caS; c.1839caG>caT
22254	T	TC																		8					8.0	1	TC	S	S:p.231I>T; S:p.231I>R; S:p.231-; S:p.231I>X; S:p.231I>K	missense_variant; coding_sequence_variant; frameshift_variant	MODERATE; MODIFIER; HIGH	c.692aTa>aCa; c.692aTa>aKa; c.692aTa>aGa; c.693atA>at; c.692aTa>aYa; c.692aTa>aAa; c.692aTa>aWa
22323	C	CT	126																						126.0	1	CT	S	S:p.254S>Y; S:p.254S>C; S:p.254-; S:p.254-327SSSGWTAGAAAYYVGYLQPRTFLLKYNENGTITDAVDCALDPLSETKCTLKSFTVEKGIYQTSNFRVQPTESIV>SX; S:p.254S>F	missense_variant; coding_sequence_variant; frameshift_variant	MODERATE; MODIFIER; HIGH	c.761tCt>tAt; c.761tCt>tGt; c.761tCt>tYt; c.762-979tcTTCTTCAGGTTGGACAGCTGGTGCTGCAGCTTATTATGTGGGTTATCTTCAACCTAGGACTTTTCTATTAAAATATAATGAAAATGGAACCATTACAGATGCTGTAGACTGTGCACTTGACCCTCTCTCAGAAACAAAGTGTACGTTGAAATCCTTCACTGTAGAAAAAGGAATCTATCAAACTTCTAACTTTAGAGTCCAACCAACAGAATCTATTGtt>tctt; c.761tCt>tTt
1775	G	GT							22																22.0	1	GT	ORF1ab	orf1ab:p.504E>Q; orf1ab:p.504E>*; orf1ab:p.504E>K; orf1ab:p.504-	stop_gained; missense_variant; coding_sequence_variant	HIGH; MODERATE; MODIFIER	c.1510Gaa>Taa; c.1510Gaa>Aaa; c.1510Gaa>Saa; c.1510Gaa>Caa
1708	T	TC							28																28.0	1	TC	ORF1ab	orf1ab:p.481-; orf1ab:p.481S	synonymous_variant; coding_sequence_variant	LOW; MODIFIER	c.1443tcT>tcY; c.1443tcT>tcW; c.1443tcT>tcG; c.1443tcT>tcA; c.1443tcT>tcC
22526	C	CT													6										6.0	1	CT	S	S:p.322-323PT>P; S:p.322P>A; S:p.322P>S; S:p.322P>T; S:p.322-	coding_sequence_variant; missense_variant; inframe_deletion	MODIFIER; MODERATE	c.964Cca>Mca; c.964Cca>Aca; c.964Cca>Vca; c.964Cca>Gca; c.964Cca>Yca; c.964Cca>Tca; c.965-967cCAAca>cca
22604	G	GA																	216						216.0	1	GA	S	S:p.348A>T; S:p.348-; S:p.348A>S; S:p.348A>P	missense_variant; coding_sequence_variant	MODERATE; MODIFIER	c.1042Gca>Aca; c.1042Gca>Cca; c.1042Gca>Tca; c.1042Gca>Kca; c.1042Gca>Rca
1648	C	CA							24																24.0	1	CA	ORF1ab	orf1ab:p.461-; orf1ab:p.462N>-; orf1ab:p.461I; orf1ab:p.461I>M	synonymous_variant; coding_sequence_variant; missense_variant; inframe_deletion	LOW; MODIFIER; MODERATE	c.1384-1386AAT>-; c.1383atC>atY; c.1383atC>atG; c.1383atC>atT; c.1383atC>atA
22840	A	AG							35																35.0	1	AG	S	S:p.426-; S:p.426P	synonymous_variant; coding_sequence_variant	LOW; MODIFIER	c.1278ccA>ccT; c.1278ccA>ccG; c.1278ccA>ccW; c.1278ccA>ccC
22882	T	TG																		27					27.0	1	TG	S	S:p.440-; S:p.440N; S:p.440N>K	missense_variant; synonymous_variant; coding_sequence_variant	MODERATE; LOW; MODIFIER	c.1320aaT>aaK; c.1320aaT>aaC; c.1320aaT>aaA; c.1320aaT>aaG; c.1320aaT>aaY; c.1320aaT>aaW
3148	A	AG				5																			5.0	1	AG	ORF1ab	orf1ab:p.961E>D; orf1ab:p.961E; orf1ab:p.961-	synonymous_variant; coding_sequence_variant; missense_variant	LOW; MODIFIER; MODERATE	c.2883gaA>gaG; c.2883gaA>gaT; c.2883gaA>gaR
3164	G	GT						8																	8.0	1	GT	ORF1ab	orf1ab:p.967A>X; orf1ab:p.967A>T; orf1ab:p.967A>S; orf1ab:p.967-; orf1ab:p.967A>P	missense_variant; coding_sequence_variant; frameshift_variant	MODERATE; MODIFIER; HIGH	c.2899Gct>Kct; c.2899Gct>Act; c.2900gCt>gt; c.2899Gct>Cct; c.2899Gct>Tct
5700	C	CA																		22					22.0	1	CA	ORF1ab	orf1ab:p.1812A>D; orf1ab:p.1812A>V; orf1ab:p.1812A>G; orf1ab:p.1812-	missense_variant; coding_sequence_variant	MODERATE; MODIFIER	c.5435gCt>gTt; c.5435gCt>gGt; c.5435gCt>gMt; c.5435gCt>gYt; c.5435gCt>gAt
24082	C	CT																		13					13.0	1	CT	S	S:p.840C; S:p.840-	synonymous_variant; coding_sequence_variant	LOW; MODIFIER	c.2520tgC>tgY; c.2520tgC>tgT
23525	C	CT							24																24.0	1	CT	S	S:p.655H>Y; S:p.655-; S:p.655H>D; S:p.655H>N	missense_variant; coding_sequence_variant	MODERATE; MODIFIER	c.1963Cat>Gat; c.1963Cat>Yat; c.1963Cat>Tat; c.1963Cat>Aat
23536	C	CT																		9					9.0	1	CT	S	S:p.658N; S:p.658N>K; S:p.658-	synonymous_variant; missense_variant; coding_sequence_variant	LOW; MODERATE; MODIFIER	c.1974aaC>aaA; c.1974aaC>aaG; c.1974aaC>aaY; c.1974aaC>aaT
23542	T	TC																		9					9.0	1	TC	S	S:p.660-; S:p.660Y	synonymous_variant; coding_sequence_variant	LOW; MODIFIER	c.1980taT>taC; c.1980taT>taY
5295	C	CT							19																19.0	1	CT	ORF1ab	orf1ab:p.1677A>V; orf1ab:p.1677-	coding_sequence_variant; missense_variant	MODIFIER; MODERATE	c.5030gCc>gYc; c.5030gCc>gSc; c.5030gCc>gTc
23679	C	CG															49								49.0	1	CG	S	S:p.706A>V; S:p.706-	missense_variant; coding_sequence_variant	MODERATE; MODIFIER	c.2117gCt>gSt; c.2117gCt>gTt; c.2117gCt>gYt
23693	T	TG											784												784.0	1	TG	S	S:p.711S>A; S:p.711S>P; S:p.711-	coding_sequence_variant; missense_variant	MODIFIER; MODERATE	c.2131Tct>Kct; c.2131Tct>Cct; c.2131Tct>Yct; c.2131Tct>Gct
23788	T	TC							21																21.0	1	TC	S	S:p.742I; S:p.742-	synonymous_variant; coding_sequence_variant	LOW; MODIFIER	c.2226atT>atY; c.2226atT>atC
25376	T	TA							40																40.0	1	TA	S	S:p.1272-; S:p.1272Y>N; S:p.1272Y>H; S:p.1272-?-; ORF3a:p.?-15-	coding_sequence_variant; missense_variant; upstream_gene_variant; coding_sequence_variant,3_prime_UTR_variant; coding_sequence_variant,5_prime_UTR_variant	MODIFIER; MODERATE; MODIFIER,DISTANCE=ORF3a:17	c.3814Tac>Cac; c.?-45-; c.3815-?-; c.3814Tac>Wac; c.3814Tac>Aac; c.3814Tac>Yac
23797	T	TC			25																				25.0	1	TC	S	S:p.745D>E; S:p.745-; S:p.745D	coding_sequence_variant; synonymous_variant; missense_variant	MODIFIER; LOW; MODERATE	c.2235gaT>gaA; c.2235gaT>gaG; c.2235gaT>gaY; c.2235gaT>gaK; c.2235gaT>gaC
24003	A	AC					42																		42.0	1	AC	S	S:p.814K>M; S:p.814K>T; S:p.814K>R; S:p.814-	missense_variant; coding_sequence_variant	MODERATE; MODIFIER	c.2441aAg>aRg; c.2441aAg>aGg; c.2441aAg>aMg; c.2441aAg>aCg; c.2441aAg>aTg
24023	C	CA							20																20.0	1	CA	S	S:p.821L; S:p.821L>I; S:p.821L>V; S:p.821-	synonymous_variant; missense_variant; coding_sequence_variant	LOW; MODERATE; MODIFIER	c.2461Cta>Ata; c.2461Cta>Yta; c.2461Cta>Sta; c.2461Cta>Tta; c.2461Cta>Gta
25276	C	CA							15																15.0	1	CA	S	S:p.1238T; S:p.1238-	synonymous_variant; coding_sequence_variant	LOW; MODIFIER	c.3714acC>acA; c.3714acC>acY; c.3714acC>acM; c.3714acC>acT; c.3714acC>acG
26333	C	CA					101																		101.0	1	CA	E	E:p.30-; E:p.30T>I; E:p.30T>K; E:p.30T>R	missense_variant; coding_sequence_variant	MODERATE; MODIFIER	c.89aCa>aAa; c.89aCa>aTa; c.89aCa>aYa; c.89aCa>aGa
25401	G	GT							34																34.0	1	GT	ORF3a	ORF3a:p.4F>X; ORF3a:p.3L>LX; ORF3a:p.3L>F; ORF3a:p.3L; ORF3a:p.3-	downstream_gene_variant; missense_variant; synonymous_variant; coding_sequence_variant; frameshift_variant	MODIFIER,DISTANCE=S:17; MODERATE; LOW; MODIFIER; HIGH; MODIFIER,DISTANCE=S:18	c.9ttG>ttR; c.9ttG>ttT; c.9ttG>ttGT; c.9ttG>ttA; c.9ttG>ttK; c.10Ttt>tt
25530	T	TC							31																31.0	1	TC	ORF3a	ORF3a:p.46L; ORF3a:p.46-	synonymous_variant; coding_sequence_variant	LOW; MODIFIER	c.138ctT>ctC; c.138ctT>ctA; c.138ctT>ctY
882	C	CT								21															21.0	1	CT	ORF1ab	orf1ab:p.206A>V; orf1ab:p.206A>E; orf1ab:p.206-	missense_variant; coding_sequence_variant	MODERATE; MODIFIER	c.617gCa>gAa; c.617gCa>gTa; c.617gCa>gYa
28183	G	GT							47																47.0	1	GT	ORF8	ORF8:p.97S>N; ORF8:p.97S>I; ORF8:p.97-	missense_variant; coding_sequence_variant; upstream_gene_variant	MODERATE; MODIFIER; MODIFIER,DISTANCE=N:91	c.290aGt>aKt; c.290aGt>aAt; c.290aGt>aRt; c.290aGt>aSt; c.290aGt>aTt
28234	T	TC			45																				45.0	1	TC	ORF8	ORF8:p.114V>G; ORF8:p.114V>A	missense_variant; upstream_gene_variant	MODERATE; MODIFIER,DISTANCE=N:40	c.341gTt>gCt; c.341gTt>gGt
4469	A	AT							15																15.0	1	AT	ORF1ab	orf1ab:p.1402I>L; orf1ab:p.1402-; orf1ab:p.1402I>V	coding_sequence_variant; missense_variant	MODIFIER; MODERATE	c.4204Ata>Cta; c.4204Ata>Rta; c.4204Ata>Gta
28277	T	TC							45																45.0	1	TC	N	N:p.2S>T; N:p.2-; N:p.2S>A; N:p.2S>P; N:p.2-3SD>Y	downstream_gene_variant; missense_variant; coding_sequence_variant; inframe_deletion	MODIFIER,DISTANCE=ORF8:18; MODERATE; MODIFIER; MODIFIER,DISTANCE=ORF8:19	c.4Tct>Yct; c.4Tct>Cct; c.5-7tCTGat>tat; c.4Tct>Act; c.4Tct>Gct
28311	C	CT						2903																	2903.0	1	CT	N	N:p.13P>L; N:p.13-; N:p.13P>H; N:p.13P>R	downstream_gene_variant; missense_variant; coding_sequence_variant	MODIFIER,DISTANCE=ORF8:52; MODERATE; MODIFIER	c.38cCc>cTc; c.38cCc>cAc; c.38cCc>cMc; c.38cCc>cYc; c.38cCc>cGc; c.38cCc>cSc
849	G	GT							17																17.0	1	GT	ORF1ab	orf1ab:p.195G>D; orf1ab:p.195G>V	missense_variant	MODERATE	c.584gGc>gTc; c.584gGc>gAc
4468	T	TC							14																14.0	1	TC	ORF1ab	orf1ab:p.1401-; orf1ab:p.1401T	synonymous_variant; coding_sequence_variant	LOW; MODIFIER	c.4203acT>acC; c.4203acT>acA; c.4203acT>acW; c.4203acT>acY
441	G	GA							27																27.0	1	GA	ORF1ab	orf1ab:p.59-; orf1ab:p.59G>D; orf1ab:p.59G>V	missense_variant; coding_sequence_variant	MODERATE; MODIFIER	c.176gGc>gKc; c.176gGc>gAc; c.176gGc>gTc; c.176gGc>gRc
28556	C	CT																		10					10.0	1	CT	N	N:p.95-96RG>R; N:p.95R>G; N:p.95-; N:p.95R>C	missense_variant; coding_sequence_variant; inframe_deletion	MODERATE; MODIFIER	c.284-286cGTGgt>cgt; c.283Cgt>Tgt; c.283Cgt>Ggt; c.283Cgt>Ygt
28755	T	TA													41										41.0	1	TA	N	N:p.161L>H	missense_variant	MODERATE	c.482cTt>cAt
28826	C	CG				5																			5.0	1	CG	N	N:p.185R>G; N:p.185R>C; N:p.185R>S; N:p.185-	coding_sequence_variant; missense_variant	MODIFIER; MODERATE	c.553Cgt>Mgt; c.553Cgt>Tgt; c.553Cgt>Ggt; c.553Cgt>Agt; c.553Cgt>Ygt
289	C	CT																		6					6.0	1	CT	ORF1ab	orf1ab:p.8-; orf1ab:p.8F; orf1ab:p.9N>X; orf1ab:p.8F>L	synonymous_variant; missense_variant; coding_sequence_variant; frameshift_variant	LOW; MODERATE; MODIFIER; HIGH	c.25-26AAc>c; c.24ttC>ttA; c.24ttC>ttY; c.24ttC>ttT
285	G	GT							21																21.0	1	GT	ORF1ab	orf1ab:p.7-; orf1ab:p.7G>A; orf1ab:p.7G>V; orf1ab:p.7G>D	missense_variant; coding_sequence_variant	MODERATE; MODIFIER	c.20gGt>gCt; c.20gGt>gAt; c.20gGt>gRt; c.20gGt>gKt; c.20gGt>gTt
4367	C	CA							31																31.0	1	CA	ORF1ab	orf1ab:p.1368L>I; orf1ab:p.1368-; orf1ab:p.1368L>F	missense_variant; coding_sequence_variant	MODERATE; MODIFIER	c.4102Ctt>Ttt; c.4102Ctt>Mtt; c.4102Ctt>Ytt; c.4102Ctt>Att
270	A	AG																	831						831.0	1	AG	ORF1ab	orf1ab:p.2E>G; orf1ab:p.2E>V; orf1ab:p.2-; orf1ab:p.2E>A; orf1ab:p.2-5ESLV>D	missense_variant; coding_sequence_variant; inframe_deletion	MODERATE; MODIFIER	c.5gAg>gMg; c.5gAg>gCg; c.5gAg>gTg; c.6-14gaGAGCCTTGTc>gac; c.5gAg>gGg; c.5gAg>gRg
29030	G	GT																						5	5.0	1	GT	N	N:p.253-; N:p.253E>K; N:p.253E>*	coding_sequence_variant; missense_variant; stop_gained	MODIFIER; MODERATE; HIGH	c.757Gag>Kag; c.757Gag>Aag; c.757Gag>Tag; c.757Gag>Sag
4099	C	CA							25																25.0	1	CA	ORF1ab	orf1ab:p.1278F>L; orf1ab:p.1278F; orf1ab:p.1278-	synonymous_variant; coding_sequence_variant; missense_variant	LOW; MODIFIER; MODERATE	c.3834ttC>ttM; c.3834ttC>ttT; c.3834ttC>ttS; c.3834ttC>ttA; c.3834ttC>ttY
29033	G	GT																		26					26.0	1	GT	N	N:p.254-255AS>A; N:p.254A>T; N:p.254A>S; N:p.254-	missense_variant; coding_sequence_variant; inframe_deletion	MODERATE; MODIFIER	c.761-763gCTTct>gct; c.760Gct>Tct; c.760Gct>Sct; c.760Gct>Kct; c.760Gct>Rct; c.760Gct>Act
29035	T	TC																						5	5.0	1	TC	N	N:p.254A; N:p.254-	synonymous_variant; coding_sequence_variant	LOW; MODIFIER	c.762gcT>gcG; c.762gcT>gcW; c.762gcT>gcA; c.762gcT>gcC; c.762gcT>gcY
243	T	TC											15												15.0	1	TC	5'UTR		upstream_gene_variant	MODIFIER,DISTANCE=orf1ab:23	
29111	G	GT							23																23.0	1	GT	N	N:p.280E>Q; N:p.280E>K; N:p.280-	missense_variant; coding_sequence_variant	MODERATE; MODIFIER	c.838Gaa>Caa; c.838Gaa>Kaa; c.838Gaa>Raa; c.838Gaa>Aaa
29115	A	AT							45																45.0	1	AT	N	N:p.281Q>R; N:p.281Q>P; N:p.281-; N:p.281Q>L	missense_variant; coding_sequence_variant	MODERATE; MODIFIER	c.842cAa>cRa; c.842cAa>cCa; c.842cAa>cWa; c.842cAa>cTa; c.842cAa>cGa
29140	G	GT										17													17.0	1	GT	N	N:p.289Q>H; N:p.289Q; N:p.289-	missense_variant; synonymous_variant; coding_sequence_variant	MODERATE; LOW; MODIFIER	c.867caG>caC; c.867caG>caA; c.867caG>caK; c.867caG>caT; c.867caG>caS; c.867caG>caR
29178	C	CA							37																37.0	1	CA	N	N:p.302P>L; N:p.302-; N:p.302P>Q	missense_variant; coding_sequence_variant	MODERATE; MODIFIER	c.905cCg>cTg; c.905cCg>cSg; c.905cCg>cAg; c.905cCg>cYg
29186	G	GA							42																42.0	1	GA	N	N:p.305-; N:p.305A>S; N:p.305A>T	missense_variant; coding_sequence_variant	MODERATE; MODIFIER	c.913Gca>Kca; c.913Gca>Tca; c.913Gca>Aca
29545	C	CT				7																			7.0	1	CT	Intergenic		downstream_gene_variant; upstream_gene_variant	MODIFIER,DISTANCE=N:12; MODIFIER,DISTANCE=ORF10:13; MODIFIER,DISTANCE=N:13; MODIFIER,DISTANCE=ORF10:11	
28097	A	AT							20																20.0	1	AT	ORF8	ORF8:p.68K>N; ORF8:p.68K; ORF8:p.69-86SPIQYIDIGNYTVSCLPF>X; ORF8:p.68-	synonymous_variant; coding_sequence_variant; missense_variant; frameshift_variant	LOW; MODIFIER; MODERATE; HIGH	c.205-256TCACCCATTCAGTACATCGATATCGGTAATTATACAGTTTCCTGTTTACCTTtt>tt; c.204aaA>aaW; c.204aaA>aaT; c.204aaA>aaR; c.204aaA>aaG; c.204aaA>aaC
28096	A	AG													7										7.0	1	AG	ORF8	ORF8:p.68-; ORF8:p.68K>T; ORF8:p.68K>R; ORF8:p.68K>I	missense_variant; coding_sequence_variant	MODERATE; MODIFIER	c.203aAa>aCa; c.203aAa>aWa; c.203aAa>aRa; c.203aAa>aGa; c.203aAa>aTa
27891	A	AT													5										5.0	1	AT	Intergenic		upstream_gene_variant	MODIFIER,DISTANCE=ORF8:3	
26574	G	GT							24																24.0	1	GT	M	M:p.18-; M:p.18E>Q; M:p.18-27EQWNLVIGFL>X	missense_variant; coding_sequence_variant; frameshift_variant	MODERATE; MODIFIER; HIGH	c.52Gaa>Saa; c.52Gaa>Caa; c.52Gaa>Kaa; c.53-80gAACAATGGAACCTAGTAATAGGTTTCCTa>ga
25549	C	CA							75																75.0	1	CA	ORF3a	ORF3a:p.53-56LAVF>X; ORF3a:p.53-55LAV>X; ORF3a:p.53L>V; ORF3a:p.53-; ORF3a:p.53-55LAV>L; ORF3a:p.53L>I; ORF3a:p.53L>F; ORF3a:p.53L>HX	missense_variant; coding_sequence_variant; frameshift_variant; inframe_deletion	MODERATE; MODIFIER; HIGH	c.158-167cTTGCTGTTTTt>ct; c.157Ctt>Ttt; c.157Ctt>CAtt; c.158-163cTTGCTGtt>ctt; c.157Ctt>Ytt; c.157Ctt>Att; c.158-165cTTGCTGTT>c; c.157Ctt>Gtt; c.158-164cTTGCTGTt>ct
1588	A	AT							6																6.0	1	AT	ORF1ab	orf1ab:p.441E>D; orf1ab:p.441E; orf1ab:p.441-; orf1ab:p.442G>X	synonymous_variant; missense_variant; coding_sequence_variant; frameshift_variant	LOW; MODERATE; MODIFIER; HIGH	c.1323gaA>gaR; c.1323gaA>gaC; c.1324Ggt>gt; c.1323gaA>gaG; c.1323gaA>gaT
26060	C	CT													25										25.0	1	CT	ORF3a	ORF3a:p.223T>S; ORF3a:p.223T>X; ORF3a:p.223-; ORF3a:p.223-224TG>T; ORF3a:p.223T>I; ORF3a:p.223T>N	missense_variant; coding_sequence_variant; inframe_deletion; frameshift_variant	MODERATE; MODIFIER; HIGH	c.668aCt>aGt; c.669-671acTGGt>act; c.668aCt>aSt; c.669acT>ac; c.668aCt>aAt; c.668aCt>aYt; c.668aCt>aTt; c.668aCt>aMt
1540	A	AC								33															33.0	1	AC	ORF1ab	orf1ab:p.425-; orf1ab:p.425P	synonymous_variant; coding_sequence_variant	LOW; MODIFIER	c.1275ccA>ccR; c.1275ccA>ccC; c.1275ccA>ccG; c.1275ccA>ccT
22224	C	CT							5																5.0	1	CT	S	S:p.221S>L; S:p.221S>W; S:p.221S>X; S:p.221-	missense_variant; coding_sequence_variant; frameshift_variant	MODERATE; MODIFIER; HIGH	c.662tCg>tMg; c.663tcG>tc; c.662tCg>tGg; c.662tCg>tYg; c.662tCg>tTg
26333	C	CT								71															71.0	1	CT	E	E:p.30-; E:p.30T>I; E:p.30T>K; E:p.30T>R	missense_variant; coding_sequence_variant	MODERATE; MODIFIER	c.89aCa>aAa; c.89aCa>aTa; c.89aCa>aYa; c.89aCa>aGa
4980	C	CA							12																12.0	1	CA	ORF1ab	orf1ab:p.1572-; orf1ab:p.1572T>I; orf1ab:p.1572T>K	missense_variant; coding_sequence_variant	MODERATE; MODIFIER	c.4715aCa>aYa; c.4715aCa>aTa; c.4715aCa>aAa
26355	T	TG															45								45.0	1	TG	E	E:p.37L; E:p.37-	synonymous_variant; coding_sequence_variant	LOW; MODIFIER	c.111ctT>ctG; c.111ctT>ctC; c.111ctT>ctY; c.111ctT>ctA
26506	G	GA							8																8.0	1	GA	Intergenic		downstream_gene_variant; upstream_gene_variant	MODIFIER,DISTANCE=E:34; MODIFIER,DISTANCE=M:17	
26507	A	AT													12										12.0	1	AT	Intergenic		downstream_gene_variant; upstream_gene_variant	MODIFIER,DISTANCE=E:35; MODIFIER,DISTANCE=M:16	
4827	C	CT																		9					9.0	1	CT	ORF1ab	orf1ab:p.1521T>I; orf1ab:p.1521T>K; orf1ab:p.1521-	coding_sequence_variant; missense_variant	MODIFIER; MODERATE	c.4562aCa>aTa; c.4562aCa>aYa; c.4562aCa>aAa
1094	T	TC												91											91.0	1	TC	ORF1ab	orf1ab:p.277L>V; orf1ab:p.277L; orf1ab:p.277-; orf1ab:p.277L>I	synonymous_variant; missense_variant; coding_sequence_variant	LOW; MODERATE; MODIFIER	c.829Tta>Cta; c.829Tta>Ata; c.829Tta>Yta; c.829Tta>Gta
26730	G	GT																					133		133.0	1	GT	M	M:p.70V>I; M:p.70-; M:p.70V>F; M:p.70V>L	missense_variant; coding_sequence_variant	MODERATE; MODIFIER	c.208Gtt>Ktt; c.208Gtt>Ctt; c.208Gtt>Rtt; c.208Gtt>Ttt; c.208Gtt>Att; c.208Gtt>Stt
27890	G	GT							11																11.0	1	GT	Intergenic		upstream_gene_variant	MODIFIER,DISTANCE=ORF8:4; MODIFIER,DISTANCE=ORF8:2	
1047	A	AC										22													22.0	1	AC	ORF1ab	orf1ab:p.261-; orf1ab:p.261K>R; orf1ab:p.261K>T; orf1ab:p.261K>M	coding_sequence_variant; missense_variant	MODIFIER; MODERATE	c.782aAg>aCg; c.782aAg>aTg; c.782aAg>aRg; c.782aAg>aGg
26771	A	AT							25																25.0	1	AT	M	M:p.83-; M:p.83A	synonymous_variant; coding_sequence_variant	LOW; MODIFIER	c.249gcA>gcG; c.249gcA>gcT; c.249gcA>gcR; c.249gcA>gcC; c.249gcA>gcW
26773	T	TC						319																	319.0	1	TC	M	M:p.84-; M:p.84M>T	missense_variant; coding_sequence_variant	MODERATE; MODIFIER	c.251aTg>aCg; c.251aTg>aYg
26985	C	CG									27														27.0	1	CG	M	M:p.155H>N; M:p.155H>D; M:p.155-; M:p.155H>Y	missense_variant; coding_sequence_variant	MODERATE; MODIFIER	c.463Cat>Gat; c.463Cat>Tat; c.463Cat>Aat; c.463Cat>Yat
27110	C	CT																		26					26.0	1	CT	M	M:p.196-; M:p.196Y>*; M:p.196Y	synonymous_variant; coding_sequence_variant; stop_gained; upstream_gene_variant	LOW; MODIFIER; HIGH; MODIFIER,DISTANCE=ORF6:92	c.588taC>taM; c.588taC>taT; c.588taC>taA; c.588taC>taY
27131	C	CT																		63					63.0	1	CT	M	M:p.204Y>X; M:p.203-; M:p.203N; M:p.203N>K	synonymous_variant; coding_sequence_variant; missense_variant; upstream_gene_variant; frameshift_variant	LOW; MODIFIER; MODERATE; MODIFIER,DISTANCE=ORF6:71; HIGH; MODIFIER,DISTANCE=ORF6:69	c.609aaC>aaT; c.610-611TAt>t; c.609aaC>aaY; c.609aaC>aaA
27215	T	TC																				51			51.0	1	TC	ORF6	ORF6:p.5V>A	downstream_gene_variant; missense_variant	MODIFIER,DISTANCE=M:24; MODERATE	c.14gTt>gCt
27226	G	GT							37																37.0	1	GT	ORF6	ORF6:p.9V>I; ORF6:p.9-; ORF6:p.9V>L; ORF6:p.9V>F	downstream_gene_variant; missense_variant; coding_sequence_variant	MODIFIER,DISTANCE=M:35; MODERATE; MODIFIER	c.25Gtt>Att; c.25Gtt>Ktt; c.25Gtt>Ttt; c.25Gtt>Ctt
27231	T	TG							35																35.0	1	TG	ORF6	ORF6:p.10T; ORF6:p.10-	downstream_gene_variant; synonymous_variant; coding_sequence_variant	MODIFIER,DISTANCE=M:40; LOW; MODIFIER	c.30acT>acA; c.30acT>acY; c.30acT>acC; c.30acT>acG
27263	C	CT							24																24.0	1	CT	ORF6	ORF6:p.21-22TF>T; ORF6:p.21T>X; ORF6:p.21-26TFKVSI>TX; ORF6:p.21-23TFK>T; ORF6:p.21-; ORF6:p.21T>S; ORF6:p.21-22TF>TX; ORF6:p.21T>N; ORF6:p.21-33TFKVSIWNLDYII>T; ORF6:p.21T>I; ORF6:p.21-30TFKVSIWNLD>T; ORF6:p.21-24TFKV>T; ORF6:p.21T>TX; ORF6:p.21-30TFKVSIWNLD>X; ORF6:p.21-29TFKVSIWNL>T; ORF6:p.21-33TFKVSIWNLDYII>TX; ORF6:p.21-27TFKVSIW>X	downstream_gene_variant; missense_variant; coding_sequence_variant; frameshift_variant; inframe_deletion; upstream_gene_variant	MODIFIER,DISTANCE=M:72; MODERATE; MODIFIER; HIGH; MODIFIER,DISTANCE=M:73; MODIFIER,DISTANCE=ORF7a:95; MODIFIER,DISTANCE=ORF7a:96	c.63-65acTTTt>act; c.63-71acTTTTAAAGTt>act; c.62aCt>aCTt; c.63-98acTTTTAAAGTTTCCATTTGGAATCTTGATTACATCATa>aca; c.62aCt>aGt; c.63-90acTTTTAAAGTTTCCATTTGGAATCTTGAT>ac; c.63acT>ac; c.62aCt>aTt; c.63-76acTTTTAAAGTTTCCAtt>actt; c.63-68acTTTTAAa>aca; c.63-81acTTTTAAAGTTTCCATTTGG>ac; c.62aCt>aAt; c.63-86acTTTTAAAGTTTCCATTTGGAATCTt>act; c.63-64acTTtt>actt; c.63-97acTTTTAAAGTTTCCATTTGGAATCTTGATTACATCAta>acta; c.62aCt>aYt; c.63-89acTTTTAAAGTTTCCATTTGGAATCTTGAt>act
4784	C	CT													97										97.0	1	CT	ORF1ab	orf1ab:p.1507-; orf1ab:p.1507L>F; orf1ab:p.1507L>V; orf1ab:p.1507L>I	missense_variant; coding_sequence_variant	MODERATE; MODIFIER	c.4519Ctt>Ytt; c.4519Ctt>Mtt; c.4519Ctt>Gtt; c.4519Ctt>Ttt; c.4519Ctt>Att
27867	A	AG							14																14.0	1	AG	Intergenic		upstream_gene_variant	MODIFIER,DISTANCE=ORF8:27	
22246	T	TG										32													32.0	1	TG	S	S:p.228-; S:p.228D; S:p.228D>E	synonymous_variant; coding_sequence_variant; missense_variant	LOW; MODIFIER; MODERATE	c.684gaT>gaC; c.684gaT>gaY; c.684gaT>gaG
21646	C	CT																			548				548.0	1	CT	S	S:p.29T>-; S:p.28Y; S:p.28-	downstream_gene_variant; coding_sequence_variant; synonymous_variant; inframe_deletion	MODIFIER,DISTANCE=orf1ab:91; MODIFIER; LOW; MODIFIER,DISTANCE=orf1ab:92; MODERATE	c.84taC>taT; c.85-87ACT>-; c.84taC>taY
22095	A	AC													11										11.0	1	AC	S	S:p.178-; S:p.178D>G; S:p.178D>V	missense_variant; coding_sequence_variant	MODERATE; MODIFIER	c.533gAc>gTc; c.533gAc>gRc; c.533gAc>gGc
22054	T	TC																		7					7.0	1	TC	S	S:p.165N>X; S:p.164-; S:p.164N; S:p.164N>K	synonymous_variant; coding_sequence_variant; missense_variant; frameshift_variant	LOW; MODIFIER; MODERATE; HIGH	c.492aaT>aaC; c.492aaT>aaY; c.492aaT>aaG; c.492aaT>aaA; c.493Aat>at
2707	A	AT								5															5.0	1	AT	ORF1ab	orf1ab:p.814T	synonymous_variant	LOW	c.2442acA>acT; c.2442acA>acG
2698	T	TC							5																5.0	1	TC	ORF1ab	orf1ab:p.811-; orf1ab:p.811N	synonymous_variant; coding_sequence_variant	LOW; MODIFIER	c.2433aaT>aaY; c.2433aaT>aaC
2509	C	CT									52														52.0	1	CT	ORF1ab	orf1ab:p.748-; orf1ab:p.748P	synonymous_variant; coding_sequence_variant	LOW; MODIFIER	c.2244ccC>ccS; c.2244ccC>ccY; c.2244ccC>ccG; c.2244ccC>ccA; c.2244ccC>ccT
11480	T	TC							28																28.0	1	TC	ORF1ab	orf1ab:p.3739S>A	missense_variant	MODERATE	c.11215Tct>Gct
11555	G	GA							33																33.0	1	GA	ORF1ab	orf1ab:p.3764E>K; orf1ab:p.3764-	coding_sequence_variant; missense_variant	MODIFIER; MODERATE	c.11290Gag>Kag; c.11290Gag>Rag; c.11290Gag>Aag
6071	A	AG							19																19.0	1	AG	ORF1ab	orf1ab:p.1936K>E	missense_variant	MODERATE	c.5806Aaa>Gaa
11914	A	AC							29																29.0	1	AC	ORF1ab	orf1ab:p.3883-; orf1ab:p.3883S	synonymous_variant; coding_sequence_variant	LOW; MODIFIER	c.11649tcA>tcG; c.11649tcA>tcT; c.11649tcA>tcC; c.11649tcA>tcR
11939	G	GT							37																37.0	1	GT	ORF1ab	orf1ab:p.3892V>L; orf1ab:p.3892V>DX; orf1ab:p.3892V>F; orf1ab:p.3892V>I; orf1ab:p.3892-	frameshift_variant; missense_variant; coding_sequence_variant	HIGH; MODERATE; MODIFIER	c.11674Gtc>Ttc; c.11674Gtc>Ktc; c.11674Gtc>Rtc; c.11674Gtc>Ctc; c.11674Gtc>GAtc; c.11674Gtc>Atc
12054	T	TC							41																41.0	1	TC	ORF1ab	orf1ab:p.3930-	coding_sequence_variant	MODIFIER	c.11789cTt>cYt
6015	A	AC							10																10.0	1	AC	ORF1ab	orf1ab:p.1917-; orf1ab:p.1917N>S; orf1ab:p.1917N>I	missense_variant; coding_sequence_variant	MODERATE; MODIFIER	c.5750aAc>aRc; c.5750aAc>aTc; c.5750aAc>aGc
12295	C	CA							15																15.0	1	CA	ORF1ab	orf1ab:p.4010T; orf1ab:p.4010-	synonymous_variant; coding_sequence_variant	LOW; MODIFIER	c.12030acC>acA; c.12030acC>acT; c.12030acC>acM; c.12030acC>acY
12383	T	TC							16																16.0	1	TC	ORF1ab	orf1ab:p.4040L>V; orf1ab:p.4040L	synonymous_variant; missense_variant	LOW; MODERATE	c.12118Ttg>Ctg; c.12118Ttg>Gtg
2502	C	CT																		6					6.0	1	CT	ORF1ab	orf1ab:p.746T>I; orf1ab:p.746-; orf1ab:p.746T>K; orf1ab:p.746T>X	missense_variant; coding_sequence_variant; frameshift_variant	MODERATE; MODIFIER; HIGH	c.2237aCa>aAa; c.2237aCa>aYa; c.2238acA>ac; c.2237aCa>aTa
12574	T	TG							33																33.0	1	TG	ORF1ab	orf1ab:p.4103-; orf1ab:p.4103D	synonymous_variant; coding_sequence_variant	LOW; MODIFIER	c.12309gaT>gaC; c.12309gaT>gaY
6003	A	AG								85															85.0	1	AG	ORF1ab	orf1ab:p.1913-; orf1ab:p.1913D>G	missense_variant; coding_sequence_variant	MODERATE; MODIFIER	c.5738gAt>gGt; c.5738gAt>gRt
13076	G	GT							46																46.0	1	GT	ORF1ab	orf1ab:p.4271-; orf1ab:p.4271A>S	missense_variant; coding_sequence_variant	MODERATE; MODIFIER	c.12811Gct>Tct; c.12811Gct>Kct
13115	C	CT							43																43.0	1	CT	ORF1ab	orf1ab:p.4284L>I; orf1ab:p.4284-; orf1ab:p.4284L	synonymous_variant; coding_sequence_variant; missense_variant	LOW; MODIFIER; MODERATE	c.12850Cta>Yta; c.12850Cta>Ata; c.12850Cta>Tta
13287	G	GT							71																71.0	1	GT	ORF1ab	orf1ab:p.4341G>V; orf1ab:p.4341G>E	missense_variant	MODERATE	c.13022gGa>gAa; c.13022gGa>gTa
13320	T	TA							29																29.0	1	TA	ORF1ab	orf1ab:p.4352I>T	missense_variant	MODERATE	c.13055aTa>aCa
13373	T	TC				20																			20.0	1	TC					
13475	G	GA							22																22.0	1	GA	ORF1ab	orf1ab:p.4404-; orf1ab:p.4404C>S; orf1ab:p.4404C>F	missense_variant; coding_sequence_variant	MODERATE; MODIFIER	c.13211tGc>tTc; c.13211tGc>tKc; c.13211tGc>tSc; c.13211tGc>tCc
13555	A	AG							29																29.0	1	AG	ORF1ab	orf1ab:p.4431N>Y	missense_variant	MODERATE	c.13291Aat>Tat
13559	A	AC								93															93.0	1	AC	ORF1ab	orf1ab:p.4432D>V; orf1ab:p.4432D>G; orf1ab:p.4432-; orf1ab:p.4432D>A	missense_variant; coding_sequence_variant	MODERATE; MODIFIER	c.13295gAt>gMt; c.13295gAt>gTt; c.13295gAt>gCt; c.13295gAt>gRt; c.13295gAt>gGt
5880	G	GT							18																18.0	1	GT	ORF1ab	orf1ab:p.1872S>I; orf1ab:p.1872-; orf1ab:p.1872S>T; orf1ab:p.1872S>N	coding_sequence_variant; missense_variant	MODIFIER; MODERATE	c.5615aGt>aTt; c.5615aGt>aRt; c.5615aGt>aCt; c.5615aGt>aKt; c.5615aGt>aAt
13758	A	AG	51																						51.0	1	AG	ORF1ab	orf1ab:p.4498I; orf1ab:p.4498I>M; orf1ab:p.4498-	missense_variant; synonymous_variant; coding_sequence_variant	MODERATE; LOW; MODIFIER	c.13494atA>atR; c.13494atA>atT; c.13494atA>atG
2457	T	TC							10																10.0	1	TC	ORF1ab	orf1ab:p.731M>T	missense_variant	MODERATE	c.2192aTg>aCg
14018	G	GT							21																21.0	1	GT	ORF1ab	orf1ab:p.4585C>Y; orf1ab:p.4585C>S	missense_variant	MODERATE	c.13754tGt>tCt; c.13754tGt>tAt
10500	G	GT							19																19.0	1	GT	ORF1ab	orf1ab:p.3412-; orf1ab:p.3412G>X	coding_sequence_variant; frameshift_variant	MODIFIER; HIGH	c.10235gGt>gKt; c.10236ggT>gg
10488	G	GT							15																15.0	1	GT	ORF1ab	orf1ab:p.3408-; orf1ab:p.3408C>Y; orf1ab:p.3408C>F	coding_sequence_variant; missense_variant	MODIFIER; MODERATE	c.10223tGt>tTt; c.10223tGt>tKt; c.10223tGt>tRt; c.10223tGt>tAt
10474	C	CT																		8					8.0	1	CT	ORF1ab	orf1ab:p.3403-; orf1ab:p.3403F	synonymous_variant; coding_sequence_variant	LOW; MODIFIER	c.10209ttC>ttY; c.10209ttC>ttT
9110	C	CT							37																37.0	1	CT	ORF1ab	orf1ab:p.2949-; orf1ab:p.2949R>C	missense_variant; coding_sequence_variant	MODERATE; MODIFIER	c.8845Cgc>Ygc; c.8845Cgc>Tgc; c.8845Cgc>Sgc
6688	T	TC								32															32.0	1	TC	ORF1ab	orf1ab:p.2141-; orf1ab:p.2141Y>YX; orf1ab:p.2141Y	synonymous_variant; coding_sequence_variant; frameshift_variant	LOW; MODIFIER; HIGH	c.6423taT>taY; c.6423taT>taC; c.6423taT>taTA
7528	C	CT							14																14.0	1	CT	ORF1ab	orf1ab:p.2421-; orf1ab:p.2421V	synonymous_variant; coding_sequence_variant	LOW; MODIFIER	c.7263gtC>gtA; c.7263gtC>gtT; c.7263gtC>gtY
7678	A	AT							20																20.0	1	AT	ORF1ab	orf1ab:p.2471R>S; orf1ab:p.2471R; orf1ab:p.2471-	missense_variant; synonymous_variant; coding_sequence_variant	MODERATE; LOW; MODIFIER	c.7413agA>agR; c.7413agA>agC; c.7413agA>agG; c.7413agA>agT
7726	T	TC								234															234.0	1	TC	ORF1ab	orf1ab:p.2487S	synonymous_variant	LOW	c.7461tcT>tcG; c.7461tcT>tcC; c.7461tcT>tcA
6563	G	GT							20																20.0	1	GT	ORF1ab	orf1ab:p.2100V>I; orf1ab:p.2100V>L; orf1ab:p.2100-2104VDNSS>G; orf1ab:p.2100-2115VDNSSLTIKKPNELSR>G; orf1ab:p.2100-	coding_sequence_variant; missense_variant; inframe_deletion	MODIFIER; MODERATE	c.6299-6343gTAGACAATTCTAGTCTTACTATTAAGAAACCTAATGAATTATCTAga>gga; c.6298Gta>Cta; c.6299-6310gTAGACAATTCTAgt>ggt; c.6298Gta>Ata; c.6298Gta>Tta; c.6298Gta>Rta; c.6298Gta>Kta
8078	C	CT				22																			22.0	1	CT	ORF1ab	orf1ab:p.2605-; orf1ab:p.2605P>S; orf1ab:p.2605P>T; orf1ab:p.2605P>A	missense_variant; coding_sequence_variant	MODERATE; MODIFIER	c.7813Cca>Tca; c.7813Cca>Gca; c.7813Cca>Yca; c.7813Cca>Aca
8198	G	GT							17																17.0	1	GT					
8222	G	GT							22																22.0	1	GT	ORF1ab	orf1ab:p.2653E>K; orf1ab:p.2653-	missense_variant; coding_sequence_variant	MODERATE; MODIFIER	c.7957Gaa>Raa; c.7957Gaa>Aaa
8747	G	GT							6																6.0	1	GT	ORF1ab	orf1ab:p.2828A>T; orf1ab:p.2828A>S; orf1ab:p.2828-	missense_variant; coding_sequence_variant	MODERATE; MODIFIER	c.8482Gct>Tct; c.8482Gct>Sct; c.8482Gct>Act; c.8482Gct>Kct
3022	T	TC							28																28.0	1	TC	ORF1ab	orf1ab:p.919-; orf1ab:p.919H>Q; orf1ab:p.919H	coding_sequence_variant; synonymous_variant; missense_variant	MODIFIER; LOW; MODERATE	c.2757caT>caW; c.2757caT>caC; c.2757caT>caA; c.2757caT>caY
2947	C	CT								1061															1061.0	1	CT	ORF1ab	orf1ab:p.894G; orf1ab:p.895-896ID>X; orf1ab:p.894-; orf1ab:p.895-899IDLDE>X	synonymous_variant; coding_sequence_variant; frameshift_variant	LOW; MODIFIER; HIGH	c.2682ggC>ggM; c.2683-2686ATTGat>at; c.2682ggC>ggA; c.2682ggC>ggG; c.2683-2695ATTGATTTAGATGag>ag; c.2682ggC>ggY; c.2682ggC>ggT
9101	G	GT							20																20.0	1	GT	ORF1ab	orf1ab:p.2946-; orf1ab:p.2946E>K	missense_variant; coding_sequence_variant	MODERATE; MODIFIER	c.8836Gaa>Raa; c.8836Gaa>Aaa
9163	C	CT						276																	276.0	1	CT	ORF1ab	orf1ab:p.2966N; orf1ab:p.2966-; orf1ab:p.2966N>K	coding_sequence_variant; missense_variant; synonymous_variant	MODIFIER; MODERATE; LOW	c.8898aaC>aaM; c.8898aaC>aaT; c.8898aaC>aaA; c.8898aaC>aaY
10414	T	TC							23																23.0	1	TC	ORF1ab	orf1ab:p.3383-; orf1ab:p.3383G	coding_sequence_variant; synonymous_variant	MODIFIER; LOW	c.10149ggT>ggC; c.10149ggT>ggY
9217	T	TC							36																36.0	1	TC	ORF1ab	orf1ab:p.2984-; orf1ab:p.2984C	synonymous_variant; coding_sequence_variant	LOW; MODIFIER	c.8952tgT>tgY; c.8952tgT>tgC
6533	G	GA													67										67.0	1	GA	ORF1ab	orf1ab:p.2090V>X; orf1ab:p.2090V>I; orf1ab:p.2090V>F; orf1ab:p.2090-	missense_variant; coding_sequence_variant; frameshift_variant	MODERATE; MODIFIER; HIGH	c.6268Gtt>Stt; c.6268Gtt>Att; c.6268Gtt>Rtt; c.6268Gtt>Ttt; c.6269gTt>gt; c.6268Gtt>Ktt
9440	T	TA					26																		26.0	1	TA	ORF1ab	orf1ab:p.3059C>G; orf1ab:p.3059C>S; orf1ab:p.3059C>R	missense_variant	MODERATE	c.9175Tgc>Ggc; c.9175Tgc>Agc; c.9175Tgc>Cgc
9446	G	GA							19																19.0	1	GA	ORF1ab	orf1ab:p.3061-; orf1ab:p.3061A>X; orf1ab:p.3061A>S; orf1ab:p.3061A>T	missense_variant; coding_sequence_variant; frameshift_variant	MODERATE; MODIFIER; HIGH	c.9182gCc>gc; c.9181Gcc>Acc; c.9181Gcc>Scc; c.9181Gcc>Tcc
9722	T	TA							44																44.0	1	TA	ORF1ab	orf1ab:p.3153F>L; orf1ab:p.3153F>V	missense_variant	MODERATE	c.9457Ttc>Ctc; c.9457Ttc>Gtc
6475	A	AT							26																26.0	1	AT	ORF1ab	orf1ab:p.2070-; orf1ab:p.2070E; orf1ab:p.2070E>D	missense_variant; synonymous_variant; coding_sequence_variant	MODERATE; LOW; MODIFIER	c.6210gaA>gaT; c.6210gaA>gaG; c.6210gaA>gaR; c.6210gaA>gaC
10091	G	GA							16																16.0	1	GA	ORF1ab	orf1ab:p.3276V>I; orf1ab:p.3276-	missense_variant; coding_sequence_variant	MODERATE; MODIFIER	c.9826Gtt>Rtt; c.9826Gtt>Ktt; c.9826Gtt>Att
6308	A	AG	36																						36.0	1	AG	ORF1ab	orf1ab:p.2015S>G; orf1ab:p.2015-; orf1ab:p.2015S>R; orf1ab:p.2015S>C	missense_variant; coding_sequence_variant	MODERATE; MODIFIER	c.6043Agc>Rgc; c.6043Agc>Cgc; c.6043Agc>Tgc; c.6043Agc>Ggc
10230	T	TC							28																28.0	1	TC	ORF1ab	orf1ab:p.3322-; orf1ab:p.3322I>S	missense_variant; coding_sequence_variant	MODERATE; MODIFIER	c.9965aTt>aKt; c.9965aTt>aGt
10262	G	GT							28																28.0	1	GT	ORF1ab	orf1ab:p.3333A>S; orf1ab:p.3333-; orf1ab:p.3333A>T	missense_variant; coding_sequence_variant	MODERATE; MODIFIER	c.9997Gct>Act; c.9997Gct>Tct; c.9997Gct>Rct
10319	C	CT													20										20.0	1	CT	ORF1ab	orf1ab:p.3352L>F; orf1ab:p.3352-; orf1ab:p.3352L>I	missense_variant; coding_sequence_variant	MODERATE; MODIFIER	c.10054Ctt>Ytt; c.10054Ctt>Stt; c.10054Ctt>Ttt; c.10054Ctt>Mtt; c.10054Ctt>Att
6084	A	AG							11																11.0	1	AG	ORF1ab	orf1ab:p.1940D>A; orf1ab:p.1940-; orf1ab:p.1940D>G	missense_variant; coding_sequence_variant	MODERATE; MODIFIER	c.5819gAt>gGt; c.5819gAt>gRt; c.5819gAt>gMt; c.5819gAt>gCt
14049	T	TC							20																20.0	1	TC	ORF1ab	orf1ab:p.4595G; orf1ab:p.4595-	coding_sequence_variant; synonymous_variant	MODIFIER; LOW	c.13785ggT>ggG; c.13785ggT>ggC; c.13785ggT>ggY
14118	G	GA																			54				54.0	1	GA	ORF1ab	orf1ab:p.4618T; orf1ab:p.4618-	synonymous_variant; coding_sequence_variant	LOW; MODIFIER	c.13854acG>acK; c.13854acG>acR; c.13854acG>acA; c.13854acG>acT
14120	C	CA							19																19.0	1	CA	ORF1ab	orf1ab:p.4619-; orf1ab:p.4619P>L; orf1ab:p.4619P>Q	missense_variant; coding_sequence_variant	MODERATE; MODIFIER	c.13856cCa>cYa; c.13856cCa>cAa; c.13856cCa>cMa; c.13856cCa>cTa
21101	G	GT							22																22.0	1	GT	ORF1ab	orf1ab:p.6946G>V; orf1ab:p.6946G>D; orf1ab:p.6946-; orf1ab:p.6946G>GX	missense_variant; coding_sequence_variant; frameshift_variant	MODERATE; MODIFIER; HIGH	c.20837gGt>gKt; c.20837gGt>gGTt; c.20837gGt>gTt; c.20837gGt>gAt
1834	T	TC																					5		5.0	1	TC	ORF1ab	orf1ab:p.523I; orf1ab:p.523I>M	synonymous_variant; missense_variant	LOW; MODERATE	c.1569atT>atG; c.1569atT>atC; c.1569atT>atA
18970	A	AG	27																						27.0	1	AG	ORF1ab	orf1ab:p.6236K>E; orf1ab:p.6236-; orf1ab:p.6236K>Q	missense_variant; coding_sequence_variant	MODERATE; MODIFIER	c.18706Aag>Cag; c.18706Aag>Rag; c.18706Aag>Gag
19060	G	GT												47											47.0	1	GT	ORF1ab	orf1ab:p.6266V>I; orf1ab:p.6266-; orf1ab:p.6266V>L	missense_variant; coding_sequence_variant	MODERATE; MODIFIER	c.18796Gta>Tta; c.18796Gta>Kta; c.18796Gta>Rta; c.18796Gta>Ata
19156	C	CT							702																702.0	1	CT	ORF1ab	orf1ab:p.6298H>PSVNLSECVA*E*NN; orf1ab:p.6298-6301HSDK>Q; orf1ab:p.6298-; orf1ab:p.6298H>D; orf1ab:p.6298H>X; orf1ab:p.6298H>Y	missense_variant; coding_sequence_variant; stop_gained,protein_altering_variant; frameshift_variant; inframe_deletion	MODERATE; MODIFIER; HIGH	c.18892Cat>Tat; c.18892Cat>Gat; c.18892Cat>CCATCTGTGAATTTGTCAGAATGTGTGGCATAAGAATAGAATAat; c.18892Cat>Yat; c.18893-18901cATTCTGACAaa>caa; c.18893cAt>ct
19168	T	TG							26																26.0	1	TG	ORF1ab	orf1ab:p.6302F>L; orf1ab:p.6302-	missense_variant; coding_sequence_variant	MODERATE; MODIFIER	c.18904Ttc>Ytc; c.18904Ttc>Ctc
20554	T	TC							16																16.0	1	TC	ORF1ab	orf1ab:p.6764-; orf1ab:p.6764S>A; orf1ab:p.6764S>P	missense_variant; coding_sequence_variant	MODERATE; MODIFIER	c.20290Tct>Yct; c.20290Tct>Gct; c.20290Tct>Cct
3791	G	GT					15																		15.0	1	GT	ORF1ab	orf1ab:p.1176A>T; orf1ab:p.1176A>P; orf1ab:p.1176A>S; orf1ab:p.1176-	missense_variant; coding_sequence_variant	MODERATE; MODIFIER	c.3526Gct>Cct; c.3526Gct>Rct; c.3526Gct>Tct; c.3526Gct>Act
20596	G	GA							26																26.0	1	GA	ORF1ab	orf1ab:p.6778-	coding_sequence_variant	MODIFIER	c.20332Gaa>Raa
20672	G	GA							11																11.0	1	GA					
20709	G	GT																			44				44.0	1	GT	ORF1ab	orf1ab:p.6815-; orf1ab:p.6815M>I	missense_variant; coding_sequence_variant	MODERATE; MODIFIER	c.20445atG>atK; c.20445atG>atR; c.20445atG>atA; c.20445atG>atC; c.20445atG>atT
20790	C	CT													6										6.0	1	CT	ORF1ab	orf1ab:p.6842V; orf1ab:p.6842-	synonymous_variant; coding_sequence_variant	LOW; MODIFIER	c.20526gtC>gtY; c.20526gtC>gtA; c.20526gtC>gtM; c.20526gtC>gtT
21077	C	CT								17															17.0	1	CT	ORF1ab	orf1ab:p.6938T>I; orf1ab:p.6938T>K; orf1ab:p.6938-6939TK>TX; orf1ab:p.6938T>X; orf1ab:p.6938-; orf1ab:p.6938T>R	missense_variant; coding_sequence_variant; frameshift_variant	MODERATE; MODIFIER; HIGH	c.20813aCa>aMa; c.20813aCa>aYa; c.20813aCa>aTa; c.20814-20815acAAaa>acaa; c.20814acA>ac; c.20813aCa>aGa; c.20813aCa>aAa; c.20813aCa>aSa
21304	C	CA									74														74.0	1	CA	ORF1ab	orf1ab:p.7014R>S; orf1ab:p.7014R>C; orf1ab:p.7014R>G; orf1ab:p.7014-	missense_variant; coding_sequence_variant	MODERATE; MODIFIER	c.21040Cgc>Ygc; c.21040Cgc>Wgc; c.21040Cgc>Mgc; c.21040Cgc>Ggc; c.21040Cgc>Sgc; c.21040Cgc>Agc; c.21040Cgc>Tgc
18703	G	GT							38																38.0	1	GT	ORF1ab	orf1ab:p.6147-; orf1ab:p.6147D>Y; orf1ab:p.6147D>N	missense_variant; coding_sequence_variant	MODERATE; MODIFIER	c.18439Gac>Aac; c.18439Gac>Tac; c.18439Gac>Rac; c.18439Gac>Kac
21464	A	AG										47													47.0	1	AG	ORF1ab	orf1ab:p.7067D>A; orf1ab:p.7067D>G; orf1ab:p.7067-; orf1ab:p.7067D>V	missense_variant; coding_sequence_variant; upstream_gene_variant	MODERATE; MODIFIER; MODIFIER,DISTANCE=S:99	c.21200gAt>gGt; c.21200gAt>gRt; c.21200gAt>gCt; c.21200gAt>gTt
21474	A	AT					6																		6.0	1	AT	ORF1ab	orf1ab:p.7070L>F; orf1ab:p.7070-; orf1ab:p.7070L	coding_sequence_variant; synonymous_variant; missense_variant; upstream_gene_variant	MODIFIER; LOW; MODERATE; MODIFIER,DISTANCE=S:89	c.21210ttA>ttC; c.21210ttA>ttR; c.21210ttA>ttW; c.21210ttA>ttT; c.21210ttA>ttG
21479	T	TC					6																		6.0	1	TC	ORF1ab	orf1ab:p.7072-; orf1ab:p.7072L>H	coding_sequence_variant; missense_variant; upstream_gene_variant	MODIFIER; MODERATE; MODIFIER,DISTANCE=S:84	c.21215cTt>cYt; c.21215cTt>cAt
21595	C	CT																	506						506.0	1	CT	S	S:p.11V; S:p.11-	downstream_gene_variant; synonymous_variant; coding_sequence_variant	MODIFIER,DISTANCE=orf1ab:40; LOW; MODIFIER	c.33gtC>gtS; c.33gtC>gtY; c.33gtC>gtG; c.33gtC>gtT; c.33gtC>gtA
21610	T	TC					8																		8.0	1	TC	S	S:p.16V; S:p.16-; S:p.16V>VVREVR	downstream_gene_variant; synonymous_variant; coding_sequence_variant; inframe_insertion	MODIFIER,DISTANCE=orf1ab:55; LOW; MODIFIER; MODERATE	c.48gtT>gtW; c.48gtT>gtY; c.48gtT>gtC; c.48gtT>gtA; c.48gtT>gtG; c.48gtT>gtTGTCCGAGAAGTCAGG
21614	C	CT				12																			12.0	1	CT	S	S:p.18L>I; S:p.18L>X; S:p.18L>V; S:p.18-; S:p.18L>F	downstream_gene_variant; missense_variant; coding_sequence_variant; frameshift_variant	MODIFIER,DISTANCE=orf1ab:59; MODERATE; MODIFIER; MODIFIER,DISTANCE=orf1ab:60; HIGH	c.52Ctt>Ytt; c.52Ctt>Mtt; c.52Ctt>Att; c.52Ctt>Gtt; c.52Ctt>Ttt; c.53cTt>ct
7309	A	AT							23																23.0	1	AT	ORF1ab	orf1ab:p.2348Q; orf1ab:p.2348-; orf1ab:p.2348Q>H	synonymous_variant; coding_sequence_variant; missense_variant	LOW; MODIFIER; MODERATE	c.7044caA>caR; c.7044caA>caC; c.7044caA>caG; c.7044caA>caT; c.7044caA>caW
21754	G	GT							8																8.0	1	GT	S	S:p.64W>C; S:p.64-	missense_variant; coding_sequence_variant	MODERATE; MODIFIER	c.192tgG>tgC; c.192tgG>tgT; c.192tgG>tgK; c.192tgG>tgS; c.192tgG>tgR
21848	G	GA					22																		22.0	1	GA	S	S:p.96E>*; S:p.96E>K; S:p.96-; S:p.96E>Q	missense_variant; coding_sequence_variant; stop_gained	MODERATE; MODIFIER; HIGH	c.286Gag>Kag; c.286Gag>Aag; c.286Gag>Tag; c.286Gag>Cag
21991	T	TG													9										9.0	1	TG	S	S:p.144-145YY>-; S:p.143V; S:p.143-; S:p.144Y>X	frameshift_variant; coding_sequence_variant; synonymous_variant; inframe_deletion	HIGH; MODIFIER; LOW; MODERATE	c.429gtT>gtC; c.429gtT>gtG; c.430-435TATTAC>-; c.429gtT>gtK; c.429gtT>gtY; c.430-431TAt>t
22006	C	CA															19								19.0	1	CA	S	S:p.148N; S:p.148-; S:p.148N>K	coding_sequence_variant; missense_variant; synonymous_variant	MODIFIER; MODERATE; LOW	c.444aaC>aaG; c.444aaC>aaM; c.444aaC>aaT; c.444aaC>aaA; c.444aaC>aaY
22008	A	AC															19								19.0	1	AC	S	S:p.149N>S; S:p.149N>I; S:p.149-; S:p.149N>NX; S:p.149N>T	missense_variant; coding_sequence_variant; frameshift_variant	MODERATE; MODIFIER; HIGH	c.446aAc>aATc; c.446aAc>aWc; c.446aAc>aCc; c.446aAc>aTc; c.446aAc>aGc; c.446aAc>aMc
18756	G	GT							79																79.0	1	GT	ORF1ab	orf1ab:p.6164-; orf1ab:p.6164P; orf1ab:p.6164P>PX	synonymous_variant; coding_sequence_variant; frameshift_variant	LOW; MODIFIER; HIGH	c.18492ccG>ccK; c.18492ccG>ccC; c.18492ccG>ccGT; c.18492ccG>ccA; c.18492ccG>ccR; c.18492ccG>ccS; c.18492ccG>ccT
3142	T	TC											14												14.0	1	TC	ORF1ab	orf1ab:p.959P; orf1ab:p.959-	synonymous_variant; coding_sequence_variant	LOW; MODIFIER	c.2877ccT>ccY; c.2877ccT>ccG; c.2877ccT>ccK; c.2877ccT>ccA; c.2877ccT>ccC
2048	C	CT							46																46.0	1	CT	ORF1ab	orf1ab:p.595-; orf1ab:p.595L; orf1ab:p.595L>I	synonymous_variant; coding_sequence_variant; missense_variant	LOW; MODIFIER; MODERATE	c.1783Cta>Tta; c.1783Cta>Ata; c.1783Cta>Mta; c.1783Cta>Yta
15824	C	CT							22																22.0	1	CT	ORF1ab	orf1ab:p.5187-; orf1ab:p.5187S>C; orf1ab:p.5187S>Y; orf1ab:p.5187S>F	coding_sequence_variant; missense_variant	MODIFIER; MODERATE	c.15560tCt>tMt; c.15560tCt>tAt; c.15560tCt>tGt; c.15560tCt>tYt; c.15560tCt>tTt
14447	A	AG							38																38.0	1	AG	ORF1ab	orf1ab:p.4728D>A; orf1ab:p.4728D>G	missense_variant	MODERATE	c.14183gAt>gCt; c.14183gAt>gGt
14639	C	CT																			286				286.0	1	CT	ORF1ab	orf1ab:p.4792A>V; orf1ab:p.4792-	coding_sequence_variant; missense_variant	MODIFIER; MODERATE	c.14375gCa>gYa; c.14375gCa>gTa
14656	G	GT							27																27.0	1	GT	ORF1ab	orf1ab:p.4798A>T; orf1ab:p.4798-; orf1ab:p.4798A>S; orf1ab:p.4798A>P	missense_variant; coding_sequence_variant	MODERATE; MODIFIER	c.14392Gct>Cct; c.14392Gct>Rct; c.14392Gct>Tct; c.14392Gct>Kct; c.14392Gct>Act
14692	G	GT							28																28.0	1	GT	ORF1ab	orf1ab:p.4810D>N; orf1ab:p.4810-; orf1ab:p.4810D>H; orf1ab:p.4810D>Y	missense_variant; coding_sequence_variant	MODERATE; MODIFIER	c.14428Gac>Rac; c.14428Gac>Aac; c.14428Gac>Tac; c.14428Gac>Cac
14937	C	CT							41																41.0	1	CT	ORF1ab	orf1ab:p.4891-; orf1ab:p.4891D; orf1ab:p.4892K>X; orf1ab:p.4891D>E	synonymous_variant; missense_variant; coding_sequence_variant; frameshift_variant	LOW; MODERATE; MODIFIER; HIGH	c.14673gaC>gaT; c.14673gaC>gaG; c.14673gaC>gaY; c.14673gaC>gaA; c.14674Aaa>aa
15257	A	AG							34																34.0	1	AG	ORF1ab	orf1ab:p.4998-; orf1ab:p.4998Y>C	missense_variant; coding_sequence_variant	MODERATE; MODIFIER	c.14993tAt>tRt; c.14993tAt>tGt
15324	C	CT									64														64.0	1	CT	ORF1ab	orf1ab:p.5020-; orf1ab:p.5020N	synonymous_variant; coding_sequence_variant	LOW; MODIFIER	c.15060aaC>aaY; c.15060aaC>aaT
5826	C	CT							27																27.0	1	CT	ORF1ab	orf1ab:p.1854T>TX; orf1ab:p.1854T>K; orf1ab:p.1854-; orf1ab:p.1854T>I; orf1ab:p.1854T>X	missense_variant; coding_sequence_variant; frameshift_variant	MODERATE; MODIFIER; HIGH	c.5561aCa>aCAa; c.5561aCa>aTa; c.5561aCa>aMa; c.5562acA>ac; c.5561aCa>aAa; c.5561aCa>aYa
15457	C	CT							40																40.0	1	CT	ORF1ab	orf1ab:p.5065L>I; orf1ab:p.5065-; orf1ab:p.5065L	synonymous_variant; coding_sequence_variant; missense_variant	LOW; MODIFIER; MODERATE	c.15193Cta>Yta; c.15193Cta>Ata; c.15193Cta>Tta
15494	C	CT							23																23.0	1	CT	ORF1ab	orf1ab:p.5077A>G	missense_variant	MODERATE	c.15230gCc>gGc
15585	T	TA							24																24.0	1	TA	ORF1ab	orf1ab:p.5107-; orf1ab:p.5107I	synonymous_variant; coding_sequence_variant	LOW; MODIFIER	c.15321atT>atC; c.15321atT>atA; c.15321atT>atY
5822	C	CT								24															24.0	1	CT	ORF1ab	orf1ab:p.1853L>F; orf1ab:p.1853L>V; orf1ab:p.1853-1858LTKSSE>X; orf1ab:p.1853-; orf1ab:p.1853L>I	missense_variant; coding_sequence_variant; frameshift_variant	MODERATE; MODIFIER; HIGH	c.5557Ctt>Att; c.5558-5574cTTACAAAGTCCTCAGAA>c; c.5557Ctt>Ytt; c.5557Ctt>Mtt; c.5557Ctt>Ttt; c.5557Ctt>Gtt
15881	C	CT							25																25.0	1	CT	ORF1ab	orf1ab:p.5206S>Y; orf1ab:p.5206-; orf1ab:p.5206S>F	missense_variant; coding_sequence_variant	MODERATE; MODIFIER	c.15617tCt>tMt; c.15617tCt>tTt; c.15617tCt>tAt
18397	G	GT																		17					17.0	1	GT	ORF1ab	orf1ab:p.6045V>L; orf1ab:p.6045-; orf1ab:p.6045V>I	missense_variant; coding_sequence_variant	MODERATE; MODIFIER	c.18133Gta>Tta; c.18133Gta>Kta; c.18133Gta>Ata; c.18133Gta>Rta; c.18133Gta>Sta
16054	C	CA							42																42.0	1	CA	ORF1ab	orf1ab:p.5264H>N; orf1ab:p.5264-; orf1ab:p.5264H>Y	missense_variant; coding_sequence_variant	MODERATE; MODIFIER	c.15790Cat>Sat; c.15790Cat>Tat; c.15790Cat>Yat; c.15790Cat>Aat
16141	G	GT						31																	31.0	1	GT	ORF1ab	orf1ab:p.5293-; orf1ab:p.5293D>N; orf1ab:p.5293D>Y	missense_variant; coding_sequence_variant	MODERATE; MODIFIER	c.15877Gac>Kac; c.15877Gac>Tac; c.15877Gac>Aac
16433	G	GT							13																13.0	1	GT	ORF1ab	orf1ab:p.5390-; orf1ab:p.5390G>V	coding_sequence_variant; missense_variant	MODIFIER; MODERATE	c.16169gGa>gKa; c.16169gGa>gTa
186	C	CT								13															13.0	1	CT	5'UTR		upstream_gene_variant	MODIFIER,DISTANCE=orf1ab:80; MODIFIER,DISTANCE=orf1ab:46; MODIFIER,DISTANCE=orf1ab:45; MODIFIER,DISTANCE=orf1ab:23	
16451	G	GT							19																19.0	1	GT	ORF1ab	orf1ab:p.5396-	coding_sequence_variant	MODIFIER	c.16187tGt>tSt; c.16187tGt>tKt
16938	A	AG																		45					45.0	1	AG	ORF1ab	orf1ab:p.5558P	synonymous_variant	LOW	c.16674ccA>ccC; c.16674ccA>ccT; c.16674ccA>ccG
17223	A	AC								361															361.0	1	AC	ORF1ab	orf1ab:p.5653-; orf1ab:p.5653K>N; orf1ab:p.5653K	synonymous_variant; coding_sequence_variant; missense_variant	LOW; MODIFIER; MODERATE	c.16959aaA>aaR; c.16959aaA>aaC; c.16959aaA>aaG
17337	A	AG				29																			29.0	1	AG	ORF1ab	orf1ab:p.5691T; orf1ab:p.5691-	synonymous_variant; coding_sequence_variant	LOW; MODIFIER	c.17073acA>acG; c.17073acA>acT; c.17073acA>acR; c.17073acA>acC
17580	T	TA													80										80.0	1	TA	ORF1ab	orf1ab:p.5772I; orf1ab:p.5772-	synonymous_variant; coding_sequence_variant	LOW; MODIFIER	c.17316atT>atC; c.17316atT>atY; c.17316atT>atA
1984	T	TC							41																41.0	1	TC	ORF1ab	orf1ab:p.573-; orf1ab:p.573I; orf1ab:p.573I>M	synonymous_variant; missense_variant; coding_sequence_variant	LOW; MODERATE; MODIFIER	c.1719atT>atG; c.1719atT>atC; c.1719atT>atW
18129	C	CT													24										24.0	1	CT	ORF1ab	orf1ab:p.5955D>E; orf1ab:p.5956-5963TKFKTEGL>-; orf1ab:p.5955-; orf1ab:p.5955D	synonymous_variant; coding_sequence_variant; missense_variant; inframe_deletion	LOW; MODIFIER; MODERATE	c.17865gaC>gaT; c.17865gaC>gaA; c.17865gaC>gaY; c.17866-17889ACTAAATTCAAAACTGAAGGTTTA>-
18355	C	CT							24																24.0	1	CT	ORF1ab	orf1ab:p.6031P>T	missense_variant	MODERATE	c.18091Cct>Act
20587	G	GT							22																22.0	1	GT					
