Position	Reference	Sub	SRX9082955	SRX9082956	Avg	Count	Count (>= 0.8)	Editing Sub	Gene	Amino acids change	Annotation Type	Calculated variant consequences	Variation Codons
23403	A	AG	0.999	0.999	0.999	2	2	AG	S	S:p.614-; S:p.614D>G; S:p.614D>A	missense_variant; coding_sequence_variant	MODERATE; MODIFIER	c.1841gAt>gGt; c.1841gAt>gRt; c.1841gAt>gCt; c.1841gAt>gMt
17556	T	TA	0.007	0.024	0.016	2	0	TA	ORF1ab	orf1ab:p.5765C>X; orf1ab:p.5764-; orf1ab:p.5764T	synonymous_variant; coding_sequence_variant; frameshift_variant	LOW; MODIFIER; HIGH	c.17292acT>acA; c.17292acT>acC; c.17292acT>acG; c.17293-17294TGt>t; c.17292acT>acW; c.17292acT>acY
25563	G	GT	1.0	0.994	0.997	2	2	GT	ORF3a	ORF3a:p.57Q>H; ORF3a:p.57Q; ORF3a:p.57-	missense_variant; coding_sequence_variant; synonymous_variant	MODERATE; MODIFIER; LOW	c.171caG>caY; c.171caG>caR; c.171caG>caS; c.171caG>caT; c.171caG>caK; c.171caG>caA; c.171caG>caB; c.171caG>caC
14408	C	CT	1.0	1.0	1.0	2	2	CT	ORF1ab	orf1ab:p.4715P>L; orf1ab:p.4715P>H; orf1ab:p.4715-; orf1ab:p.4715P>R	missense_variant; coding_sequence_variant	MODERATE; MODIFIER	c.14144cCt>cTt; c.14144cCt>cGt; c.14144cCt>cYt; c.14144cCt>cAt; c.14144cCt>cKt
3037	C	CT	1.0	1.0	1.0	2	2	CT	ORF1ab	orf1ab:p.924F; orf1ab:p.924-; orf1ab:p.924F>L	synonymous_variant; coding_sequence_variant; missense_variant	LOW; MODIFIER; MODERATE	c.2772ttC>ttT; c.2772ttC>ttG; c.2772ttC>ttA; c.2772ttC>ttY; c.2772ttC>ttK
21979	A	AG		0.084	0.084	1	0	AG	S	S:p.140F>X; S:p.139-; S:p.140-143FLGV>X; S:p.140-143FLGV>-; S:p.140-141FL>-; S:p.140F>-; S:p.140-142FLG>X; S:p.139P	synonymous_variant; coding_sequence_variant; inframe_deletion; frameshift_variant	LOW; MODIFIER; MODERATE; HIGH	c.418-427TTTTTGGGTGtt>tt; c.418Ttt>tt; c.417ccA>ccR; c.417ccA>ccT; c.417ccA>ccW; c.418-420TTT>-; c.418-429TTTTTGGGTGTT>-; c.418-425TTTTTGGGt>t; c.418-423TTTTTG>-; c.418-428TTTTTGGGTGTt>t; c.417ccA>ccC; c.417ccA>ccG
23358	C	CT		0.177	0.177	1	0	CT	S	S:p.599T>I; S:p.599-	missense_variant; coding_sequence_variant	MODERATE; MODIFIER	c.1796aCa>aYa; c.1796aCa>aTa
23174	T	TC		0.021	0.021	1	0	TC	S	S:p.538-	coding_sequence_variant	MODIFIER	c.1612Tgt>Wgt
23044	A	AG		0.017	0.017	1	0	AG	S	S:p.494-; S:p.494S	synonymous_variant; coding_sequence_variant	LOW; MODIFIER	c.1482tcA>tcC; c.1482tcA>tcW; c.1482tcA>tcT; c.1482tcA>tcG; c.1482tcA>tcR
22650	C	CT	0.011		0.011	1	0	CT	S	S:p.363A>V; S:p.363A>G; S:p.363-; S:p.363A>D; S:p.363-365ADY>A	missense_variant; coding_sequence_variant; inframe_deletion	MODERATE; MODIFIER	c.1088gCt>gMt; c.1088gCt>gYt; c.1088gCt>gAt; c.1088gCt>gGt; c.1089-1094gcTGATTAt>gct; c.1088gCt>gTt
22545	G	GT		0.012	0.012	1	0	GT	S	S:p.328R>I	missense_variant	MODERATE	c.983aGa>aTa
22498	C	CT	0.057		0.057	1	0	CT	S	S:p.312-; S:p.312I>M; S:p.312I	synonymous_variant; coding_sequence_variant; missense_variant	LOW; MODIFIER; MODERATE	c.936atC>atM; c.936atC>atT; c.936atC>atG; c.936atC>atY; c.936atC>atA
22425	C	CT		0.017	0.017	1	0	CT	S	S:p.288A>V; S:p.288-; S:p.288A>D	coding_sequence_variant; missense_variant	MODIFIER; MODERATE	c.863gCt>gYt; c.863gCt>gSt; c.863gCt>gMt; c.863gCt>gTt; c.863gCt>gAt
22330	A	AC		0.054	0.054	1	0	AC	S	S:p.256S; S:p.256-	synonymous_variant; coding_sequence_variant	LOW; MODIFIER	c.768tcA>tcW; c.768tcA>tcT; c.768tcA>tcR; c.768tcA>tcC; c.768tcA>tcG
241	C	CT	0.98		0.98	1	1	CT	5'UTR		upstream_gene_variant	MODIFIER,DISTANCE=orf1ab:25; MODIFIER,DISTANCE=orf1ab:24	
21417	A	AT		0.14	0.14	1	0	AT	ORF1ab	orf1ab:p.7051K; orf1ab:p.7051K>N; orf1ab:p.7051-	coding_sequence_variant; missense_variant; synonymous_variant	MODIFIER; MODERATE; LOW	c.21153aaA>aaR; c.21153aaA>aaC; c.21153aaA>aaT; c.21153aaA>aaW; c.21153aaA>aaG
23383	G	GA	0.009		0.009	1	0	GA	S	S:p.607Q; S:p.607-; S:p.607Q>H	synonymous_variant; missense_variant; coding_sequence_variant	LOW; MODERATE; MODIFIER	c.1821caG>caR; c.1821caG>caK; c.1821caG>caA; c.1821caG>caT; c.1821caG>caC
20738	T	TA	0.007		0.007	1	0	TA	ORF1ab	orf1ab:p.6825-; orf1ab:p.6825L>H	coding_sequence_variant; missense_variant	MODIFIER; MODERATE	c.20474cTt>cWt; c.20474cTt>cAt
20567	A	AT	0.01		0.01	1	0	AT	ORF1ab	orf1ab:p.6768K>R; orf1ab:p.6768K>M; orf1ab:p.6768K>T; orf1ab:p.6768-	missense_variant; coding_sequence_variant	MODERATE; MODIFIER	c.20303aAg>aTg; c.20303aAg>aCg; c.20303aAg>aRg; c.20303aAg>aGg
19970	C	CT		0.016	0.016	1	0	CT	ORF1ab	orf1ab:p.6569A>V; orf1ab:p.6569-	missense_variant; coding_sequence_variant	MODERATE; MODIFIER	c.19706gCa>gTa; c.19706gCa>gYa; c.19706gCa>gSa
19818	A	AC		0.017	0.017	1	0	AC	ORF1ab	orf1ab:p.6518V; orf1ab:p.6518-	synonymous_variant; coding_sequence_variant	LOW; MODIFIER	c.19554gtA>gtM; c.19554gtA>gtC; c.19554gtA>gtG; c.19554gtA>gtR; c.19554gtA>gtT; c.19554gtA>gtW
19812	A	AC		0.024	0.024	1	0	AC	ORF1ab	orf1ab:p.6516-; orf1ab:p.6516K	synonymous_variant; coding_sequence_variant	LOW; MODIFIER	c.19548aaA>aaR; c.19548aaA>aaM; c.19548aaA>aaG
19468	T	TA		0.032	0.032	1	0	TA	ORF1ab	orf1ab:p.6402-; orf1ab:p.6402C>S	missense_variant; coding_sequence_variant	MODERATE; MODIFIER	c.19204Tgc>Agc; c.19204Tgc>Ygc; c.19204Tgc>Wgc
19388	G	GA		0.017	0.017	1	0	GA	ORF1ab	orf1ab:p.6375S>N; orf1ab:p.6375S>I; orf1ab:p.6375-	missense_variant; coding_sequence_variant	MODERATE; MODIFIER	c.19124aGt>aAt; c.19124aGt>aRt; c.19124aGt>aKt; c.19124aGt>aTt
17724	A	AG		0.013	0.013	1	0	AG	ORF1ab	orf1ab:p.5820-; orf1ab:p.5820V	synonymous_variant; coding_sequence_variant	LOW; MODIFIER	c.17460gtA>gtR; c.17460gtA>gtG; c.17460gtA>gtT; c.17460gtA>gtM
17707	C	CT		0.012	0.012	1	0	CT	ORF1ab	orf1ab:p.5815-; orf1ab:p.5815P>S; orf1ab:p.5815P>T; orf1ab:p.5815P>A	missense_variant; coding_sequence_variant	MODERATE; MODIFIER	c.17443Cca>Gca; c.17443Cca>Yca; c.17443Cca>Aca; c.17443Cca>Tca
21150	A	AT		0.009	0.009	1	0	AT	ORF1ab	orf1ab:p.6962G; orf1ab:p.6962-	synonymous_variant; coding_sequence_variant	LOW; MODIFIER	c.20886ggA>ggR; c.20886ggA>ggC; c.20886ggA>ggT; c.20886ggA>ggG
23409	A	AC		0.025	0.025	1	0	AC	S	S:p.616-; S:p.616N>T; S:p.616N>S; S:p.616N>I	missense_variant; coding_sequence_variant	MODERATE; MODIFIER	c.1847aAc>aWc; c.1847aAc>aTc; c.1847aAc>aCc; c.1847aAc>aGc
23733	C	CT		0.02	0.02	1	0	CT	S	S:p.724T>K; S:p.724T>I; S:p.724-725TE>TX	missense_variant; frameshift_variant	MODERATE; HIGH	c.2171aCa>aAa; c.2171aCa>aTa; c.2172-2173acAGaa>acaa
24730	A	AC	0.009		0.009	1	0	AC	S	S:p.1056-; S:p.1056A	synonymous_variant; coding_sequence_variant	LOW; MODIFIER	c.3168gcA>gcG; c.3168gcA>gcT; c.3168gcA>gcR
29154	A	AG	0.011		0.011	1	0	AG	N	N:p.294Q>L; N:p.294-; N:p.294Q>R	missense_variant; coding_sequence_variant	MODERATE; MODIFIER	c.881cAa>cGa; c.881cAa>cTa; c.881cAa>cWa
29049	G	GA	0.034		0.034	1	0	GA	N	N:p.259R>P; N:p.259R>Q; N:p.259R>L; N:p.259-	missense_variant; coding_sequence_variant	MODERATE; MODIFIER	c.776cGg>cTg; c.776cGg>cCg; c.776cGg>cRg; c.776cGg>cAg
29039	A	AT	0.007		0.007	1	0	AT	N	N:p.256K>*; N:p.256K>E; N:p.256-	stop_gained; missense_variant; coding_sequence_variant	HIGH; MODERATE; MODIFIER	c.766Aag>Gag; c.766Aag>Wag; c.766Aag>Tag
29033	G	GA	0.005		0.005	1	0	GA	N	N:p.254-255AS>A; N:p.254A>T; N:p.254A>S; N:p.254-	missense_variant; coding_sequence_variant; inframe_deletion	MODERATE; MODIFIER	c.761-763gCTTct>gct; c.760Gct>Tct; c.760Gct>Sct; c.760Gct>Kct; c.760Gct>Rct; c.760Gct>Act
29029	T	TC	0.011		0.011	1	0	TC	N	N:p.252-; N:p.252A	synonymous_variant; coding_sequence_variant	LOW; MODIFIER	c.756gcT>gcA; c.756gcT>gcY; c.756gcT>gcC; c.756gcT>gcK; c.756gcT>gcG
28019	T	TC		0.375	0.375	1	0	TC	ORF8	ORF8:p.42Y; ORF8:p.42-; ORF8:p.42Y>*	synonymous_variant; stop_gained; coding_sequence_variant	LOW; HIGH; MODIFIER	c.126taT>taG; c.126taT>taA; c.126taT>taC; c.126taT>taY
27900	T	TG		0.144	0.144	1	0	TG	ORF8	ORF8:p.3-; ORF8:p.3-112FLVFLGIITTVAAFHQECSLQSCTQHQPYVVDDPCPIHFYSKWYIRVGARKSAPLIELCVDEAGSKSPIQYIDIGNYTVSCLPFTINCQEPKLGSLVVRCSFYEDFLEYH>Y; ORF8:p.3-103FLVFLGIITTVAAFHQECSLQSCTQHQPYVVDDPCPIHFYSKWYIRVGARKSAPLIELCVDEAGSKSPIQYIDIGNYTVSCLPFTINCQEPKLGSLVVRCS>X; ORF8:p.3F>V; ORF8:p.3F>L; ORF8:p.3F>Y*MVSX; ORF8:p.3F>I; ORF8:p.3F>LX; ORF8:p.3-5FLV>F	missense_variant; stop_gained,frameshift_variant; coding_sequence_variant; frameshift_variant; inframe_deletion; upstream_gene_variant	MODERATE; HIGH; MODIFIER; MODIFIER,DISTANCE=N:72; MODIFIER,DISTANCE=N:47	c.7Ttt>TACTGAATGGTTTCtt; c.7Ttt>Ctt; c.7Ttt>Gtt; c.7Ttt>TTAtt; c.8-309tTTCTTGTTTTCTTAGGAATCATCACAACTGTAGCTGCATTTCACCAAGAATGTAGTTTACAGTCATGTACTCAACATCAACCATATGTAGTTGATGACCCGTGTCCTATTCACTTCTATTCTAAATGGTATATTAGAGTAGGAGCTAGAAAATCAGCACCTTTAATTGAATTGTGCGTGGATGAGGCTGGTTCTAAATCACCCATTCAGTACATCGATATCGGTAATTATACAGTTTCCTGTTTACCTTTTACAATTAATTGCCAGGAACCTAAATTGGGTAGTCTTGTAGTGCGTTGTTCG>t; c.8-334tTTCTTGTTTTCTTAGGAATCATCACAACTGTAGCTGCATTTCACCAAGAATGTAGTTTACAGTCATGTACTCAACATCAACCATATGTAGTTGATGACCCGTGTCCTATTCACTTCTATTCTAAATGGTATATTAGAGTAGGAGCTAGAAAATCAGCACCTTTAATTGAATTGTGCGTGGATGAGGCTGGTTCTAAATCACCCATTCAGTACATCGATATCGGTAATTATACAGTTTCCTGTTTACCTTTTACAATTAATTGCCAGGAACCTAAATTGGGTAGTCTTGTAGTGCGTTGTTCGTTCTATGAAGACTTTTTAGAGTATCat>tat; c.7Ttt>Att; c.8-13tTTCTTGtt>ttt; c.7Ttt>Ytt; c.7Ttt>Wtt
27345	A	AT		0.057	0.057	1	0	AT	ORF6	ORF6:p.48-; ORF6:p.48K>N; ORF6:p.48K	synonymous_variant; missense_variant; coding_sequence_variant; upstream_gene_variant	LOW; MODERATE; MODIFIER; MODIFIER,DISTANCE=ORF7a:49	c.144aaA>aaC; c.144aaA>aaR; c.144aaA>aaM; c.144aaA>aaT; c.144aaA>aaG
27344	A	AT		0.08	0.08	1	0	AT	ORF6	ORF6:p.48-; ORF6:p.48K>R; ORF6:p.48K>I; ORF6:p.48K>T	missense_variant; coding_sequence_variant; upstream_gene_variant	MODERATE; MODIFIER; MODIFIER,DISTANCE=ORF7a:50	c.143aAa>aGa; c.143aAa>aRa; c.143aAa>aTa; c.143aAa>aCa
27335	C	CT		0.262	0.262	1	0	CT	ORF6	ORF6:p.45T>I; ORF6:p.45T>N; ORF6:p.45-	coding_sequence_variant; missense_variant; upstream_gene_variant	MODIFIER; MODERATE; MODIFIER,DISTANCE=ORF7a:59	c.134aCt>aAt; c.134aCt>aMt; c.134aCt>aTt; c.134aCt>aYt
27333	A	AT	0.042		0.042	1	0	AT	ORF6	ORF6:p.44-; ORF6:p.44L	synonymous_variant; coding_sequence_variant; upstream_gene_variant	LOW; MODIFIER; MODIFIER,DISTANCE=ORF7a:61	c.132ctA>ctC; c.132ctA>ctM; c.132ctA>ctG
27289	G	GC		0.008	0.008	1	0	GC	ORF6	ORF6:p.30D>H; ORF6:p.30D>Y; ORF6:p.30D>N; ORF6:p.30-31DY>D; ORF6:p.30-	downstream_gene_variant; missense_variant; coding_sequence_variant; inframe_deletion	MODIFIER,DISTANCE=M:98; MODERATE; MODIFIER; MODIFIER,DISTANCE=M:99	c.88Gat>Tat; c.89-91gATTac>gac; c.88Gat>Cat; c.88Gat>Kat; c.88Gat>Aat; c.88Gat>Sat
27182	T	TA		0.012	0.012	1	0	TA	M	M:p.221V>-; M:p.220L	synonymous_variant; upstream_gene_variant; inframe_deletion	LOW; MODIFIER,DISTANCE=ORF6:20; MODERATE; MODIFIER,DISTANCE=ORF6:17	c.661-663GTA>-; c.660ctT>ctC; c.660ctT>ctA
27178	T	TA		0.009	0.009	1	0	TA					
27155	C	CT		0.125	0.125	1	0	CT	M	M:p.211S; M:p.211-	synonymous_variant; coding_sequence_variant; upstream_gene_variant	LOW; MODIFIER; MODIFIER,DISTANCE=ORF6:47	c.633tcC>tcY; c.633tcC>tcA; c.633tcC>tcM; c.633tcC>tcT; c.633tcC>tcG
26815	C	CT		0.035	0.035	1	0	CT	M	M:p.98A>V; M:p.98A>D	missense_variant	MODERATE	c.293gCt>gTt; c.293gCt>gAt
26683	T	TA		0.006	0.006	1	0	TA	M	M:p.54L>P; M:p.54L>H	missense_variant	MODERATE	c.161cTc>cCc; c.161cTc>cAc
26641	C	CT		0.007	0.007	1	0	CT	M	M:p.40A>V; M:p.40A>D; M:p.40-	missense_variant; coding_sequence_variant	MODERATE; MODIFIER	c.119gCc>gYc; c.119gCc>gTc; c.119gCc>gAc
26013	C	CT		0.988	0.988	1	1	CT	ORF3a	ORF3a:p.207F; ORF3a:p.207-; ORF3a:p.207F>L	synonymous_variant; missense_variant; coding_sequence_variant	LOW; MODERATE; MODIFIER	c.621ttC>ttT; c.621ttC>ttG; c.621ttC>ttY; c.621ttC>ttA
17568	T	TC		0.016	0.016	1	0	TC	ORF1ab	orf1ab:p.5768-; orf1ab:p.5768C>*; orf1ab:p.5768C	synonymous_variant; coding_sequence_variant; stop_gained	LOW; MODIFIER; HIGH	c.17304tgT>tgY; c.17304tgT>tgC; c.17304tgT>tgA
17441	C	CT		0.428	0.428	1	0	CT	ORF1ab	orf1ab:p.5726-; orf1ab:p.5726P>L	coding_sequence_variant; missense_variant	MODIFIER; MODERATE	c.17177cCt>cTt; c.17177cCt>cMt; c.17177cCt>cYt
539	C	CT	0.99		0.99	1	1	CT	ORF1ab	orf1ab:p.92-; orf1ab:p.92L>F; orf1ab:p.92L>I	missense_variant; coding_sequence_variant	MODERATE; MODIFIER	c.274Ctc>Mtc; c.274Ctc>Ttc; c.274Ctc>Ytc; c.274Ctc>Atc
4961	A	AT	0.005		0.005	1	0	AT	ORF1ab	orf1ab:p.1566R>G; orf1ab:p.1566R	missense_variant; synonymous_variant	MODERATE; LOW	c.4696Agg>Cgg; c.4696Agg>Ggg
7771	T	TG		0.088	0.088	1	0	TG	ORF1ab	orf1ab:p.2502H; orf1ab:p.2502H>Q; orf1ab:p.2502-	synonymous_variant; missense_variant; coding_sequence_variant	LOW; MODERATE; MODIFIER	c.7506caT>caC; c.7506caT>caY; c.7506caT>caG; c.7506caT>caK
5926	T	TG		0.096	0.096	1	0	TG	ORF1ab	orf1ab:p.1887V	synonymous_variant	LOW	c.5661gtT>gtC; c.5661gtT>gtA; c.5661gtT>gtG
5755	T	TC	0.006		0.006	1	0	TC	ORF1ab	orf1ab:p.1830N>K; orf1ab:p.1830N	synonymous_variant; missense_variant	LOW; MODERATE	c.5490aaT>aaA; c.5490aaT>aaC; c.5490aaT>aaG
5754	A	AG	0.016		0.016	1	0	AG	ORF1ab	orf1ab:p.1830-; orf1ab:p.1830N>T; orf1ab:p.1830N>S; orf1ab:p.1830N>I	missense_variant; coding_sequence_variant	MODERATE; MODIFIER	c.5489aAt>aCt; c.5489aAt>aMt; c.5489aAt>aRt; c.5489aAt>aGt; c.5489aAt>aTt
5744	T	TC	0.81		0.81	1	1	TC	ORF1ab	orf1ab:p.1827-; orf1ab:p.1827Y>N; orf1ab:p.1827Y>H	missense_variant; coding_sequence_variant	MODERATE; MODIFIER	c.5479Tac>Yac; c.5479Tac>Aac; c.5479Tac>Cac
5743	G	GC	0.803		0.803	1	1	GC	ORF1ab	orf1ab:p.1826E>D; orf1ab:p.1826E; orf1ab:p.1826-	missense_variant; coding_sequence_variant; synonymous_variant	MODERATE; MODIFIER; LOW	c.5478gaG>gaK; c.5478gaG>gaT; c.5478gaG>gaA; c.5478gaG>gaS; c.5478gaG>gaC
5565	C	CT	0.022		0.022	1	0	CT	ORF1ab	orf1ab:p.1767A>G; orf1ab:p.1767A>V	missense_variant	MODERATE	c.5300gCt>gGt; c.5300gCt>gTt
5411	G	GA		0.008	0.008	1	0	GA	ORF1ab	orf1ab:p.1716A>T; orf1ab:p.1716A>P; orf1ab:p.1716A>S; orf1ab:p.1716-	missense_variant; coding_sequence_variant	MODERATE; MODIFIER	c.5146Gcc>Ccc; c.5146Gcc>Kcc; c.5146Gcc>Tcc; c.5146Gcc>Acc
5341	A	AG		0.009	0.009	1	0	AG	ORF1ab	orf1ab:p.1692P; orf1ab:p.1692-	synonymous_variant; coding_sequence_variant	LOW; MODIFIER	c.5076ccA>ccR; c.5076ccA>ccT; c.5076ccA>ccG
4476	G	GT		0.014	0.014	1	0	GT	ORF1ab	orf1ab:p.1404R>L; orf1ab:p.1404R>H; orf1ab:p.1404-	missense_variant; coding_sequence_variant	MODERATE; MODIFIER	c.4211cGt>cTt; c.4211cGt>cAt; c.4211cGt>cKt; c.4211cGt>cRt
8140	C	CT		0.879	0.879	1	1	CT	ORF1ab	orf1ab:p.2625S; orf1ab:p.2625-	synonymous_variant; coding_sequence_variant	LOW; MODIFIER	c.7875tcC>tcA; c.7875tcC>tcG; c.7875tcC>tcT; c.7875tcC>tcY
4113	C	CT	0.615		0.615	1	0	CT	ORF1ab	orf1ab:p.1283A>D; orf1ab:p.1283A>V; orf1ab:p.1283-	missense_variant; coding_sequence_variant	MODERATE; MODIFIER	c.3848gCt>gYt; c.3848gCt>gTt; c.3848gCt>gAt
1830	A	AG	0.056		0.056	1	0	AG	ORF1ab	orf1ab:p.522N>T; orf1ab:p.522N>S	missense_variant	MODERATE	c.1565aAt>aCt; c.1565aAt>aGt
1779	C	CG	0.013		0.013	1	0	CG	ORF1ab	orf1ab:p.505S>Y; orf1ab:p.505S>C; orf1ab:p.505-; orf1ab:p.505S>F	missense_variant; coding_sequence_variant	MODERATE; MODIFIER	c.1514tCc>tGc; c.1514tCc>tYc; c.1514tCc>tTc; c.1514tCc>tAc
1659	G	GT		0.033	0.033	1	0	GT	ORF1ab	orf1ab:p.465G>A; orf1ab:p.465G>D; orf1ab:p.465-; orf1ab:p.465G>V	missense_variant; coding_sequence_variant	MODERATE; MODIFIER	c.1394gGt>gTt; c.1394gGt>gAt; c.1394gGt>gSt; c.1394gGt>gCt; c.1394gGt>gKt
1656	T	TA		0.034	0.034	1	0	TA	ORF1ab	orf1ab:p.464V>G; orf1ab:p.464V>A	missense_variant	MODERATE	c.1391gTt>gGt; c.1391gTt>gCt
1510	T	TA	0.007		0.007	1	0	TA	ORF1ab	orf1ab:p.415G	synonymous_variant	LOW	c.1245ggT>ggA; c.1245ggT>ggC
1470	G	GA	0.006		0.006	1	0	GA	ORF1ab	orf1ab:p.402R>H; orf1ab:p.402R>L	missense_variant	MODERATE	c.1205cGc>cTc; c.1205cGc>cAc
1059	C	CT	1.0		1.0	1	1	CT	ORF1ab	orf1ab:p.265-; orf1ab:p.265T>N; orf1ab:p.265T>I; orf1ab:p.265-270TFNGEC>T; orf1ab:p.265T>S	missense_variant; coding_sequence_variant; inframe_deletion	MODERATE; MODIFIER	c.795-809acCTTCAATGGGGAATGt>act; c.794aCc>aGc; c.794aCc>aYc; c.794aCc>aTc; c.794aCc>aAc
865	C	CT		0.261	0.261	1	0	CT	ORF1ab	orf1ab:p.200C; orf1ab:p.200-	synonymous_variant; coding_sequence_variant	LOW; MODIFIER	c.600tgC>tgT; c.600tgC>tgY
7921	A	AG	1.0		1.0	1	1	AG	ORF1ab	orf1ab:p.2553-2559SAKSASV>-; orf1ab:p.2552S; orf1ab:p.2552-	synonymous_variant; coding_sequence_variant; inframe_deletion	LOW; MODIFIER; MODERATE	c.7656tcA>tcG; c.7657-7677TCTGCAAAATCAGCGTCTGTT>-; c.7656tcA>tcT; c.7656tcA>tcC; c.7656tcA>tcR
8231	A	AC		0.028	0.028	1	0	AC	ORF1ab	orf1ab:p.2656K>Q; orf1ab:p.2656K>E	missense_variant	MODERATE	c.7966Aaa>Gaa; c.7966Aaa>Caa
17194	A	AC	0.065		0.065	1	0	AC					
14118	G	GA		0.014	0.014	1	0	GA	ORF1ab	orf1ab:p.4618T; orf1ab:p.4618-	synonymous_variant; coding_sequence_variant	LOW; MODIFIER	c.13854acG>acK; c.13854acG>acR; c.13854acG>acA; c.13854acG>acT
17190	T	TC	0.059		0.059	1	0	TC	ORF1ab	orf1ab:p.5642C; orf1ab:p.5642C>*	synonymous_variant; stop_gained	LOW; HIGH	c.16926tgT>tgC; c.16926tgT>tgA
16956	A	AT		0.028	0.028	1	0	AT	ORF1ab	orf1ab:p.5564-; orf1ab:p.5564L	synonymous_variant; coding_sequence_variant	LOW; MODIFIER	c.16692ctA>ctR; c.16692ctA>ctT; c.16692ctA>ctG
16741	G	GT	1.0		1.0	1	1	GT	ORF1ab	orf1ab:p.5493V>I; orf1ab:p.5493V>L; orf1ab:p.5493V>F; orf1ab:p.5493-	missense_variant; coding_sequence_variant	MODERATE; MODIFIER	c.16477Gtt>Ttt; c.16477Gtt>Att; c.16477Gtt>Stt; c.16477Gtt>Ytt; c.16477Gtt>Ktt; c.16477Gtt>Ctt; c.16477Gtt>Rtt
16385	G	GA		0.008	0.008	1	0	GA	ORF1ab	orf1ab:p.5374-	coding_sequence_variant	MODIFIER	c.16121tGc>tSc
15190	G	GC		1.0	1.0	1	1	GC	ORF1ab	orf1ab:p.4976G>R; orf1ab:p.4976G>*; orf1ab:p.4976-	missense_variant; stop_gained; coding_sequence_variant	MODERATE; HIGH; MODIFIER	c.14926Gga>Aga; c.14926Gga>Rga; c.14926Gga>Tga
14407	C	CT		0.997	0.997	1	1	CT	ORF1ab	orf1ab:p.4715P>T; orf1ab:p.4715P>A; orf1ab:p.4715-4717PTS>X; orf1ab:p.4715-; orf1ab:p.4715P>S	missense_variant; coding_sequence_variant; frameshift_variant	MODERATE; MODIFIER; HIGH	c.14143Cct>Sct; c.14144-14150cCTACAAGt>ct; c.14143Cct>Mct; c.14143Cct>Gct; c.14143Cct>Act; c.14143Cct>Tct; c.14143Cct>Yct
14317	A	AG		0.017	0.017	1	0	AG	ORF1ab	orf1ab:p.4685T>S; orf1ab:p.4685T>P; orf1ab:p.4685T>A	missense_variant	MODERATE	c.14053Aca>Gca; c.14053Aca>Cca; c.14053Aca>Tca
14227	A	AT		0.01	0.01	1	0	AT	ORF1ab	orf1ab:p.4655K>*	stop_gained	HIGH	c.13963Aag>Tag
14186	G	GA		0.307	0.307	1	0	GA	ORF1ab	orf1ab:p.4641R>K; orf1ab:p.4641R>M; orf1ab:p.4641-	missense_variant; coding_sequence_variant	MODERATE; MODIFIER	c.13922aGg>aAg; c.13922aGg>aTg; c.13922aGg>aRg
13991	A	AC	0.006		0.006	1	0	AC	ORF1ab	orf1ab:p.4576Q>R; orf1ab:p.4576Q>L	missense_variant	MODERATE	c.13727cAa>cTa; c.13727cAa>cGa
8232	A	AT		0.025	0.025	1	0	AT	ORF1ab	orf1ab:p.2656K>R; orf1ab:p.2656K>I	missense_variant	MODERATE	c.7967aAa>aTa; c.7967aAa>aGa
12432	G	GA		0.007	0.007	1	0	GA	ORF1ab	orf1ab:p.4056C>F	missense_variant	MODERATE	c.12167tGt>tTt
12420	C	CT		0.006	0.006	1	0	CT	ORF1ab	orf1ab:p.4052-; orf1ab:p.4052A>V; orf1ab:p.4052A>X	frameshift_variant; coding_sequence_variant; missense_variant	HIGH; MODIFIER; MODERATE	c.12155gCa>gTa; c.12156gcA>gc; c.12155gCa>gYa
11983	A	AT		0.03	0.03	1	0	AT	ORF1ab	orf1ab:p.3906E>D; orf1ab:p.3906-; orf1ab:p.3906E	synonymous_variant; coding_sequence_variant; missense_variant	LOW; MODIFIER; MODERATE	c.11718gaA>gaG; c.11718gaA>gaT; c.11718gaA>gaM; c.11718gaA>gaR; c.11718gaA>gaC
11935	A	AT		0.255	0.255	1	0	AT	ORF1ab	orf1ab:p.3890Q; orf1ab:p.3890-; orf1ab:p.3890Q>H	synonymous_variant; missense_variant; coding_sequence_variant	LOW; MODERATE; MODIFIER	c.11670caA>caC; c.11670caA>caR; c.11670caA>caG; c.11670caA>caT
11425	A	AT		0.05	0.05	1	0	AT	ORF1ab	orf1ab:p.3720K; orf1ab:p.3720K>N; orf1ab:p.3720-	missense_variant; coding_sequence_variant; synonymous_variant	MODERATE; MODIFIER; LOW	c.11160aaA>aaG; c.11160aaA>aaW; c.11160aaA>aaT; c.11160aaA>aaC; c.11160aaA>aaR
11102	C	CT		0.998	0.998	1	1	CT	ORF1ab	orf1ab:p.3613P>T; orf1ab:p.3613P>S; orf1ab:p.3613-	missense_variant; coding_sequence_variant	MODERATE; MODIFIER	c.10837Cct>Tct; c.10837Cct>Yct; c.10837Cct>Act
10775	C	CA		0.041	0.041	1	0	CA	ORF1ab	orf1ab:p.3504-; orf1ab:p.3504P>T; orf1ab:p.3504P>S	missense_variant; coding_sequence_variant	MODERATE; MODIFIER	c.10510Cct>Mct; c.10510Cct>Tct; c.10510Cct>Act; c.10510Cct>Yct
10267	T	TG		0.106	0.106	1	0	TG	ORF1ab	orf1ab:p.3334G; orf1ab:p.3335N>X	synonymous_variant; frameshift_variant	LOW; HIGH	c.10003Aat>at; c.10002ggT>ggC
8527	A	AG	0.062		0.062	1	0	AG	ORF1ab	orf1ab:p.2754-; orf1ab:p.2754V	synonymous_variant; coding_sequence_variant	LOW; MODIFIER	c.8262gtA>gtC; c.8262gtA>gtR; c.8262gtA>gtW; c.8262gtA>gtG; c.8262gtA>gtT
29466	C	CT		0.969	0.969	1	1	CT	N	N:p.398A>G; N:p.398A>V; N:p.398-401ADLD>AX; N:p.398-	missense_variant; coding_sequence_variant; upstream_gene_variant; frameshift_variant	MODERATE; MODIFIER; MODIFIER,DISTANCE=ORF10:92; HIGH; MODIFIER,DISTANCE=ORF10:84	c.1193gCa>gYa; c.1193gCa>gGa; c.1193gCa>gTa; c.1194-1201gcAGATTTGGat>gcat
