Position	Reference	Sub	ERX4082127	ERX4078935	ERX4078896	ERX4078897	ERX4078908	ERX4078934	ERX4078920	ERX4082124	ERX4082130	ERX4078922	ERX4082118	ERX4078923	ERX4082131	ERX4078937	ERX4082109	ERX4078933	ERX4078927	ERX4078884	ERX4078926	ERX4078932	ERX4082108	ERX4078918	ERX4078886	ERX4078925	ERX4078919	ERX4078956	ERX4078957	ERX4078943	ERX4078955	ERX4078941	ERX4078940	ERX4078944	ERX4078945	ERX4078953	ERX4078952	ERX4078948	ERX4078949	ERX4078959	ERX4078900	ERX4078914	ERX4078929	ERX4078915	ERX4082107	ERX4078901	ERX4078917	ERX4082111	ERX4078877	ERX4078876	ERX4082110	ERX4078906	ERX4082114	ERX4078913	ERX4082129	ERX4078939	ERX4082117	ERX4078911	ERX4082103	ERX4078910	ERX4078904	ERX4078938	Avg	Count	Editing Sub	Gene	Amino acids change	Annotation Type	Calculated variant consequences	Variation Codons
14408	C	CT	41		34.0		36.0	48.0	47		50.0	38.0	33.0	40	42			45.0					37.0	34.0			45.0	34.0	41.0		31			57.0		53.0		36.0			44.0		41	47	50	40.0	40.0		20.0	67	54.0	50.0		33.0		57	33.0		47.0	38.0	32.0	38.0	41.97	37	CT	ORF1ab	orf1ab:p.4715P>L; orf1ab:p.4715P>H; orf1ab:p.4715-; orf1ab:p.4715P>R	missense_variant; coding_sequence_variant	MODERATE; MODIFIER	c.14144cCt>cTt; c.14144cCt>cGt; c.14144cCt>cYt; c.14144cCt>cAt; c.14144cCt>cKt
241	C	CT	44		42.0		31.0	44.0	29.0		38.0	28.0	44.0	34.0	49			36.0					41.0	24.0			33.0	42.0	28.0		33.0			52.0		32.0		33.0					38.0	43.0	29.0	33.0	34.0		35.0	63.0	37.0	40.0		42.0		42	42.0		41.0	31.0	31.0	32.0	37.5	36	CT	5'UTR		upstream_gene_variant	MODIFIER,DISTANCE=orf1ab:25; MODIFIER,DISTANCE=orf1ab:24	
3037	C	CT	27		21.0			22.0			24.0	23.0	29.0		24								20.0	23.0														24.0			21.0								20.0	28.0	26.0					25			20.0			20.0	23.35	17	CT	ORF1ab	orf1ab:p.924F; orf1ab:p.924-; orf1ab:p.924F>L	synonymous_variant; coding_sequence_variant; missense_variant	LOW; MODIFIER; MODERATE	c.2772ttC>ttT; c.2772ttC>ttG; c.2772ttC>ttA; c.2772ttC>ttY; c.2772ttC>ttK
23403	A	AG	22								22.0		20.0		20																										22								62	22							20.0			24			26.0	9	AG	S	S:p.614-; S:p.614D>G; S:p.614D>A	missense_variant; coding_sequence_variant	MODERATE; MODIFIER	c.1841gAt>gGt; c.1841gAt>gRt; c.1841gAt>gCt; c.1841gAt>gMt
8782	C	CT														29	30.0					19															24					27.0													33.0								27.0	6	CT	ORF1ab	orf1ab:p.2839S; orf1ab:p.2839-	synonymous_variant; coding_sequence_variant	LOW; MODIFIER	c.8517agC>agY; c.8517agC>agT
28854	C	CT																			20														22				23									24					28					20.0					22.83	6	CT	N	N:p.194-; N:p.194-210SRNSTPGSSRGTSPARM>S; N:p.194-196SRN>S; N:p.194-195SR>S; N:p.194S>L	missense_variant; coding_sequence_variant; inframe_deletion	MODERATE; MODIFIER	c.581tCa>tYa; c.581tCa>tTa; c.582-587tcAAGAAAt>tct; c.582-629tcAAGAAATTCAACTCCAGGCAGCAGTAGGGGAACTTCTCCTGCTAGAATg>tcg; c.582-584tcAAGa>tca
13862	C	CT							26																		23.0									19.0											20.0				24.0												22.4	5	CT	ORF1ab	orf1ab:p.4533-; orf1ab:p.4533T>I	coding_sequence_variant; missense_variant	MODIFIER; MODERATE	c.13598aCa>aYa; c.13598aCa>aTa; c.13598aCa>aSa
4540	C	CT														25	31.0								31.0																														39.0								31.5	4	CT	ORF1ab	orf1ab:p.1425-; orf1ab:p.1425Y	synonymous_variant; coding_sequence_variant	LOW; MODIFIER	c.4275taC>taY; c.4275taC>taT
28836	C	CT																					20													17.0															25.0										20.0		20.5	4	CT	N	N:p.188-; N:p.188S>L	missense_variant; coding_sequence_variant	MODERATE; MODIFIER	c.563tCa>tYa; c.563tCa>tTa
28144	T	TC														21	31.0																				25																		27.0								26.0	4	TC	ORF8	ORF8:p.84L>X; ORF8:p.84L>S; ORF8:p.84L>*; ORF8:p.84-; ORF8:p.84-89LPFTIN>LX	missense_variant; coding_sequence_variant; stop_gained; frameshift_variant	MODERATE; MODIFIER; HIGH	c.251tTa>tGa; c.252-265ttACCTTTTACAATTAat>ttat; c.251tTa>tCa; c.251tTa>tAa; c.252ttA>tt; c.251tTa>tYa
14805	C	CT								31							21.0																																						21.0								24.33	3	CT	ORF1ab	orf1ab:p.4847-; orf1ab:p.4847Y	synonymous_variant; coding_sequence_variant	LOW; MODIFIER	c.14541taC>taY; c.14541taC>taT
17247	T	TC								63										34.0													45																														47.33	3	TC	ORF1ab	orf1ab:p.5661R; orf1ab:p.5661-	synonymous_variant; coding_sequence_variant	LOW; MODIFIER	c.16983cgT>cgC; c.16983cgT>cgY; c.16983cgT>cgA; c.16983cgT>cgG; c.16983cgT>cgW
8626	C	CT																												25		21.0							31.0																								25.67	3	CT	ORF1ab	orf1ab:p.2787F>L; orf1ab:p.2787-; orf1ab:p.2787F	synonymous_variant; coding_sequence_variant; missense_variant	LOW; MODIFIER; MODERATE	c.8361ttC>ttT; c.8361ttC>ttA; c.8361ttC>ttY
22987	C	CT																													6										8																						7.0	2	CT	S	S:p.475-; S:p.475A	synonymous_variant; coding_sequence_variant	LOW; MODIFIER	c.1425gcC>gcG; c.1425gcC>gcT; c.1425gcC>gcA; c.1425gcC>gcM; c.1425gcC>gcY
10798	C	CA																																										20							26.0												23.0	2	CA	ORF1ab	orf1ab:p.3511D>E; orf1ab:p.3511-; orf1ab:p.3511D	synonymous_variant; coding_sequence_variant; missense_variant	LOW; MODIFIER; MODERATE	c.10533gaC>gaT; c.10533gaC>gaY; c.10533gaC>gaA
6730	C	CT																																											21														28.0				24.5	2	CT	ORF1ab	orf1ab:p.2155-; orf1ab:p.2155N; orf1ab:p.2155N>K	synonymous_variant; coding_sequence_variant; missense_variant	LOW; MODIFIER; MODERATE	c.6465aaC>aaY; c.6465aaC>aaT; c.6465aaC>aaA
20844	C	CT																																																										26			26.0	1	CT	ORF1ab	orf1ab:p.6860P; orf1ab:p.6860-	synonymous_variant; coding_sequence_variant	LOW; MODIFIER	c.20580ccC>ccG; c.20580ccC>ccT; c.20580ccC>ccA; c.20580ccC>ccY
18929	C	CT																																																39													39.0	1	CT	ORF1ab	orf1ab:p.6222-; orf1ab:p.6222P>L; orf1ab:p.6222P>H	missense_variant; coding_sequence_variant	MODERATE; MODIFIER	c.18665cCt>cTt; c.18665cCt>cAt; c.18665cCt>cYt
21034	C	CT																																															31														31.0	1	CT	ORF1ab	orf1ab:p.6924L>X; orf1ab:p.6924L>I; orf1ab:p.6924L>V; orf1ab:p.6924L>F; orf1ab:p.6924-	missense_variant; coding_sequence_variant; frameshift_variant	MODERATE; MODIFIER; HIGH	c.20770Ctc>Gtc; c.20770Ctc>Ttc; c.20770Ctc>Atc; c.20771cTc>cc; c.20770Ctc>Ytc
21645	A	AT																																																			7										7.0	1	AT	S	S:p.28Y>F; S:p.28Y>C; S:p.28Y>S; S:p.28-	downstream_gene_variant; missense_variant; coding_sequence_variant	MODIFIER,DISTANCE=orf1ab:90; MODERATE; MODIFIER	c.83tAc>tCc; c.83tAc>tTc; c.83tAc>tGc; c.83tAc>tWc; c.83tAc>tRc
18511	C	CT																																																		16											16.0	1	CT	ORF1ab	orf1ab:p.6083P>T; orf1ab:p.6083-; orf1ab:p.6083P>S	missense_variant; coding_sequence_variant	MODERATE; MODIFIER	c.18247Cct>Tct; c.18247Cct>Yct; c.18247Cct>Act
21711	C	CT																																																			5										5.0	1	CT	S	S:p.50-; S:p.50-56STQDLFL>S; S:p.50S>L	missense_variant; coding_sequence_variant; inframe_deletion	MODERATE; MODIFIER	c.150-167tcAACTCAGGACTTGTTCTTa>tca; c.149tCa>tTa; c.149tCa>tYa
18197	G	GA																																																			6										6.0	1	GA	ORF1ab	orf1ab:p.5978-; orf1ab:p.5978R>I; orf1ab:p.5978R>K	missense_variant; coding_sequence_variant	MODERATE; MODIFIER	c.17933aGa>aRa; c.17933aGa>aTa; c.17933aGa>aAa
17555	C	CT																																					34																								34.0	1	CT	ORF1ab	orf1ab:p.5764-; orf1ab:p.5764T>N; orf1ab:p.5764T>I	missense_variant; coding_sequence_variant	MODERATE; MODIFIER	c.17291aCt>aTt; c.17291aCt>aAt; c.17291aCt>aYt; c.17291aCt>aMt
19209	T	TC																																					20																								20.0	1	TC	ORF1ab	orf1ab:p.6315D	synonymous_variant	LOW	c.18945gaT>gaC
25049	G	GT																																									14																				14.0	1	GT	S	S:p.1163D>N; S:p.1163-; S:p.1163D>Y; S:p.1163D>H	missense_variant; coding_sequence_variant	MODERATE; MODIFIER	c.3487Gat>Sat; c.3487Gat>Kat; c.3487Gat>Aat; c.3487Gat>Rat; c.3487Gat>Cat; c.3487Gat>Tat; c.3487Gat>Bat
24214	T	TA																																															6														6.0	1	TA	S	S:p.884S; S:p.884-	synonymous_variant; coding_sequence_variant	LOW; MODIFIER	c.2652tcT>tcC; c.2652tcT>tcA; c.2652tcT>tcY; c.2652tcT>tcW; c.2652tcT>tcG
24813	A	AG																																																			5										5.0	1	AG	S	S:p.1084D>G; S:p.1084D>V; S:p.1084-; S:p.1084D>A	missense_variant; coding_sequence_variant	MODERATE; MODIFIER	c.3251gAt>gCt; c.3251gAt>gTt; c.3251gAt>gRt; c.3251gAt>gGt
25797	C	CT																																																23													23.0	1	CT	ORF3a	ORF3a:p.135S; ORF3a:p.135S>SX; ORF3a:p.136K>X; ORF3a:p.135-	synonymous_variant; coding_sequence_variant; frameshift_variant	LOW; MODIFIER; HIGH	c.405tcC>tcY; c.406Aaa>aa; c.405tcC>tcCA; c.405tcC>tcT; c.406-407AAa>a; c.405tcC>tcM; c.405tcC>tcA; c.405tcC>tcG
26681	C	CT																																																			35										35.0	1	CT	M	M:p.53F>L; M:p.53F; M:p.53-	synonymous_variant; coding_sequence_variant; missense_variant	LOW; MODIFIER; MODERATE	c.159ttC>ttT; c.159ttC>ttG; c.159ttC>ttY; c.159ttC>ttA
26729	T	TC																				29																																									29.0	1	TC	M	M:p.69A; M:p.69-	synonymous_variant; coding_sequence_variant	LOW; MODIFIER	c.207gcT>gcA; c.207gcT>gcW; c.207gcT>gcY; c.207gcT>gcG; c.207gcT>gcC
26858	C	CT	26																																																												26.0	1	CT	M	M:p.112F; M:p.112-; M:p.112F>L	synonymous_variant; missense_variant; coding_sequence_variant	LOW; MODERATE; MODIFIER	c.336ttC>ttT; c.336ttC>ttY; c.336ttC>ttA; c.336ttC>ttG
27033	G	GT							6																																																						6.0	1	GT	M	M:p.171-; M:p.171A>S	coding_sequence_variant; missense_variant	MODIFIER; MODERATE	c.511Gct>Kct; c.511Gct>Tct; c.511Gct>Sct
27040	C	CA							6																																																						6.0	1	CA	M	M:p.173-; M:p.173S>*	stop_gained; coding_sequence_variant	HIGH; MODIFIER	c.518tCa>tAa; c.518tCa>tYa; c.518tCa>tMa
27213	C	CT																																					17																								17.0	1	CT	ORF6	ORF6:p.4L; ORF6:p.4-; ORF6:p.4L>LVDFQ	downstream_gene_variant; synonymous_variant; coding_sequence_variant; inframe_insertion	MODIFIER,DISTANCE=M:22; LOW; MODIFIER; MODERATE	c.12ctC>ctY; c.12ctC>ctCGTTGACTTTCAG; c.12ctC>ctA; c.12ctC>ctT; c.12ctC>ctG
28596	G	GA																																																			6										6.0	1	GA					
28863	C	CT															21																																														21.0	1	CT	N	N:p.197-; N:p.197S>L	missense_variant; coding_sequence_variant	MODERATE; MODIFIER	c.590tCa>tYa; c.590tCa>tTa
29039	A	AT																																							5																						5.0	1	AT	N	N:p.256K>*; N:p.256K>E; N:p.256-	stop_gained; missense_variant; coding_sequence_variant	HIGH; MODERATE; MODIFIER	c.766Aag>Gag; c.766Aag>Wag; c.766Aag>Tag
29119	C	CT																																																			6										6.0	1	CT	N	N:p.282T; N:p.282-	synonymous_variant; coding_sequence_variant	LOW; MODIFIER	c.846acC>acA; c.846acC>acY; c.846acC>acG; c.846acC>acT
29187	C	CT																															6																														6.0	1	CT	N	N:p.305-; N:p.305A>V	coding_sequence_variant; missense_variant	MODIFIER; MODERATE	c.914gCa>gYa; c.914gCa>gTa
17278	G	GT																																																										42			42.0	1	GT	ORF1ab	orf1ab:p.5672V>M; orf1ab:p.5672V>L; orf1ab:p.5672-	missense_variant; coding_sequence_variant	MODERATE; MODIFIER	c.17014Gtg>Ctg; c.17014Gtg>Ttg; c.17014Gtg>Ktg; c.17014Gtg>Rtg; c.17014Gtg>Atg
189	G	GA																																																						39							39.0	1	GA	5'UTR		upstream_gene_variant	MODIFIER,DISTANCE=orf1ab:77	
17172	C	CA																															22																														22.0	1	CA	ORF1ab	orf1ab:p.5636A; orf1ab:p.5636-	coding_sequence_variant; synonymous_variant	MODIFIER; LOW	c.16908gcC>gcY; c.16908gcC>gcT; c.16908gcC>gcM; c.16908gcC>gcA
17126	T	TC													40																																																40.0	1	TC	ORF1ab	orf1ab:p.5621-; orf1ab:p.5621L>P; orf1ab:p.5621L>H	missense_variant; coding_sequence_variant	MODERATE; MODIFIER	c.16862cTc>cAc; c.16862cTc>cCc; c.16862cTc>cYc
302	C	CT																																																						23							23.0	1	CT	ORF1ab	orf1ab:p.13-; orf1ab:p.13H>N; orf1ab:p.13H>Y	missense_variant; coding_sequence_variant	MODERATE; MODIFIER	c.37Cac>Aac; c.37Cac>Tac; c.37Cac>Yac
478	C	CA								6																																																					6.0	1	CA	ORF1ab	orf1ab:p.71I; orf1ab:p.71I>IX; orf1ab:p.71-; orf1ab:p.72K>X	synonymous_variant; coding_sequence_variant; frameshift_variant	LOW; MODIFIER; HIGH	c.213atC>atT; c.213atC>atY; c.213atC>atCA; c.213atC>atA; c.214Aaa>aa; c.213atC>atM
490	T	TA																				32																																									32.0	1	TA	ORF1ab	orf1ab:p.75-; orf1ab:p.75D>E; orf1ab:p.76A>X; orf1ab:p.75D	coding_sequence_variant; missense_variant; synonymous_variant; frameshift_variant	MODIFIER; MODERATE; LOW; HIGH	c.225gaT>gaG; c.225gaT>gaA; c.225gaT>gaC; c.225gaT>gaW; c.226-227GCt>t; c.225gaT>gaY
541	C	CT	54																																																												54.0	1	CT	ORF1ab	orf1ab:p.92L; orf1ab:p.92-	synonymous_variant; coding_sequence_variant	LOW; MODIFIER	c.276ctC>ctM; c.276ctC>ctT; c.276ctC>ctS; c.276ctC>ctA; c.276ctC>ctY
542	G	GA																	6																																												6.0	1	GA	ORF1ab	orf1ab:p.93E>*; orf1ab:p.93E>K	missense_variant; stop_gained	MODERATE; HIGH	c.277Gaa>Taa; c.277Gaa>Aaa
676	C	CT																																														9															9.0	1	CT	ORF1ab	orf1ab:p.137G; orf1ab:p.137-	synonymous_variant; coding_sequence_variant	LOW; MODIFIER	c.411ggC>ggY; c.411ggC>ggA; c.411ggC>ggT
1059	C	CT	24																																																												24.0	1	CT	ORF1ab	orf1ab:p.265-; orf1ab:p.265T>N; orf1ab:p.265T>I; orf1ab:p.265-270TFNGEC>T; orf1ab:p.265T>S	missense_variant; coding_sequence_variant; inframe_deletion	MODERATE; MODIFIER	c.795-809acCTTCAATGGGGAATGt>act; c.794aCc>aGc; c.794aCc>aYc; c.794aCc>aTc; c.794aCc>aAc
1221	C	CT																																						24																							24.0	1	CT	ORF1ab	orf1ab:p.319T>I; orf1ab:p.319-; orf1ab:p.319T>S; orf1ab:p.319T>N	missense_variant; coding_sequence_variant	MODERATE; MODIFIER	c.956aCt>aAt; c.956aCt>aYt; c.956aCt>aTt; c.956aCt>aGt
1912	C	CT																																			55																										55.0	1	CT	ORF1ab	orf1ab:p.549S; orf1ab:p.549-	synonymous_variant; coding_sequence_variant	LOW; MODIFIER	c.1647tcC>tcY; c.1647tcC>tcA; c.1647tcC>tcM; c.1647tcC>tcT
2196	A	AC																															32																														32.0	1	AC	ORF1ab	orf1ab:p.644-; orf1ab:p.644D>G; orf1ab:p.644D>A	missense_variant; coding_sequence_variant	MODERATE; MODIFIER	c.1931gAc>gGc; c.1931gAc>gMc; c.1931gAc>gCc; c.1931gAc>gRc
2695	C	CT																													33																																33.0	1	CT	ORF1ab	orf1ab:p.811N>X; orf1ab:p.810N; orf1ab:p.810-	synonymous_variant; coding_sequence_variant; frameshift_variant	LOW; MODIFIER; HIGH	c.2431Aat>at; c.2430aaC>aaY; c.2430aaC>aaT; c.2430aaC>aaM
3177	C	CT																				30																																									30.0	1	CT	ORF1ab	orf1ab:p.971-; orf1ab:p.971P>L; orf1ab:p.971P>R; orf1ab:p.971P>H; orf1ab:p.971P>PENPHL	coding_sequence_variant; missense_variant; inframe_insertion	MODIFIER; MODERATE	c.2912cCt>cGt; c.2912cCt>cAt; c.2912cCt>cCAGAAAACCCTCACCTt; c.2912cCt>cTt; c.2912cCt>cYt; c.2912cCt>cMt
3180	A	AG																																														11															11.0	1	AG	ORF1ab	orf1ab:p.972E>A; orf1ab:p.972-; orf1ab:p.972-973EE>EX; orf1ab:p.972E>G; orf1ab:p.972E>V	missense_variant; coding_sequence_variant; frameshift_variant	MODERATE; MODIFIER; HIGH	c.2915gAa>gRa; c.2915gAa>gTa; c.2915gAa>gGa; c.2915gAa>gWa; c.2915gAa>gCa; c.2916-2917gaAGaa>gaaa
5850	C	CT								5																																																					5.0	1	CT	ORF1ab	orf1ab:p.1862P>L; orf1ab:p.1862P>H; orf1ab:p.1862-	missense_variant; coding_sequence_variant	MODERATE; MODIFIER	c.5585cCt>cTt; c.5585cCt>cMt; c.5585cCt>cYt; c.5585cCt>cAt
6368	G	GA				6																																																									6.0	1	GA	ORF1ab	orf1ab:p.2035-; orf1ab:p.2035G>R	missense_variant; coding_sequence_variant	MODERATE; MODIFIER	c.6103Gga>Aga; c.6103Gga>Kga; c.6103Gga>Rga
6385	C	CT												40																																																	40.0	1	CT	ORF1ab	orf1ab:p.2040-; orf1ab:p.2040A	synonymous_variant; coding_sequence_variant	LOW; MODIFIER	c.6120gcC>gcT; c.6120gcC>gcM; c.6120gcC>gcG; c.6120gcC>gcA; c.6120gcC>gcY
6696	C	CT		33																																																											33.0	1	CT	ORF1ab	orf1ab:p.2144P>L; orf1ab:p.2144P>PX; orf1ab:p.2144P>PF; orf1ab:p.2144P>H; orf1ab:p.2144-	missense_variant; coding_sequence_variant; frameshift_variant; inframe_insertion	MODERATE; MODIFIER; HIGH	c.6431cCt>cYt; c.6431cCt>cTt; c.6431cCt>cAt; c.6431cCt>cCTTTt; c.6431cCt>cCTt; c.6431cCt>cMt
7423	C	CT																								21																																					21.0	1	CT	ORF1ab	orf1ab:p.2386F; orf1ab:p.2386-	synonymous_variant; coding_sequence_variant	LOW; MODIFIER	c.7158ttC>ttY; c.7158ttC>ttT
10097	G	GA																																																22													22.0	1	GA	ORF1ab	orf1ab:p.3278G>S; orf1ab:p.3278-; orf1ab:p.3278G>C	missense_variant; coding_sequence_variant	MODERATE; MODIFIER	c.9832Ggt>Agt; c.9832Ggt>Kgt; c.9832Ggt>Rgt; c.9832Ggt>Tgt
11083	G	GT								22																																																					22.0	1	GT	ORF1ab	orf1ab:p.3606L; orf1ab:p.3606-; orf1ab:p.3606L>F	missense_variant; coding_sequence_variant; synonymous_variant	MODERATE; MODIFIER; LOW	c.10818ttG>ttK; c.10818ttG>ttA; c.10818ttG>ttC; c.10818ttG>ttT; c.10818ttG>ttW; c.10818ttG>ttS
11540	G	GT																												26																																	26.0	1	GT	ORF1ab	orf1ab:p.3759V>L; orf1ab:p.3759-3760VF>V; orf1ab:p.3759V>I; orf1ab:p.3759V>VX; orf1ab:p.3759V>F; orf1ab:p.3759-	missense_variant; coding_sequence_variant; frameshift_variant; inframe_deletion	MODERATE; MODIFIER; HIGH	c.11275Gtt>Ctt; c.11275Gtt>GTtt; c.11276-11278gTTTtt>gtt; c.11275Gtt>Stt; c.11275Gtt>Ttt; c.11275Gtt>Rtt; c.11275Gtt>Ktt; c.11275Gtt>Att
11747	C	CT												9																																																	9.0	1	CT	ORF1ab	orf1ab:p.3828L>I; orf1ab:p.3828L; orf1ab:p.3828-	synonymous_variant; coding_sequence_variant; missense_variant	LOW; MODIFIER; MODERATE	c.11482Cta>Tta; c.11482Cta>Ata; c.11482Cta>Yta
11900	C	CT																																									20																				20.0	1	CT	ORF1ab	orf1ab:p.3879L>I; orf1ab:p.3879-; orf1ab:p.3879L>F	missense_variant; coding_sequence_variant	MODERATE; MODIFIER	c.11635Ctc>Ttc; c.11635Ctc>Ytc; c.11635Ctc>Mtc; c.11635Ctc>Atc
13216	T	TG																																																101													101.0	1	TG	ORF1ab	orf1ab:p.4317-; orf1ab:p.4317D; orf1ab:p.4317D>E	synonymous_variant; missense_variant; coding_sequence_variant	LOW; MODERATE; MODIFIER	c.12951gaT>gaA; c.12951gaT>gaG; c.12951gaT>gaY; c.12951gaT>gaK; c.12951gaT>gaC
13548	C	CT																																	10																												10.0	1	CT	ORF1ab	orf1ab:p.4428-; orf1ab:p.4428D	synonymous_variant; coding_sequence_variant	LOW; MODIFIER	c.13284gaC>gaT; c.13284gaC>gaY
13819	C	CA																							8																																						8.0	1	CA	ORF1ab	orf1ab:p.4519L>F; orf1ab:p.4519-; orf1ab:p.4519L>I	missense_variant; coding_sequence_variant	MODERATE; MODIFIER	c.13555Ctc>Atc; c.13555Ctc>Ytc; c.13555Ctc>Ttc
228	C	CT													49																																																49.0	1	CT	5'UTR		upstream_gene_variant	MODIFIER,DISTANCE=orf1ab:38	
14877	C	CT																																							22																						22.0	1	CT	ORF1ab	orf1ab:p.4871-; orf1ab:p.4871Y	synonymous_variant; coding_sequence_variant	LOW; MODIFIER	c.14613taC>taY; c.14613taC>taT
16289	C	CT			22																																																										22.0	1	CT	ORF1ab	orf1ab:p.5342A>D; orf1ab:p.5342A>V; orf1ab:p.5342-	missense_variant; coding_sequence_variant	MODERATE; MODIFIER	c.16025gCt>gAt; c.16025gCt>gTt; c.16025gCt>gYt
29188	A	AG																															6																														6.0	1	AG	N	N:p.305-; N:p.305A	synonymous_variant; coding_sequence_variant	LOW; MODIFIER	c.915gcA>gcG; c.915gcA>gcT; c.915gcA>gcC; c.915gcA>gcR
