Position	Reference	Sub	ERX4078917	ERX4078920	ERX4078937	ERX4082131	ERX4078945	ERX4078904	ERX4078913	ERX4078932	ERX4082107	ERX4078956	ERX4082129	ERX4078941	ERX4078938	ERX4082103	ERX4082127	ERX4082110	ERX4078959	ERX4078896	ERX4078908	ERX4082114	ERX4082130	ERX4078897	ERX4078886	ERX4078929	ERX4078957	ERX4078925	ERX4078953	ERX4078926	ERX4082124	ERX4078955	ERX4078927	ERX4078876	ERX4078934	ERX4078940	ERX4078914	ERX4078918	ERX4078944	ERX4078922	ERX4078952	ERX4078935	ERX4078911	ERX4078900	ERX4078919	ERX4082108	ERX4078901	ERX4082117	ERX4078923	ERX4078884	ERX4078939	ERX4082109	ERX4078943	ERX4082111	ERX4082118	ERX4078933	ERX4078948	ERX4078877	ERX4078915	ERX4078906	ERX4078910	ERX4078949	Avg	Count	Count (>= 0.95)	Editing Sub	GISAID Sub	GISAID_A	GISAID_T	GISAID_G	GISAID_C	Gene	Amino acids change	Annotation Type	Calculated variant consequences	Variation Codons
189	G	GA																																																	1.0												1.0	1	1	GA	GA	3.0	0.0	14577.0	0.0	5'UTR	QHD43415.1	upstream_gene_variant	MODIFIER,DISTANCE=77	
228	C	CT				1.0																																																									1.0	1	1	CT	CT	0.0	3.0	0.0	14583.0	5'UTR	QHD43415.1	upstream_gene_variant	MODIFIER,DISTANCE=38	
241	C	CT	1.0	1.0		1.0		1.0	1.0		1.0	1.0			1.0	1.0	1.0	1.0		1.0	1.0		1.0			1.0	1.0		1.0			1.0		1.0	1.0			1.0	1.0	1.0					1.0	1.0	1.0	1.0	0.85		1.0				1.0	1.0	1.0	1.0	1.0	1.0	1.0		0.996	36	35	CT	CT	0.0	10731.0	0.0	3812.0	5'UTR	QHD43415.1	upstream_gene_variant	MODIFIER,DISTANCE=25	
302	C	CT																																																	1.0												1.0	1	1	CT	CT	0.0	1.0	0.0	14578.0	orf1ab	QHD43415.1:p.13H>Y	missense_variant	MODERATE	c.37Cac>Tac
478	C	CA																													0.25																																0.25	1	0	CA	CT	0.0	1.0	0.0	14647.0	orf1ab	QHD43415.1:p.71I	synonymous_variant	LOW	c.213atC>atT
490	T	TA								1.0																																																					1.0	1	1	TA	TA, TC	12.0	14634.0	0.0	2.0	orf1ab	QHD43415.1:p.75D>E; QHD43415.1:p.75-; QHD43415.1:p.75D	missense_variant; coding_sequence_variant; synonymous_variant	MODERATE; MODIFIER; LOW	c.225gaT>gaA; c.225gaT>gaW; c.225gaT>gaC
541	C	CT															1.0																																														1.0	1	1	CT	CT	0.0	13.0	0.0	14638.0	orf1ab	QHD43415.1:p.92L	synonymous_variant	LOW	c.276ctC>ctT
542	G	GA																															0.122																														0.122	1	0	GA		0.0	0.0	14649.0	0.0					
676	C	CT																																																				0.191									0.191	1	0	CT		0.0	0.0	0.0	14674.0	orf1ab	QHD43415.1:p.137G	synonymous_variant	LOW	c.411ggC>ggT
1059	C	CT															1.0																																														1.0	1	1	CT	CT, CG	0.0	622.0	1.0	13956.0	orf1ab	QHD43415.1:p.265T>I; QHD43415.1:p.265-	missense_variant; coding_sequence_variant	MODERATE; MODIFIER	c.794aCc>aTc; c.794aCc>aYc
1221	C	CT																	1.0																																												1.0	1	1	CT	CT	0.0	2.0	0.0	14587.0	orf1ab	QHD43415.1:p.319T>I; QHD43415.1:p.319-	missense_variant; coding_sequence_variant	MODERATE; MODIFIER	c.956aCt>aTt; c.956aCt>aYt
1912	C	CT																																							1.0																						1.0	1	1	CT	CT	0.0	41.0	0.0	14633.0	orf1ab	QHD43415.1:p.549-; QHD43415.1:p.549S	coding_sequence_variant; synonymous_variant	MODIFIER; LOW	c.1647tcC>tcM; c.1647tcC>tcT
2196	A	AC																																		1.0																											1.0	1	1	AC	AC	14586.0	0.0	0.0	11.0	orf1ab	QHD43415.1:p.644D>A	missense_variant	MODERATE	c.1931gAc>gCc
2695	C	CT																														1.0																															1.0	1	1	CT	CA, CT	2.0	2.0	0.0	13580.0	orf1ab	QHD43415.1:p.810N	synonymous_variant	LOW	c.2430aaC>aaT
3037	C	CT				1.0									1.0	1.0	1.0	1.0		1.0			1.0											1.0	1.0			1.0		1.0				1.0		1.0					1.0				1.0		1.0	1.0					1.0	17	17	CT	CT	0.0	10767.0	0.0	3856.0	orf1ab	QHD43415.1:p.924F; QHD43415.1:p.924-	synonymous_variant; coding_sequence_variant	LOW; MODIFIER	c.2772ttC>ttT; c.2772ttC>ttY
3177	C	CT								1.0																																																					1.0	1	1	CT	CT	0.0	16.0	0.0	14655.0	orf1ab	QHD43415.1:p.971P>H; QHD43415.1:p.971-; QHD43415.1:p.971P>L	missense_variant; coding_sequence_variant	MODERATE; MODIFIER	c.2912cCt>cAt; c.2912cCt>cMt; c.2912cCt>cTt; c.2912cCt>cYt
3180	A	AG																																																				0.393									0.393	1	0	AG		14674.0	0.0	0.0	0.0	orf1ab	QHD43415.1:p.972-; QHD43415.1:p.972E>V	coding_sequence_variant; missense_variant	MODIFIER; MODERATE	c.2915gAa>gWa; c.2915gAa>gTa
4540	C	CT			1.0								1.0												1.0																											1.0											1.0	4	4	CT	CT	0.0	62.0	0.0	13979.0	orf1ab	QHD43415.1:p.1425Y; QHD43415.1:p.1425-	synonymous_variant; coding_sequence_variant	LOW; MODIFIER	c.4275taC>taT; c.4275taC>taY
5850	C	CT																													0.238																																0.238	1	0	CT		0.0	0.0	0.0	14567.0	orf1ab	QHD43415.1:p.1862P>L	missense_variant	MODERATE	c.5585cCt>cTt
6368	G	GA																						0.146																																							0.146	1	0	GA	GA	3.0	0.0	14516.0	0.0	orf1ab	QHD43415.1:p.2035G>R	missense_variant	MODERATE	c.6103Gga>Aga
6385	C	CT																																															0.909														0.909	1	0	CT	CT	0.0	17.0	0.0	14497.0	orf1ab	QHD43415.1:p.2040A	synonymous_variant	LOW	c.6120gcC>gcT
6696	C	CT																																								1.0																					1.0	1	1	CT	CT	0.0	76.0	0.0	14499.0	orf1ab	QHD43415.1:p.2144P>L; QHD43415.1:p.2144P>PX; QHD43415.1:p.2144-	missense_variant; frameshift_variant; coding_sequence_variant	MODERATE; HIGH; MODIFIER	c.6431cCt>cTt; c.6431cCt>cCTt; c.6431cCt>cYt
6730	C	CT									1.0					1.0																																															1.0	2	2	CT	CT	0.0	18.0	0.0	14579.0	orf1ab	QHD43415.1:p.2155N	synonymous_variant	LOW	c.6465aaC>aaT
7423	C	CT																										1.0																																			1.0	1	1	CT	CT	0.0	47.0	0.0	14610.0	orf1ab	QHD43415.1:p.2386F	synonymous_variant	LOW	c.7158ttC>ttT
8626	C	CT												1.0																																							1.0									1.0	1.0	3	3	CT	CT	0.0	10.0	0.0	14655.0	orf1ab	QHD43415.1:p.2787F; QHD43415.1:p.2787-	synonymous_variant; coding_sequence_variant	LOW; MODIFIER	c.8361ttC>ttT; c.8361ttC>ttY
8782	C	CT			1.0					0.905			1.0																								1.0				1.0											1.0											0.984	6	5	CT	CT	0.0	176.0	0.0	14328.0	orf1ab	QHD43415.1:p.2839S; QHD43415.1:p.2839-	synonymous_variant; coding_sequence_variant	LOW; MODIFIER	c.8517agC>agT; c.8517agC>agY
10097	G	GA																																1.0																													1.0	1	1	GA	GA	903.0	0.0	13753.0	0.0	orf1ab	QHD43415.1:p.3278G>S; QHD43415.1:p.3278-	missense_variant; coding_sequence_variant	MODERATE; MODIFIER	c.9832Ggt>Agt; c.9832Ggt>Rgt
10798	C	CA																1.0																																									1.0				1.0	2	2	CA	CA, CT	146.0	1.0	0.0	14464.0	orf1ab	QHD43415.1:p.3511D>E; QHD43415.1:p.3511D	missense_variant; synonymous_variant	MODERATE; LOW	c.10533gaC>gaA; c.10533gaC>gaT
11083	G	GT																													1.0																																1.0	1	1	GT	GA, GT	2.0	2218.0	12296.0	0.0	orf1ab	QHD43415.1:p.3606L; QHD43415.1:p.3606L>F; QHD43415.1:p.3606-	synonymous_variant; missense_variant; coding_sequence_variant	LOW; MODERATE; MODIFIER	c.10818ttG>ttA; c.10818ttG>ttT; c.10818ttG>ttC; c.10818ttG>ttK
11540	G	GT																																																			1.0										1.0	1	1	GT	GT	0.0	2.0	14650.0	0.0	orf1ab	QHD43415.1:p.3759-3760VF>V; QHD43415.1:p.3759V>F; QHD43415.1:p.3759-	inframe_deletion; missense_variant; coding_sequence_variant	MODERATE; MODIFIER	c.11276-11278gTTTtt>gtt; c.11275Gtt>Ttt; c.11275Gtt>Ktt
11747	C	CT																																															0.36														0.36	1	0	CT	CT	0.0	9.0	0.0	14616.0	orf1ab	QHD43415.1:p.3828L	synonymous_variant	LOW	c.11482Cta>Tta
11900	C	CT																								0.714																																					0.714	1	0	CT	CT	0.0	1.0	0.0	14664.0	orf1ab	QHD43415.1:p.3879L>F	missense_variant	MODERATE	c.11635Ctc>Ttc
13216	T	TG																																1.0																													1.0	1	1	TG	TG	0.0	14607.0	59.0	0.0	orf1ab	QHD43415.1:p.4317D; QHD43415.1:p.4317D>E	synonymous_variant; missense_variant	LOW; MODERATE	c.12951gaT>gaC; c.12951gaT>gaG
13548	C	CT					0.25																																																								0.25	1	0	CT	CT	0.0	2.0	0.0	13713.0	orf1ab	QHD43415.1:p.4428D	synonymous_variant	LOW	c.13284gaC>gaT
13819	C	CA																							0.178																																						0.178	1	0	CA		0.0	0.0	0.0	14672.0					
13862	C	CT	1.0	1.0														1.0											0.826																1.0																		0.965	5	4	CT	CT	0.0	198.0	0.0	14473.0	orf1ab	QHD43415.1:p.4533T>I; QHD43415.1:p.4533-	missense_variant; coding_sequence_variant	MODERATE; MODIFIER	c.13598aCa>aTa; c.13598aCa>aYa
14408	C	CT	1.0	1.0		1.0		1.0	1.0		1.0	1.0			1.0	1.0	1.0	1.0		1.0	1.0		1.0			1.0	1.0		1.0			1.0		1.0	1.0			1.0	1.0	1.0				1.0	1.0	1.0	1.0	1.0	1.0		1.0				1.0	1.0	0.947	1.0	1.0	1.0	1.0		0.999	37	36	CT	CT	0.0	10771.0	0.0	3852.0	orf1ab	QHD43415.1:p.4715P>H; QHD43415.1:p.4715P>L; QHD43415.1:p.4715-	missense_variant; coding_sequence_variant	MODERATE; MODIFIER	c.14144cCt>cAt; c.14144cCt>cTt; c.14144cCt>cYt
14805	C	CT											1.0																		1.0																					1.0											1.0	3	3	CT	CT	0.0	2208.0	0.0	12410.0	orf1ab	QHD43415.1:p.4847Y; QHD43415.1:p.4847-	synonymous_variant; coding_sequence_variant	LOW; MODIFIER	c.14541taC>taT; c.14541taC>taY
14877	C	CT																																										1.0																			1.0	1	1	CT	CT	0.0	9.0	0.0	14660.0	orf1ab	QHD43415.1:p.4871Y	synonymous_variant	LOW	c.14613taC>taT
16289	C	CT																		1.0																																											1.0	1	1	CT	CT	0.0	369.0	0.0	14292.0	orf1ab	QHD43415.1:p.5342A>V; QHD43415.1:p.5342-	missense_variant; coding_sequence_variant	MODERATE; MODIFIER	c.16025gCt>gTt; c.16025gCt>gYt
17126	T	TC				1.0																																																									1.0	1	1	TC	TC	0.0	14624.0	0.0	52.0	orf1ab	QHD43415.1:p.5621L>P	missense_variant	MODERATE	c.16862cTc>cCc
17172	C	CA																																		1.0																											1.0	1	1	CA	CA	10.0	0.0	0.0	14654.0	orf1ab	QHD43415.1:p.5636A; QHD43415.1:p.5636-	synonymous_variant; coding_sequence_variant	LOW; MODIFIER	c.16908gcC>gcA; c.16908gcC>gcY
17247	T	TC																													1.0					1.0														0.944													0.981	3	2	TC	TG, TC	0.0	14029.0	4.0	629.0	orf1ab	QHD43415.1:p.5661R; QHD43415.1:p.5661-	synonymous_variant; coding_sequence_variant	LOW; MODIFIER	c.16983cgT>cgC; c.16983cgT>cgY
17278	G	GT																																																											1.0		1.0	1	1	GT	GT	0.0	9.0	14662.0	0.0	orf1ab	QHD43415.1:p.5672V>L; QHD43415.1:p.5672-	missense_variant; coding_sequence_variant	MODERATE; MODIFIER	c.17014Gtg>Ttg; c.17014Gtg>Ktg
17555	C	CT																																																												1.0	1.0	1	1	CT	CT	0.0	1.0	0.0	14665.0	orf1ab	QHD43415.1:p.5764T>I	missense_variant	MODERATE	c.17291aCt>aTt
18197	G	GA																				0.25																																									0.25	1	0	GA		0.0	0.0	14370.0	0.0	orf1ab	QHD43415.1:p.5978-	coding_sequence_variant	MODIFIER	c.17933aGa>aRa
18511	C	CT																																																										0.762			0.762	1	0	CT	CT	0.0	1.0	0.0	14636.0	orf1ab	QHD43415.1:p.6083P>S; QHD43415.1:p.6083P>A	missense_variant	MODERATE	c.18247Cct>Tct; c.18247Cct>Gct
18929	C	CT																																1.0																													1.0	1	1	CT	CT	0.0	3.0	0.0	14669.0	orf1ab	QHD43415.1:p.6222P>L	missense_variant	MODERATE	c.18665cCt>cTt
19209	T	TC																																																												1.0	1.0	1	1	TC	TC	0.0	14632.0	0.0	3.0	orf1ab	QHD43415.1:p.6315D	synonymous_variant	LOW	c.18945gaT>gaC
20844	C	CT																																																											1.0		1.0	1	1	CT	CT	0.0	3.0	0.0	14672.0	orf1ab	QHD43415.1:p.6860P; QHD43415.1:p.6860-	synonymous_variant; coding_sequence_variant	LOW; MODIFIER	c.20580ccC>ccA; c.20580ccC>ccT; c.20580ccC>ccY
21034	C	CT																																																								1.0					1.0	1	1	CT	CT	0.0	7.0	0.0	14659.0	orf1ab	QHD43415.1:p.6924L>F; QHD43415.1:p.6924-	missense_variant; coding_sequence_variant	MODERATE; MODIFIER	c.20770Ctc>Ttc; c.20770Ctc>Ytc
21645	A	AT																				0.212																																									0.212	1	0	AT		14362.0	0.0	0.0	0.0					
21711	C	CT																				0.109																																									0.109	1	0	CT	CT	0.0	3.0	0.0	14658.0	S	QHD43416.1:p.50S>L	missense_variant	MODERATE	c.149tCa>tTa
22987	C	CT																														0.273												0.267																			0.27	2	0	CT	CT	0.0	6.0	0.0	14055.0	S	QHD43416.1:p.475A	synonymous_variant	LOW	c.1425gcC>gcA; c.1425gcC>gcT; c.1425gcC>gcG
23403	A	AG				1.0											1.0						1.0											1.0										1.0				1.0							1.0			1.0			1.0		1.0	9	9	AG	AG	3850.0	0.0	10782.0	0.0	S	QHD43416.1:p.614-; QHD43416.1:p.614D>G	coding_sequence_variant; missense_variant	MODIFIER; MODERATE	c.1841gAt>gRt; c.1841gAt>gGt
24214	T	TA																																																								0.182					0.182	1	0	TA	TC	0.0	14649.0	0.0	1.0	S	QHD43416.1:p.884S	synonymous_variant	LOW	c.2652tcT>tcC
24813	A	AG																				0.135																																									0.135	1	0	AG		14654.0	0.0	0.0	0.0					
25049	G	GT																								0.609																																					0.609	1	0	GT	GA, GT	1.0	1.0	14659.0	0.0	S	QHD43416.1:p.1163D>Y; QHD43416.1:p.1163-	missense_variant; coding_sequence_variant	MODERATE; MODIFIER	c.3487Gat>Tat; c.3487Gat>Kat; c.3487Gat>Bat
25797	C	CT																																0.92																													0.92	1	0	CT	CT	0.0	1.0	0.0	14467.0	ORF3a	QHD43417.1:p.135S	synonymous_variant	LOW	c.405tcC>tcT
26681	C	CT																				0.673																																									0.673	1	0	CT	CT	0.0	49.0	0.0	14616.0	M	QHD43419.1:p.53F; QHD43419.1:p.53-	synonymous_variant; coding_sequence_variant	LOW; MODIFIER	c.159ttC>ttT; c.159ttC>ttY
26729	T	TC								1.0																																																					1.0	1	1	TC	TC	0.0	14660.0	0.0	12.0	M	QHD43419.1:p.69A; QHD43419.1:p.69-	synonymous_variant; coding_sequence_variant	LOW; MODIFIER	c.207gcT>gcC; c.207gcT>gcY
26858	C	CT															0.619																																														0.619	1	0	CT	CT	0.0	8.0	0.0	14666.0	M	QHD43419.1:p.112F	synonymous_variant	LOW	c.336ttC>ttT
27033	G	GT		0.109																																																											0.109	1	0	GT		0.0	0.0	14445.0	0.0					
27040	C	CA		0.109																																																											0.109	1	0	CA		0.0	0.0	0.0	14442.0	M	QHD43419.1:p.173S>*	stop_gained	HIGH	c.518tCa>tAa
27213	C	CT																																																												0.708	0.708	1	0	CT	CT	0.0	5.0	0.0	14636.0	ORF6	QHD43420.1:p.4L; QHD43420.1:p.4-	synonymous_variant; coding_sequence_variant	LOW; MODIFIER	c.12ctC>ctT; c.12ctC>ctY
28144	T	TC			1.0								1.0																												1.0											1.0											1.0	4	4	TC	TC	0.0	14472.0	0.0	175.0	ORF8	QHD43422.1:p.84L>S; QHD43422.1:p.84-	missense_variant; coding_sequence_variant	MODERATE; MODIFIER	c.251tTa>tCa; c.251tTa>tYa
28596	G	GA																				0.092																																									0.092	1	0	GA		0.0	0.0	14659.0	0.0					
28836	C	CT						1.0										1.0											0.85																	1.0																	0.962	4	3	CT	CT	0.0	195.0	0.0	14459.0	N	QHD43423.2:p.188S>L; QHD43423.2:p.188-	missense_variant; coding_sequence_variant	MODERATE; MODIFIER	c.563tCa>tTa; c.563tCa>tYa
28854	C	CT					1.0															1.0								1.0													1.0											1.0								1.0	1.0	6	6	CT	CT	0.0	367.0	0.0	14277.0	N	QHD43423.2:p.194S>L; QHD43423.2:p.194-	missense_variant; coding_sequence_variant	MODERATE; MODIFIER	c.581tCa>tTa; c.581tCa>tYa
28863	C	CT																																																		1.0											1.0	1	1	CT	CT	0.0	114.0	0.0	14534.0	N	QHD43423.2:p.197S>L; QHD43423.2:p.197-	missense_variant; coding_sequence_variant	MODERATE; MODIFIER	c.590tCa>tTa; c.590tCa>tYa
29039	A	AT																																										0.147																			0.147	1	0	AT	AT	14661.0	2.0	0.0	0.0	N	QHD43423.2:p.256K>*	stop_gained	HIGH	c.766Aag>Tag
29119	C	CT																				0.105																																									0.105	1	0	CT	CT	0.0	1.0	0.0	14645.0	N	QHD43423.2:p.282T	synonymous_variant	LOW	c.846acC>acT
29187	C	CT																																		0.214																											0.214	1	0	CT		0.0	0.0	0.0	14639.0	N	QHD43423.2:p.305-	coding_sequence_variant	MODIFIER	c.914gCa>gYa
29188	A	AG																																		0.214																											0.214	1	0	AG		14640.0	0.0	0.0	0.0	N	QHD43423.2:p.305A; QHD43423.2:p.305-	synonymous_variant; coding_sequence_variant	LOW; MODIFIER	c.915gcA>gcT; c.915gcA>gcR
