Position	Reference	Sub	SRX8112342	SRX8112341	SRX8086360	SRX8086361	Avg	Count	Editing Sub	GISAID Sub	GISAID_A	GISAID_T	GISAID_G	GISAID_C	Gene	Variation Codons	Amino acids change	Annotation Type	Calculated variant consequences
478	C	CT	5				5.0	1	CT		0.0	0.0	0.0	16.0	orf1ab	c.213atC>atT	QHD43415.1:p.71I	synonymous_variant	LOW
645	G	GT	7				7.0	1	GT		0.0	0.0	16.0	0.0	orf1ab	c.380gGt>gAt	QHD43415.1:p.127G>D	missense_variant	MODERATE
753	C	CT	6		6.0		6.0	2	CT		0.0	0.0	0.0	16.0	orf1ab	c.488aCt>aTt	QHD43415.1:p.163T>I	missense_variant	MODERATE
787	G	GT	12				12.0	1	GT		0.0	0.0	16.0	0.0					
839	G	GA	9				9.0	1	GA		0.0	0.0	16.0	0.0					
912	C	CT	34				34.0	1	CT		0.0	0.0	0.0	16.0					
1125	G	GA	12				12.0	1	GA		0.0	0.0	16.0	0.0	orf1ab	c.860aGg>aAg	QHD43415.1:p.287R>K	missense_variant	MODERATE
1186	G	GA	23				23.0	1	GA		0.0	0.0	16.0	0.0	orf1ab	c.921gcG>gcA; c.921gcG>gcC	QHD43415.1:p.307A	synonymous_variant	LOW
1233	G	GT	16				16.0	1	GT		0.0	0.0	16.0	0.0					
1288	C	CT	9				9.0	1	CT		0.0	0.0	0.0	16.0	orf1ab	c.1023tgC>tgT	QHD43415.1:p.341C	synonymous_variant	LOW
3768	C	CT	6				6.0	1	CT		0.0	0.0	0.0	16.0	orf1ab	c.3503aCt>aTt; c.3503aCt>aYt	QHD43415.1:p.1168T>I; QHD43415.1:p.1168-	missense_variant; coding_sequence_variant	MODERATE; MODIFIER
4052	C	CT	10				10.0	1	CT		0.0	0.0	0.0	16.0					
4096	T	TC	9				9.0	1	TC		0.0	16.0	0.0	0.0					
4775	A	AG	18				18.0	1	AG		16.0	0.0	0.0	0.0					
5714	A	AT	11				11.0	1	AT		16.0	0.0	0.0	0.0	orf1ab	c.5449Aag>Gag	QHD43415.1:p.1817K>E	missense_variant	MODERATE
5810	G	GC	11				11.0	1	GC		0.0	0.0	16.0	0.0					
6129	T	TC	12				12.0	1	TC		0.0	16.0	0.0	0.0					
6270	C	CT			6		6.0	1	CT		0.0	0.0	0.0	16.0	orf1ab	c.6005aCg>aTg	QHD43415.1:p.2002T>M	missense_variant	MODERATE
6309	G	GA			8	12.0	10.0	2	GA		0.0	0.0	16.0	0.0	orf1ab	c.6044aGc>aAc; c.6044aGc>aTc; c.6044aGc>aRc	QHD43415.1:p.2015S>N; QHD43415.1:p.2015S>I; QHD43415.1:p.2015-	missense_variant; coding_sequence_variant	MODERATE; MODIFIER
6310	C	CA			767	907.0	837.0	2	CA	CA	2.0	0.0	0.0	14.0	orf1ab	c.6045agC>agA; c.6045agC>agM; c.6045agC>agT; c.6045agC>agCA	QHD43415.1:p.2015S>R; QHD43415.1:p.2015-; QHD43415.1:p.2015S; QHD43415.1:p.2015S>SX	missense_variant; coding_sequence_variant; synonymous_variant; frameshift_variant	MODERATE; MODIFIER; LOW; HIGH
6312	C	CA	364		762	892.0	672.67	3	CA	CA	3.0	0.0	0.0	13.0	orf1ab	c.6047aCa>aAa; c.6047aCa>aMa; c.6047aCa>aTa; c.6047aCa>aGa	QHD43415.1:p.2016T>K; QHD43415.1:p.2016-; QHD43415.1:p.2016T>I; QHD43415.1:p.2016T>R	missense_variant; coding_sequence_variant	MODERATE; MODIFIER
6323	G	GA	7				7.0	1	GA		0.0	0.0	16.0	0.0	orf1ab	c.6058Gaa>Raa	QHD43415.1:p.2020-	coding_sequence_variant	MODIFIER
6696	C	CT	14		7	8.0	9.67	3	CT		0.0	0.0	0.0	16.0	orf1ab	c.6431cCt>cTt; c.6431cCt>cCTt; c.6431cCt>cYt	QHD43415.1:p.2144P>L; QHD43415.1:p.2144P>PX; QHD43415.1:p.2144-	missense_variant; frameshift_variant; coding_sequence_variant	MODERATE; HIGH; MODIFIER
7163	A	AT	7				7.0	1	AT		15.0	0.0	0.0	0.0	orf1ab	c.6898Acc>Rcc	QHD43415.1:p.2300-	coding_sequence_variant	MODIFIER
7960	G	GA	10				10.0	1	GA		0.0	0.0	16.0	0.0					
8460	C	CT	13				13.0	1	CT		0.0	0.0	0.0	16.0	orf1ab	c.8195gCt>gAt	QHD43415.1:p.2732A>D	missense_variant	MODERATE
9165	C	CT	12				12.0	1	CT		0.0	0.0	0.0	16.0	orf1ab	c.8900aCc>aAc; c.8900aCc>aTc	QHD43415.1:p.2967T>N; QHD43415.1:p.2967T>I	missense_variant	MODERATE
9507	A	AT		25			25.0	1	AT		16.0	0.0	0.0	0.0	orf1ab	c.9242aAt>aGt	QHD43415.1:p.3081N>S	missense_variant	MODERATE
10376	C	CT	29				29.0	1	CT		0.0	0.0	0.0	16.0	orf1ab	c.10111Cca>Tca; c.10111Cca>Yca	QHD43415.1:p.3371P>S; QHD43415.1:p.3371-	missense_variant; coding_sequence_variant	MODERATE; MODIFIER
10518	A	AT	7				7.0	1	AT		16.0	0.0	0.0	0.0					
11067	C	CT				5	5.0	1	CT		0.0	0.0	0.0	16.0					
11074	C	CT			5		5.0	1	CT		0.0	0.0	0.0	16.0	orf1ab	c.10810Ttt>tt; c.10809ttC>ttT; c.10809ttC>ttCT; c.10809ttC>ttCTTTTTT; c.10809ttC>ttCTTT; c.10809ttC>ttY	QHD43415.1:p.3604F>X; QHD43415.1:p.3603F; QHD43415.1:p.3603F>FX; QHD43415.1:p.3603F>FFF; QHD43415.1:p.3603F>FF; QHD43415.1:p.3603-	frameshift_variant; synonymous_variant; inframe_insertion; coding_sequence_variant	HIGH; LOW; MODERATE; MODIFIER
11083	G	GT	560		969	1079	869.33	3	GT	GT	0.0	3.0	13.0	0.0	orf1ab	c.10818ttG>ttA; c.10818ttG>ttT; c.10818ttG>ttC; c.10818ttG>ttK	QHD43415.1:p.3606L; QHD43415.1:p.3606L>F; QHD43415.1:p.3606-	synonymous_variant; missense_variant; coding_sequence_variant	LOW; MODERATE; MODIFIER
11157	A	AT	28				28.0	1	AT		16.0	0.0	0.0	0.0					
11167	A	AG	14				14.0	1	AG		16.0	0.0	0.0	0.0	orf1ab	c.10902gcA>gcW	QHD43415.1:p.3634-	coding_sequence_variant	MODIFIER
11393	A	AG	9				9.0	1	AG		16.0	0.0	0.0	0.0					
11894	C	CT	8				8.0	1	CT		0.0	0.0	0.0	16.0					
11939	G	GT	13				13.0	1	GT		0.0	0.0	16.0	0.0					
12264	A	AT	7				7.0	1	AT		16.0	0.0	0.0	0.0	orf1ab	c.11999aAg>aRg	QHD43415.1:p.4000-	coding_sequence_variant	MODIFIER
12331	G	GA				5	5.0	1	GA		0.0	0.0	16.0	0.0	orf1ab	c.12066agG>agC; c.12066agG>agR	QHD43415.1:p.4022R>S; QHD43415.1:p.4022-	missense_variant; coding_sequence_variant	MODERATE; MODIFIER
12554	G	GA	5				5.0	1	GA		0.0	0.0	16.0	0.0					
12576	C	CT	7				7.0	1	CT		0.0	0.0	0.0	16.0	orf1ab	c.12311gCa>gYa	QHD43415.1:p.4104-	coding_sequence_variant	MODIFIER
12781	C	CT		57			57.0	1	CT		0.0	0.0	0.0	16.0	orf1ab	c.12516taC>taT	QHD43415.1:p.4172Y	synonymous_variant	LOW
13012	A	AT	7				7.0	1	AT		16.0	0.0	0.0	0.0					
13193	G	GT	33				33.0	1	GT		0.0	0.0	16.0	0.0	orf1ab	c.12928Gtt>Ttt; c.12928Gtt>Ktt	QHD43415.1:p.4310V>F; QHD43415.1:p.4310-	missense_variant; coding_sequence_variant	MODERATE; MODIFIER
13328	A	AT	28				28.0	1	AT		16.0	0.0	0.0	0.0					
13730	C	CT	139		582	652	457.67	3	CT	CT	0.0	3.0	0.0	13.0	orf1ab	c.13466gCt>gTt; c.13466gCt>gYt	QHD43415.1:p.4489A>V; QHD43415.1:p.4489-	missense_variant; coding_sequence_variant	MODERATE; MODIFIER
13975	G	GA	5		503		254.0	2	GA	GA	1.0	0.0	15.0	0.0	orf1ab	c.13711Ggt>Agt; c.13711Ggt>Tgt	QHD43415.1:p.4571G>S; QHD43415.1:p.4571G>C	missense_variant	MODERATE
14508	T	TC	7				7.0	1	TC		0.0	16.0	0.0	0.0					
14677	G	GC	10				10.0	1	GC		0.0	0.0	16.0	0.0	orf1ab	c.14413Ggt>Rgt	QHD43415.1:p.4805-	coding_sequence_variant	MODIFIER
14697	C	CT			13		13.0	1	CT		0.0	0.0	0.0	16.0	orf1ab	c.14433ttC>ttT	QHD43415.1:p.4811F	synonymous_variant	LOW
14978	G	GC	6				6.0	1	GC		0.0	0.0	16.0	0.0					
15243	G	GT	11				11.0	1	GT		0.0	0.0	16.0	0.0	orf1ab	c.14979atG>atT; c.14979atG>atK	QHD43415.1:p.4993M>I; QHD43415.1:p.4993-	missense_variant; coding_sequence_variant	MODERATE; MODIFIER
15268	G	GA	6				6.0	1	GA		0.0	0.0	15.0	0.0					
15530	G	GT	13				13.0	1	GT		0.0	0.0	16.0	0.0					
15822	G	GT	13				13.0	1	GT		0.0	0.0	16.0	0.0	orf1ab	c.15559-15615TCTGAAGCAAAATGTTGGACTGAGACTGACCTTACTAAAGGACCTCATGAATTTTGC>-	QHD43415.1:p.5187-5205SEAKCWTETDLTKGPHEFC>-	inframe_deletion	MODERATE
15853	C	CT	6				6.0	1	CT		0.0	0.0	0.0	16.0					
15965	G	GT				13	13.0	1	GT		0.0	0.0	16.0	0.0	orf1ab	c.15701tGt>tKt	QHD43415.1:p.5234-	coding_sequence_variant	MODIFIER
16111	C	CT				8	8.0	1	CT		0.0	0.0	0.0	16.0	orf1ab	c.15847Cta>Tta; c.15847Cta>Yta	QHD43415.1:p.5283L; QHD43415.1:p.5283-	synonymous_variant; coding_sequence_variant	LOW; MODIFIER
16967	A	AC	7				7.0	1	AC		16.0	0.0	0.0	0.0					
17116	G	GT	5				5.0	1	GT		0.0	0.0	16.0	0.0	orf1ab	c.16852Ggc>Tgc	QHD43415.1:p.5618G>C	missense_variant	MODERATE
17410	C	CG	5				5.0	1	CG		0.0	0.0	0.0	16.0	orf1ab	c.17146Cgt>Agt; c.17146Cgt>Tgt	QHD43415.1:p.5716R>S; QHD43415.1:p.5716R>C	missense_variant	MODERATE
18123	T	TG	16				16.0	1	TG		0.0	16.0	0.0	0.0	orf1ab	c.17859agT>agY	QHD43415.1:p.5953-	coding_sequence_variant	MODIFIER
18124	G	GC	12				12.0	1	GC		0.0	0.0	16.0	0.0					
18392	T	TC	15				15.0	1	TC		0.0	16.0	0.0	0.0					
18486	C	CT				13	13.0	1	CT		0.0	0.0	0.0	16.0	orf1ab	c.18222ctC>ctT; c.18222ctC>ctY	QHD43415.1:p.6074L; QHD43415.1:p.6074-	synonymous_variant; coding_sequence_variant	LOW; MODIFIER
18687	C	CT	39				39.0	1	CT		0.0	0.0	0.0	16.0	orf1ab	c.18423tgC>tgT; c.18423tgC>tgY	QHD43415.1:p.6141C; QHD43415.1:p.6141-	synonymous_variant; coding_sequence_variant	LOW; MODIFIER
18744	C	CT			19		19.0	1	CT		0.0	0.0	0.0	16.0	orf1ab	c.18480taC>taT; c.18480taC>taY	QHD43415.1:p.6160Y; QHD43415.1:p.6160-	synonymous_variant; coding_sequence_variant	LOW; MODIFIER
18874	T	TG	14				14.0	1	TG		0.0	16.0	0.0	0.0	orf1ab	c.18610Tgt>Agt	QHD43415.1:p.6204C>S	missense_variant	MODERATE
19011	C	CT				5	5.0	1	CT		0.0	0.0	0.0	16.0	orf1ab	c.18747gaC>gaA; c.18747gaC>gaT	QHD43415.1:p.6249D>E; QHD43415.1:p.6249D	missense_variant; synonymous_variant	MODERATE; LOW
19255	C	CT		23			23.0	1	CT		0.0	0.0	0.0	16.0	orf1ab	c.18991Cta>Tta	QHD43415.1:p.6331L	synonymous_variant	LOW
19299	T	TC	8				8.0	1	TC		0.0	16.0	0.0	0.0	orf1ab	c.19035taT>taG; c.19035taT>taY	QHD43415.1:p.6345Y>*; QHD43415.1:p.6345-	stop_gained; coding_sequence_variant	HIGH; MODIFIER
19524	C	CT	273		359	326	319.33	3	CT	CT	0.0	3.0	0.0	13.0	orf1ab	c.19260ctC>ctT; c.19260ctC>ctY	QHD43415.1:p.6420L; QHD43415.1:p.6420-	synonymous_variant; coding_sequence_variant	LOW; MODIFIER
19610	C	CT				5	5.0	1	CT		0.0	0.0	0.0	16.0	orf1ab	c.19346aCa>aTa; c.19346aCa>aYa	QHD43415.1:p.6449T>I; QHD43415.1:p.6449-	missense_variant; coding_sequence_variant	MODERATE; MODIFIER
19774	A	AC	5				5.0	1	AC		16.0	0.0	0.0	0.0					
20629	C	CG	7				7.0	1	CG		0.0	0.0	0.0	16.0	orf1ab	c.20365Cat>Tat	QHD43415.1:p.6789H>Y	missense_variant	MODERATE
21178	C	CT			7		7.0	1	CT		0.0	0.0	0.0	16.0					
21767	C	CT	36				36.0	1	CT		0.0	0.0	0.0	15.0	S	c.205Cat>Tat	QHD43416.1:p.69H>Y	missense_variant	MODERATE
22006	C	CT	11				11.0	1	CT		0.0	0.0	0.0	16.0	S	c.444aaC>aaA; c.444aaC>aaT	QHD43416.1:p.148N>K; QHD43416.1:p.148N	missense_variant; synonymous_variant	MODERATE; LOW
23190	T	TC	5				5.0	1	TC		0.0	16.0	0.0	0.0					
23387	G	GT	11				11.0	1	GT		0.0	0.0	16.0	0.0					
23451	C	CT	7				7.0	1	CT		0.0	0.0	0.0	16.0					
23472	C	CT	11				11.0	1	CT		0.0	0.0	0.0	16.0					
23562	G	GT	17				17.0	1	GT		0.0	0.0	16.0	0.0					
23575	C	CT	40				40.0	1	CT		0.0	0.0	0.0	16.0	S	c.2013tgC>tgT	QHD43416.1:p.671C	synonymous_variant	LOW
23929	C	CT	324		692	795	603.67	3	CT	CT	0.0	3.0	0.0	13.0	S	c.2367taC>taT; c.2367taC>taY	QHD43416.1:p.789Y; QHD43416.1:p.789-	synonymous_variant; coding_sequence_variant	LOW; MODIFIER
24351	C	CT	22				22.0	1	CT		0.0	0.0	0.0	16.0	S	c.2789gCt>gTt	QHD43416.1:p.930A>V	missense_variant	MODERATE
24933	G	GT	26				26.0	1	GT		0.0	0.0	16.0	0.0	S	c.3371gGt>gTt; c.3371gGt>gKt	QHD43416.1:p.1124G>V; QHD43416.1:p.1124-	missense_variant; coding_sequence_variant	MODERATE; MODIFIER
24953	G	GA		239			239.0	1	GA		0.0	0.0	15.0	0.0					
25327	A	AG	16				16.0	1	AG		16.0	0.0	0.0	0.0	S	c.3765aaA>aaG	QHD43416.1:p.1255K	synonymous_variant	LOW
25553	C	CT	22				22.0	1	CT		0.0	0.0	0.0	16.0	ORF3a	c.161gCt>gTt	QHD43417.1:p.54A>V	missense_variant	MODERATE
25710	C	CT				7	7.0	1	CT		0.0	0.0	0.0	16.0	ORF3a	c.318ctC>ctT	QHD43417.1:p.106L	synonymous_variant	LOW
26239	G	GA			5	9	7.0	2	GA		0.0	0.0	16.0	0.0	Intergenic		QHD43418.1	upstream_gene_variant	MODIFIER,DISTANCE=6
26240	A	AT			5	9	7.0	2	AT		16.0	0.0	0.0	0.0					
26242	C	CA			5	9	7.0	2	CA		0.0	0.0	0.0	16.0					
26243	T	TG			5	9	7.0	2	TG		0.0	16.0	0.0	0.0					
26245	A	AT			5	9	7.0	2	AT		16.0	0.0	0.0	0.0					
26246	T	TC			5	9	7.0	2	TC		0.0	16.0	0.0	0.0					
26576	A	AT	16				16.0	1	AT		16.0	0.0	0.0	0.0					
26684	C	CT	11				11.0	1	CT		0.0	0.0	0.0	16.0	M	c.162ctC>ctT; c.162ctC>ctY	QHD43419.1:p.54L; QHD43419.1:p.54-	synonymous_variant; coding_sequence_variant	LOW; MODIFIER
26737	G	GA	31				31.0	1	GA		0.0	0.0	16.0	0.0					
27214	G	GT	28				28.0	1	GT		0.0	0.0	16.0	0.0	ORF6	c.13Gtt>Ttt	QHD43420.1:p.5V>F	missense_variant	MODERATE
27256	A	AG	32				32.0	1	AG		16.0	0.0	0.0	0.0					
27263	C	CT	30				30.0	1	CT		0.0	0.0	0.0	16.0	ORF6	c.63-89acTTTTAAAGTTTCCATTTGGAATCTTGAt>act; c.63-64acTTtt>actt; c.62aCt>aTt; c.63-90acTTTTAAAGTTTCCATTTGGAATCTTGAT>ac	QHD43420.1:p.21-30TFKVSIWNLD>T; QHD43420.1:p.21-22TF>TX; QHD43420.1:p.21T>I; QHD43420.1:p.21-30TFKVSIWNLD>X	inframe_deletion; frameshift_variant; missense_variant	MODERATE; HIGH
28048	G	GT	9				9.0	1	GT		0.0	0.0	16.0	0.0	ORF8	c.155aGa>aTa; c.155aGa>aCa	QHD43422.1:p.52R>I; QHD43422.1:p.52R>T	missense_variant	MODERATE
28298	C	CT	13				13.0	1	CT		0.0	0.0	0.0	16.0					
28326	G	GT	9				9.0	1	GT		0.0	0.0	16.0	0.0	N	c.53gGt>gTt	QHD43423.2:p.18G>V	missense_variant	MODERATE
28383	C	CT	9				9.0	1	CT		0.0	0.0	0.0	16.0	N	c.110tCa>tTa	QHD43423.2:p.37S>L	missense_variant	MODERATE
28404	G	GT				5	5.0	1	GT		0.0	0.0	16.0	0.0					
29578	C	CT	12				12.0	1	CT		0.0	0.0	0.0	16.0					
