Position	Reference	Sub	29	14	16	13	10	38	11	9	6	3	2	1	21	26	32	30	Avg	Count	Editing Sub	Gene	Amino acids change	Annotation Type	Calculated variant consequences	Variation Codons
11083	G	GT	148	134	54	36.0	35.0	14		843			383		63	340	208	997	271.25	12	GT	ORF1ab	orf1ab:p.3606L; orf1ab:p.3606-; orf1ab:p.3606L>F	missense_variant; coding_sequence_variant; synonymous_variant	MODERATE; MODIFIER; LOW	c.10818ttG>ttK; c.10818ttG>ttA; c.10818ttG>ttC; c.10818ttG>ttT; c.10818ttG>ttW; c.10818ttG>ttS
1659	G	GT	12	5.0				79	35	28	40	23	16	23		13.0	5.0	40	26.58	12	GT	ORF1ab	orf1ab:p.465G>A; orf1ab:p.465G>D; orf1ab:p.465-; orf1ab:p.465G>V	missense_variant; coding_sequence_variant	MODERATE; MODIFIER	c.1394gGt>gTt; c.1394gGt>gAt; c.1394gGt>gSt; c.1394gGt>gCt; c.1394gGt>gKt
1656	T	TA	8	5.0				57	33	24	32	16	11	16		10.0		33	22.27	11	TA	ORF1ab	orf1ab:p.464V>G; orf1ab:p.464V>A	missense_variant	MODERATE	c.1391gTt>gGt; c.1391gTt>gCt
6312	C	CA	208	197	93.0	54.0	50.0			1109					88	546	354	1542	424.1	10	CA	ORF1ab	orf1ab:p.2016T>R; orf1ab:p.2016T>K; orf1ab:p.2016T>X; orf1ab:p.2016T>I; orf1ab:p.2016-	missense_variant; coding_sequence_variant; frameshift_variant	MODERATE; MODIFIER; HIGH	c.6047aCa>aAa; c.6047aCa>aMa; c.6048acA>ac; c.6047aCa>aTa; c.6047aCa>aYa; c.6047aCa>aGa
23929	C	CT	146	136	44	46.0	28			888					50	280	218	1009	284.5	10	CT	S	S:p.789Y; S:p.790K>X; S:p.789-	synonymous_variant; coding_sequence_variant; frameshift_variant	LOW; MODIFIER; HIGH	c.2367taC>taT; c.2368Aaa>aa; c.2367taC>taY
11952	A	AT						81	10	17	28	7	19	9		7	10	23	21.1	10	AT	ORF1ab	orf1ab:p.3896N>S	missense_variant	MODERATE	c.11687aAt>aGt
13730	C	CT	152	115	92	62.0	53			935					57	441	274	1105	328.6	10	CT	ORF1ab	orf1ab:p.4489-4490AK>X; orf1ab:p.4489-; orf1ab:p.4489A>V	missense_variant; coding_sequence_variant; frameshift_variant	MODERATE; MODIFIER; HIGH	c.13466gCt>gTt; c.13466gCt>gYt; c.13466gCt>gSt; c.13467-13470gcTAAA>gc
23554	A	AG						26	7	12	31	8	12			5	6	14	13.44	9	AG	S	S:p.665-674PIGAGICASY>X; S:p.664I>M	frameshift_variant; missense_variant	HIGH; MODERATE	c.1992atA>atG; c.1993-2020CCCATTGGTGCAGGTATATGCGCTAGTTat>at
3467	G	GT						51	17	21	37	17	10			11	6.0	22	21.33	9	GT	ORF1ab	orf1ab:p.1068-; orf1ab:p.1068G>R; orf1ab:p.1068G>*	missense_variant; stop_gained; coding_sequence_variant	MODERATE; HIGH; MODIFIER	c.3202Gga>Tga; c.3202Gga>Rga; c.3202Gga>Sga; c.3202Gga>Aga
7723	G	GT						40	9	17	31	6	8			5	5	13	14.89	9	GT	ORF1ab	orf1ab:p.2486Q; orf1ab:p.2486-; orf1ab:p.2486Q>H	missense_variant; synonymous_variant; coding_sequence_variant	MODERATE; LOW; MODIFIER	c.7458caG>caT; c.7458caG>caA; c.7458caG>caK; c.7458caG>caR
8853	G	GT						14	16	16	31	7	9			8		16	14.62	8	GT	ORF1ab	orf1ab:p.2863G>GX; orf1ab:p.2863G>X; orf1ab:p.2863-; orf1ab:p.2863G>D; orf1ab:p.2863G>V	coding_sequence_variant; missense_variant; frameshift_variant	MODIFIER; MODERATE; HIGH	c.8588gGt>gAt; c.8588gGt>gTt; c.8588gGt>gRt; c.8588gGt>gGTt; c.8588gGt>gKt; c.8589ggT>gg
9502	C	CT		7				12	5	24	21	8				14		14	13.12	8	CT	ORF1ab	orf1ab:p.3079A; orf1ab:p.3080-3088FNTLLFLMS>-; orf1ab:p.3079-; orf1ab:p.3079A>AX	synonymous_variant; coding_sequence_variant; frameshift_variant; inframe_deletion	LOW; MODIFIER; HIGH; MODERATE	c.9237gcC>gcY; c.9237gcC>gcCT; c.9237gcC>gcT; c.9238-9264TTTAATACTTTACTATTCCTTATGTCA>-; c.9237gcC>gcM; c.9237gcC>gcA
23616	G	GA						25	12	32	33	8	8				7	40	20.62	8	GA	S	S:p.685-; S:p.685R>H	coding_sequence_variant; missense_variant	MODIFIER; MODERATE	c.2054cGt>cRt; c.2054cGt>cAt; c.2054cGt>cKt
3500	A	AC	8					27		10	30		7	9		5		17	14.12	8	AC	ORF1ab	orf1ab:p.1079-; orf1ab:p.1079T>P; orf1ab:p.1079T>A	missense_variant; coding_sequence_variant	MODERATE; MODIFIER	c.3235Act>Gct; c.3235Act>Mct; c.3235Act>Rct; c.3235Act>Cct
28319	A	AT						19	7	13	23					13		20	15.83	6	AT	N	N:p.16T>S; N:p.16T>P; N:p.16T>A	downstream_gene_variant; missense_variant	MODIFIER,DISTANCE=ORF8:60; MODERATE	c.46Acg>Gcg; c.46Acg>Tcg; c.46Acg>Ccg
1647	T	TA						19	8	11		5	5					12	10.0	6	TA	ORF1ab	orf1ab:p.461-; orf1ab:p.461-462IN>I; orf1ab:p.461I>T	missense_variant; coding_sequence_variant; inframe_deletion	MODERATE; MODIFIER	c.1382aTc>aCc; c.1383-1385atCAAt>att; c.1382aTc>aWc
16514	A	AG						27		8	32					6	5	13	15.17	6	AG	ORF1ab	orf1ab:p.5417Y>F; orf1ab:p.5417-; orf1ab:p.5417Y>C	missense_variant; coding_sequence_variant	MODERATE; MODIFIER	c.16250tAt>tRt; c.16250tAt>tTt; c.16250tAt>tGt
15198	T	TG						18	9	13	14	7						19	13.33	6	TG	ORF1ab	orf1ab:p.4978-; orf1ab:p.4978T	synonymous_variant; coding_sequence_variant	LOW; MODIFIER	c.14934acT>acW; c.14934acT>acC; c.14934acT>acG; c.14934acT>acA
23728	T	TC						14	6	6	14		6					8	9.0	6	TC	S	S:p.722-; S:p.722V	synonymous_variant; coding_sequence_variant	LOW; MODIFIER	c.2166gtT>gtW; c.2166gtT>gtA; c.2166gtT>gtY; c.2166gtT>gtC
15071	T	TA						17	5		10					5		8	9.0	5	TA	ORF1ab	orf1ab:p.4936-; orf1ab:p.4936L>H	coding_sequence_variant; missense_variant	MODIFIER; MODERATE	c.14807cTt>cAt; c.14807cTt>cWt
19524	C	CT		11						44					65		9	668	159.4	5	CT	ORF1ab	orf1ab:p.6420-; orf1ab:p.6420L	synonymous_variant; coding_sequence_variant	LOW; MODIFIER	c.19260ctC>ctT; c.19260ctC>ctG; c.19260ctC>ctA; c.19260ctC>ctY
18402	T	TA						21		15	18	6						14	14.8	5	TA	ORF1ab	orf1ab:p.6046-; orf1ab:p.6046P	synonymous_variant; coding_sequence_variant	LOW; MODIFIER	c.18138ccT>ccW; c.18138ccT>ccH; c.18138ccT>ccC; c.18138ccT>ccA; c.18138ccT>ccG; c.18138ccT>ccD
10481	G	GA						18	10		12					7		10	11.4	5	GA	ORF1ab	orf1ab:p.3406G>S; orf1ab:p.3406-	coding_sequence_variant; missense_variant	MODIFIER; MODERATE	c.10216Ggt>Rgt; c.10216Ggt>Agt
10619	C	CA						12	11	11	11	6							10.2	5	CA	ORF1ab	orf1ab:p.3452Q>*; orf1ab:p.3452Q>QX; orf1ab:p.3452Q>K; orf1ab:p.3452-	coding_sequence_variant; missense_variant; frameshift_variant; stop_gained,frameshift_variant	MODIFIER; MODERATE; HIGH	c.10354Caa>Aaa; c.10354Caa>TAaa; c.10354Caa>Maa; c.10354Caa>CAaa
3078	A	AC						23	7		34	7				10.0			16.2	5	AC	ORF1ab	orf1ab:p.938E>G; orf1ab:p.938E>V; orf1ab:p.938E>A; orf1ab:p.938-	missense_variant; coding_sequence_variant	MODERATE; MODIFIER	c.2813gAa>gCa; c.2813gAa>gGa; c.2813gAa>gTa; c.2813gAa>gMa; c.2813gAa>gRa
11151	T	TA						25		10	12		6					8	12.2	5	TA	ORF1ab	orf1ab:p.3629V>A; orf1ab:p.3629-; orf1ab:p.3629V>D	missense_variant; coding_sequence_variant	MODERATE; MODIFIER	c.10886gTc>gYc; c.10886gTc>gCc; c.10886gTc>gAc
1644	A	AC						22	9	9						7.0		10	11.4	5	AC	ORF1ab	orf1ab:p.460N>S; orf1ab:p.460N>X; orf1ab:p.460N>I; orf1ab:p.460-; orf1ab:p.460N>T	missense_variant; coding_sequence_variant; frameshift_variant	MODERATE; MODIFIER; HIGH	c.1379aAc>aMc; c.1379aAc>aGc; c.1379aAc>aTc; c.1380aaC>aa; c.1379aAc>aCc
11159	A	AC						19		7			5				5	9	9.0	5	AC	ORF1ab	orf1ab:p.3632K>E; orf1ab:p.3632K>Q; orf1ab:p.3632K>*	missense_variant; stop_gained	MODERATE; HIGH	c.10894Aag>Cag; c.10894Aag>Gag; c.10894Aag>Tag
1730	G	GA							9	14	39	9	9						16.0	5	GA	ORF1ab	orf1ab:p.489-; orf1ab:p.489E>K	missense_variant; coding_sequence_variant	MODERATE; MODIFIER	c.1465Gaa>Raa; c.1465Gaa>Aaa; c.1465Gaa>Saa
22436	G	GA						12		7	16		5					6	9.2	5	GA	S	S:p.292A>T; S:p.292-; S:p.292A>S; S:p.292A>P	missense_variant; coding_sequence_variant	MODERATE; MODIFIER	c.874Gca>Tca; c.874Gca>Cca; c.874Gca>Rca; c.874Gca>Kca; c.874Gca>Aca
6310	C	CA		10						45					58		9	526	129.6	5	CA	ORF1ab	orf1ab:p.2015S; orf1ab:p.2015S>SX; orf1ab:p.2015-; orf1ab:p.2015S>R	synonymous_variant; missense_variant; coding_sequence_variant; frameshift_variant	LOW; MODERATE; MODIFIER; HIGH	c.6045agC>agT; c.6045agC>agY; c.6045agC>agA; c.6045agC>agG; c.6045agC>agCA; c.6045agC>agM
14408	C	CT							742		1965	546		316					892.25	4	CT	ORF1ab	orf1ab:p.4715P>L; orf1ab:p.4715P>H; orf1ab:p.4715-; orf1ab:p.4715P>R	missense_variant; coding_sequence_variant	MODERATE; MODIFIER	c.14144cCt>cTt; c.14144cCt>cGt; c.14144cCt>cYt; c.14144cCt>cAt; c.14144cCt>cKt
21101	G	GT						27	5		11							15	14.5	4	GT	ORF1ab	orf1ab:p.6946G>V; orf1ab:p.6946G>D; orf1ab:p.6946-; orf1ab:p.6946G>GX	missense_variant; coding_sequence_variant; frameshift_variant	MODERATE; MODIFIER; HIGH	c.20837gGt>gKt; c.20837gGt>gGTt; c.20837gGt>gTt; c.20837gGt>gAt
23403	A	AG							727		2069	518		243					889.25	4	AG	S	S:p.614-; S:p.614D>G; S:p.614D>A	missense_variant; coding_sequence_variant	MODERATE; MODIFIER	c.1841gAt>gGt; c.1841gAt>gRt; c.1841gAt>gCt; c.1841gAt>gMt
241	C	CT							607		1523.0	471.0		230.0					707.75	4	CT	5'UTR		upstream_gene_variant	MODIFIER,DISTANCE=orf1ab:25; MODIFIER,DISTANCE=orf1ab:24	
19554	C	CT									15	6	5			10			9.0	4	CT	ORF1ab	orf1ab:p.6430G; orf1ab:p.6430G>GFSL; orf1ab:p.6430-	synonymous_variant; coding_sequence_variant; inframe_insertion	LOW; MODIFIER; MODERATE	c.19290ggC>ggY; c.19290ggC>ggT; c.19290ggC>ggM; c.19290ggC>ggCTTTAGCTTG; c.19290ggC>ggG; c.19290ggC>ggA
3037	C	CT							865		1917	648		314					936.0	4	CT	ORF1ab	orf1ab:p.924F; orf1ab:p.924-; orf1ab:p.924F>L	synonymous_variant; coding_sequence_variant; missense_variant	LOW; MODIFIER; MODERATE	c.2772ttC>ttT; c.2772ttC>ttG; c.2772ttC>ttA; c.2772ttC>ttY; c.2772ttC>ttK
29003	C	CA							12	10		7				15			11.0	4	CA	N	N:p.244Q>QX; N:p.244Q>LX; N:p.244Q>RX; N:p.244-; N:p.244Q>K	coding_sequence_variant; missense_variant; frameshift_variant	MODIFIER; MODERATE; HIGH	c.730Caa>CGaa; c.730Caa>CTaa; c.730Caa>Maa; c.730Caa>CAaa; c.730Caa>Aaa
25563	G	GT							748		1845	520							1037.67	3	GT	ORF3a	ORF3a:p.57Q>H; ORF3a:p.57Q; ORF3a:p.57-	missense_variant; coding_sequence_variant; synonymous_variant	MODERATE; MODIFIER; LOW	c.171caG>caY; c.171caG>caR; c.171caG>caS; c.171caG>caT; c.171caG>caK; c.171caG>caA; c.171caG>caB; c.171caG>caC
19593	C	CA						24	9		16								16.33	3	CA	ORF1ab	orf1ab:p.6443-; orf1ab:p.6443N	synonymous_variant; coding_sequence_variant	LOW; MODIFIER	c.19329aaC>aaY; c.19329aaC>aaT; c.19329aaC>aaM
823	C	CT									22	7.0						7	12.0	3	CT	ORF1ab	orf1ab:p.187D>X; orf1ab:p.186V; orf1ab:p.186-	synonymous_variant; coding_sequence_variant; frameshift_variant	LOW; MODIFIER; HIGH	c.558gtC>gtA; c.559Gat>at; c.558gtC>gtY; c.558gtC>gtT
19406	G	GA							9		14	9							10.67	3	GA	ORF1ab	orf1ab:p.6381G>E; orf1ab:p.6381-; orf1ab:p.6381G>X	missense_variant; coding_sequence_variant; frameshift_variant	MODERATE; MODIFIER; HIGH	c.19142gGa>gAa; c.19142gGa>gRa; c.19143ggA>gg
11490	C	CG						14		8		6							9.33	3	CG	ORF1ab	orf1ab:p.3742-; orf1ab:p.3742S>C; orf1ab:p.3742S>F	coding_sequence_variant; missense_variant	MODIFIER; MODERATE	c.11225tCt>tGt; c.11225tCt>tTt; c.11225tCt>tMt
15559	C	CT								6	8	6							6.67	3	CT	ORF1ab	orf1ab:p.5099L>X; orf1ab:p.5099L>I; orf1ab:p.5099-; orf1ab:p.5099L>F; orf1ab:p.5099L>LX	missense_variant; coding_sequence_variant; frameshift_variant	MODERATE; MODIFIER; HIGH	c.15296cTt>ct; c.15295Ctt>Ttt; c.15295Ctt>Mtt; c.15295Ctt>Ytt; c.15295Ctt>CTtt; c.15295Ctt>Att
21417	A	AT						7	5		26								12.67	3	AT	ORF1ab	orf1ab:p.7051K; orf1ab:p.7051K>N; orf1ab:p.7051-	coding_sequence_variant; missense_variant; synonymous_variant	MODIFIER; MODERATE; LOW	c.21153aaA>aaR; c.21153aaA>aaC; c.21153aaA>aaT; c.21153aaA>aaW; c.21153aaA>aaG
25408	A	AT						9			10		7						8.67	3	AT	ORF3a	ORF3a:p.6-; ORF3a:p.6R>G; ORF3a:p.6R>X; ORF3a:p.6R	downstream_gene_variant; coding_sequence_variant; missense_variant; synonymous_variant; frameshift_variant	MODIFIER,DISTANCE=S:24; MODIFIER; MODERATE; LOW; MODIFIER,DISTANCE=S:25; HIGH	c.16Aga>Cga; c.16Aga>Gga; c.16Aga>Wga; c.17aGa>aa
20564	C	CT						9			7								8.0	2	CT	ORF1ab	orf1ab:p.6767S>Y; orf1ab:p.6767-; orf1ab:p.6767S>F	missense_variant; coding_sequence_variant	MODERATE; MODIFIER	c.20300tCt>tAt; c.20300tCt>tYt; c.20300tCt>tTt
906	C	CT									13	7.0							10.0	2	CT	ORF1ab	orf1ab:p.214T>I; orf1ab:p.214-; orf1ab:p.214T>S; orf1ab:p.214T>TX; orf1ab:p.214T>N	missense_variant; coding_sequence_variant; frameshift_variant	MODERATE; MODIFIER; HIGH	c.641aCt>aYt; c.641aCt>aAt; c.641aCt>aCTt; c.641aCt>aGt; c.641aCt>aTt
17561	G	GT											6			6			6.0	2	GT	ORF1ab	orf1ab:p.5766R>Q; orf1ab:p.5766R>L; orf1ab:p.5766-	missense_variant; coding_sequence_variant	MODERATE; MODIFIER	c.17297cGg>cRg; c.17297cGg>cTg; c.17297cGg>cAg; c.17297cGg>cKg
11511	C	CG						19			8								13.5	2	CG	ORF1ab	orf1ab:p.3749-3752TTVM>T; orf1ab:p.3749-; orf1ab:p.3749T>R; orf1ab:p.3749T>X; orf1ab:p.3749T>I	missense_variant; coding_sequence_variant; frameshift_variant; inframe_deletion	MODERATE; MODIFIER; HIGH	c.11246aCa>aGa; c.11246aCa>aSa; c.11247-11255acAACTGTCATg>acg; c.11247acA>ac; c.11246aCa>aYa; c.11246aCa>aTa
27864	C	CA						17			19								18.0	2	CA	Intergenic	ORF8:p.?-93-; ORF8:p.?-86-	upstream_gene_variant; coding_sequence_variant,5_prime_UTR_variant	MODIFIER,DISTANCE=ORF8:30; MODIFIER; MODIFIER,DISTANCE=ORF8:23	c.?-279-; c.?-258-
21792	A	AT	18															218	118.0	2	AT	S	S:p.77K>M; S:p.77K>T; S:p.77-; S:p.77K>R	missense_variant; coding_sequence_variant	MODERATE; MODIFIER	c.230aAg>aGg; c.230aAg>aMg; c.230aAg>aTg; c.230aAg>aCg
28854	C	CT									3123	784							1953.5	2	CT	N	N:p.194-; N:p.194-210SRNSTPGSSRGTSPARM>S; N:p.194-196SRN>S; N:p.194-195SR>S; N:p.194S>L	missense_variant; coding_sequence_variant; inframe_deletion	MODERATE; MODIFIER	c.581tCa>tYa; c.581tCa>tTa; c.582-587tcAAGAAAt>tct; c.582-629tcAAGAAATTCAACTCCAGGCAGCAGTAGGGGAACTTCTCCTGCTAGAATg>tcg; c.582-584tcAAGa>tca
22444	C	CT									1274	389							831.5	2	CT	S	S:p.294D>E; S:p.294D; S:p.294-	synonymous_variant; coding_sequence_variant; missense_variant	LOW; MODIFIER; MODERATE	c.882gaC>gaH; c.882gaC>gaM; c.882gaC>gaA; c.882gaC>gaG; c.882gaC>gaY; c.882gaC>gaT
10039	C	CT									2251	242							1246.5	2	CT	ORF1ab	orf1ab:p.3258-; orf1ab:p.3258T	synonymous_variant; coding_sequence_variant	LOW; MODIFIER	c.9774acC>acT; c.9774acC>acM; c.9774acC>acG; c.9774acC>acA; c.9774acC>acY
24858	G	GA							5				5						5.0	2	GA	S	S:p.1099-; S:p.1099G>V; S:p.1099G>GX; S:p.1099G>D	frameshift_variant; missense_variant; coding_sequence_variant	HIGH; MODERATE; MODIFIER	c.3296gGc>gRc; c.3296gGc>gGCAc; c.3296gGc>gTc; c.3296gGc>gAc
17902	T	TG						11			8								9.5	2	TG					
26735	C	CT									2781	892							1836.5	2	CT	M	M:p.71-; M:p.71Y	synonymous_variant; coding_sequence_variant	LOW; MODIFIER	c.213taC>taT; c.213taC>taY
19669	G	GA															6	202	104.0	2	GA	ORF1ab	orf1ab:p.6469G>R; orf1ab:p.6469-	missense_variant; coding_sequence_variant	MODERATE; MODIFIER	c.19405Gga>Cga; c.19405Gga>Rga; c.19405Gga>Aga
13225	C	CT											9			5			7.0	2	CT	ORF1ab	orf1ab:p.4320-; orf1ab:p.4321F>X; orf1ab:p.4320S>SX; orf1ab:p.4320S	synonymous_variant; coding_sequence_variant; frameshift_variant	LOW; MODIFIER; HIGH	c.12961Ttt>tt; c.12960tcC>tcM; c.12960tcC>tcA; c.12960tcC>tcG; c.12960tcC>tcY; c.12960tcC>tcCT; c.12960tcC>tcT
19983	C	CT									12	6							9.0	2	CT	ORF1ab	orf1ab:p.6574F>-; orf1ab:p.6574F>X; orf1ab:p.6573-; orf1ab:p.6573V; orf1ab:p.6573V>VX	synonymous_variant; coding_sequence_variant; frameshift_variant; inframe_deletion	LOW; MODIFIER; HIGH; MODERATE	c.19719gtC>gtA; c.19719gtC>gtCT; c.19719gtC>gtT; c.19720Ttt>tt; c.19719gtC>gtY; c.19720-19722TTT>-
19025	T	TA									9							9	9.0	2	TA	ORF1ab	orf1ab:p.6254-; orf1ab:p.6254L>H	coding_sequence_variant; missense_variant	MODIFIER; MODERATE	c.18761cTt>cYt; c.18761cTt>cAt; c.18761cTt>cWt
5765	G	GA						11			20								15.5	2	GA	ORF1ab	orf1ab:p.1834-; orf1ab:p.1834G>S	coding_sequence_variant; missense_variant	MODIFIER; MODERATE	c.5500Ggt>Rgt; c.5500Ggt>Agt
5766	G	GC						12			16								14.0	2	GC	ORF1ab	orf1ab:p.1834-; orf1ab:p.1834G>A	coding_sequence_variant; missense_variant	MODIFIER; MODERATE	c.5501gGt>gKt; c.5501gGt>gSt; c.5501gGt>gCt
29614	C	CT									12				5				8.5	2	CT	ORF10	ORF10:p.19C; ORF10:p.19-; ORF10:p.19C>W; ORF10:p.20-30RMNSRNYIAQV>-	downstream_gene_variant; synonymous_variant; coding_sequence_variant; missense_variant; inframe_deletion	MODIFIER,DISTANCE=N:81; LOW; MODIFIER; MODERATE; MODIFIER,DISTANCE=N:82	c.57tgC>tgY; c.57tgC>tgG; c.58-90AGAATGAATTCTCGTAACTACATAGCACAAGTA>-; c.57tgC>tgT
6081	A	AG													31		53		42.0	2	AG	ORF1ab	orf1ab:p.1939D>A; orf1ab:p.1939D>G; orf1ab:p.1939D>V; orf1ab:p.1939-	coding_sequence_variant; missense_variant	MODIFIER; MODERATE	c.5816gAt>gCt; c.5816gAt>gMt; c.5816gAt>gRt; c.5816gAt>gGt; c.5816gAt>gTt
18877	C	CT									1571	493							1032.0	2	CT	ORF1ab	orf1ab:p.6205L; orf1ab:p.6205-; orf1ab:p.6205L>I	synonymous_variant; coding_sequence_variant; missense_variant	LOW; MODIFIER; MODERATE	c.18613Cta>Yta; c.18613Cta>Ata; c.18613Cta>Tta
26654	G	GT							6		19								12.5	2	GT	M	M:p.44-; M:p.44R; M:p.44R>RX; M:p.45-47FLY>-; M:p.44R>S	missense_variant; synonymous_variant; coding_sequence_variant; frameshift_variant; inframe_deletion	MODERATE; LOW; MODIFIER; HIGH	c.132agG>agGT; c.132agG>agT; c.132agG>agK; c.133-141TTTTTGTAT>-; c.132agG>agA
28214	C	CT							6		19								12.5	2	CT	ORF8	ORF8:p.107D>E; ORF8:p.107D>DX; ORF8:p.108F>X; ORF8:p.107D; ORF8:p.107-	frameshift_variant; synonymous_variant; coding_sequence_variant; missense_variant; upstream_gene_variant	HIGH; LOW; MODIFIER; MODERATE; MODIFIER,DISTANCE=N:60; MODIFIER,DISTANCE=N:59; MODIFIER,DISTANCE=N:58	c.321gaC>gaCT; c.322Ttt>tt; c.321gaC>gaY; c.322-323TTt>t; c.321gaC>gaT; c.321gaC>gaA
1707	C	CT		16						42									29.0	2	CT	ORF1ab	orf1ab:p.481-; orf1ab:p.481S>Y; orf1ab:p.481S>F	missense_variant; coding_sequence_variant	MODERATE; MODIFIER	c.1442tCt>tYt; c.1442tCt>tTt; c.1442tCt>tMt; c.1442tCt>tAt
22458	C	CT									1263								1263.0	1	CT	S	S:p.299T>I; S:p.299T>X; S:p.299T>K; S:p.299-; S:p.299T>TX	missense_variant; coding_sequence_variant; frameshift_variant	MODERATE; MODIFIER; HIGH	c.897acA>ac; c.896aCa>aYa; c.896aCa>aMa; c.896aCa>aAa; c.896aCa>aTa; c.896aCa>aCAa
22992	G	GA	10																10.0	1	GA	S	S:p.477S>T; S:p.477S>N; S:p.477-; S:p.477S>I	missense_variant; coding_sequence_variant	MODERATE; MODIFIER	c.1430aGc>aRc; c.1430aGc>aSc; c.1430aGc>aAc; c.1430aGc>aTc; c.1430aGc>aCc; c.1430aGc>aKc
28657	C	CT						1585											1585.0	1	CT	N	N:p.128-; N:p.128D>E; N:p.128D	synonymous_variant; missense_variant; coding_sequence_variant	LOW; MODERATE; MODIFIER	c.384gaC>gaA; c.384gaC>gaY; c.384gaC>gaT; c.384gaC>gaG
23275	C	CT						13											13.0	1	CT	S	S:p.571D; S:p.571-; S:p.571D>E	synonymous_variant; missense_variant; coding_sequence_variant	LOW; MODERATE; MODIFIER	c.1713gaC>gaY; c.1713gaC>gaA; c.1713gaC>gaG; c.1713gaC>gaT; c.1713gaC>gaS
23132	G	GT						18											18.0	1	GT	S	S:p.524V>F; S:p.524-; S:p.524V>X; S:p.524V>I	coding_sequence_variant; missense_variant; frameshift_variant	MODIFIER; MODERATE; HIGH	c.1570Gtt>Ttt; c.1570Gtt>Ktt; c.1571gTt>gt; c.1570Gtt>Att
28688	T	TC											445						445.0	1	TC	N	N:p.139-; N:p.139L; N:p.139L>V	synonymous_variant; coding_sequence_variant; missense_variant	LOW; MODIFIER; MODERATE	c.415Ttg>Ytg; c.415Ttg>Ctg; c.415Ttg>Ktg; c.415Ttg>Gtg
27383	A	AT																14	14.0	1	AT	ORF6	ORF6:p.61D>X; ORF6:p.61-?-; ORF6:p.61D>V; ORF6:p.61-; ORF6:p.61D>A; ORF7a:p.?-46-; ORF6:p.61D>G	missense_variant; coding_sequence_variant; upstream_gene_variant; frameshift_variant; coding_sequence_variant,3_prime_UTR_variant; coding_sequence_variant,5_prime_UTR_variant	MODERATE; MODIFIER; MODIFIER,DISTANCE=ORF7a:11; HIGH; MODIFIER,DISTANCE=ORF7a:10	c.?-136-; c.182gAt>gCt; c.182gAt>gGt; c.182gAt>gMt; c.183-?-; c.182gAt>gTt; c.182gAt>gYt; c.182gAt>gWt; c.183gaT>ga
29402	G	GT															22		22.0	1	GT	N	N:p.377D>Y; N:p.377D>H; N:p.377-; N:p.377D>N	missense_variant; coding_sequence_variant	MODERATE; MODIFIER	c.1129Gat>Tat; c.1129Gat>Aat; c.1129Gat>Cat; c.1129Gat>Yat; c.1129Gat>Kat
22329	C	CT														6			6.0	1	CT	S	S:p.256S>L; S:p.256-; S:p.256-257SG>X; S:p.256S>*	coding_sequence_variant; missense_variant; stop_gained; frameshift_variant	MODIFIER; MODERATE; HIGH	c.768-771tcAGGT>tc; c.767tCa>tTa; c.767tCa>tAa; c.767tCa>tMa; c.767tCa>tGa; c.767tCa>tYa
22062	C	CT									16								16.0	1	CT	S	S:p.167T>I; S:p.167T>X; S:p.167T>S; S:p.167-; S:p.167T>TX	missense_variant; coding_sequence_variant; frameshift_variant	MODERATE; MODIFIER; HIGH	c.500aCt>aYt; c.501acT>ac; c.500aCt>aCTt; c.500aCt>aTt; c.500aCt>aGt
21949	A	AC						7											7.0	1	AC	S	S:p.129K; S:p.129K>N; S:p.129-	coding_sequence_variant; synonymous_variant; missense_variant	MODIFIER; LOW; MODERATE	c.387aaA>aaC; c.387aaA>aaR; c.387aaA>aaM; c.387aaA>aaT; c.387aaA>aaG
28863	C	CT						2436											2436.0	1	CT	N	N:p.197-; N:p.197S>L	missense_variant; coding_sequence_variant	MODERATE; MODIFIER	c.590tCa>tYa; c.590tCa>tTa
21768	A	AC						9											9.0	1	AC	S	S:p.69-71HVS>H; S:p.69H>L; S:p.69-; S:p.69H>P; S:p.69H>R	missense_variant; coding_sequence_variant; inframe_deletion	MODERATE; MODIFIER	c.206cAt>cCt; c.206cAt>cTt; c.206cAt>cWt; c.207-212caTGTCTCt>cat; c.206cAt>cRt; c.206cAt>cGt
23393	C	CT										7							7.0	1	CT	S	S:p.611-; S:p.611L>LX; S:p.611L>F	missense_variant; coding_sequence_variant; frameshift_variant	MODERATE; MODIFIER; HIGH	c.1831Ctt>CTtt; c.1831Ctt>Ytt; c.1831Ctt>Ttt
21440	C	CT									12								12.0	1	CT	ORF1ab	orf1ab:p.7059S>Y; orf1ab:p.7059-; orf1ab:p.7059S>SX; orf1ab:p.7059S>F	missense_variant; coding_sequence_variant; frameshift_variant	MODERATE; MODIFIER; HIGH	c.21176tCt>tTt; c.21176tCt>tAt; c.21176tCt>tYt; c.21176tCt>tCTt
21058	C	CT																11	11.0	1	CT	ORF1ab	orf1ab:p.6932-; orf1ab:p.6932P>T; orf1ab:p.6932P>S	missense_variant; coding_sequence_variant	MODERATE; MODIFIER	c.20794Cct>Yct; c.20794Cct>Tct; c.20794Cct>Act
20284	A	AG																16	16.0	1	AG	ORF1ab	orf1ab:p.6674I>L; orf1ab:p.6674I>V; orf1ab:p.6674-; orf1ab:p.6674I>F	missense_variant; coding_sequence_variant	MODERATE; MODIFIER	c.20020Att>Mtt; c.20020Att>Wtt; c.20020Att>Rtt; c.20020Att>Ctt; c.20020Att>Ttt; c.20020Att>Gtt
20238	G	GT												8					8.0	1	GT	ORF1ab	orf1ab:p.6658R>S; orf1ab:p.6658R; orf1ab:p.6658-	missense_variant; coding_sequence_variant; synonymous_variant	MODERATE; MODIFIER; LOW	c.19974agG>agT; c.19974agG>agS; c.19974agG>agA; c.19974agG>agR; c.19974agG>agK
20032	C	CT											5						5.0	1	CT	ORF1ab	orf1ab:p.6590R>C; orf1ab:p.6590R>S; orf1ab:p.6590-; orf1ab:p.6590R>G	missense_variant; coding_sequence_variant	MODERATE; MODIFIER	c.19768Cgt>Tgt; c.19768Cgt>Ggt; c.19768Cgt>Ygt; c.19768Cgt>Agt
19861	G	GA											517						517.0	1	GA	ORF1ab	orf1ab:p.6533A>T; orf1ab:p.6533A>S; orf1ab:p.6533-	missense_variant; coding_sequence_variant	MODERATE; MODIFIER	c.19597Gct>Kct; c.19597Gct>Rct; c.19597Gct>Tct; c.19597Gct>Act
19679	G	GT									11								11.0	1	GT	ORF1ab	orf1ab:p.6472G>V; orf1ab:p.6472G>D; orf1ab:p.6472-	missense_variant; coding_sequence_variant	MODERATE; MODIFIER	c.19415gGt>gTt; c.19415gGt>gAt; c.19415gGt>gKt; c.19415gGt>gRt
23277	C	CT																66	66.0	1	CT	S	S:p.572T>S; S:p.572T>I; S:p.572T>N; S:p.572-	missense_variant; coding_sequence_variant	MODERATE; MODIFIER	c.1715aCt>aAt; c.1715aCt>aTt; c.1715aCt>aGt; c.1715aCt>aMt; c.1715aCt>aYt
28141	G	GT														190			190.0	1	GT	ORF8	ORF8:p.83-88CLPFTI>CX; ORF8:p.83C>S; ORF8:p.83-85CLP>C; ORF8:p.83-; ORF8:p.83C>Y; ORF8:p.83C>X; ORF8:p.83C>F; ORF8:p.83-86CLPF>CX; ORF8:p.83-85CLP>X	missense_variant; coding_sequence_variant; frameshift_variant; inframe_deletion	MODERATE; MODIFIER; HIGH	c.249-255tgTTTACCT>tg; c.248tGt>tTt; c.248tGt>tRt; c.248tGt>tCt; c.248tGt>tAt; c.249tgT>tg; c.249-254tgTTTACCt>tgt; c.249-262tgTTTACCTTTTACAAtt>tgtt; c.248tGt>tKt; c.249-256tgTTTACCTTtt>tgtt
28368	G	GA									28								28.0	1	GA	N	N:p.32-; N:p.32R>L; N:p.32R>P; N:p.32R>H	missense_variant; coding_sequence_variant	MODERATE; MODIFIER	c.95cGc>cCc; c.95cGc>cAc; c.95cGc>cRc; c.95cGc>cKc; c.95cGc>cTc
27384	T	TC																14	14.0	1	TC	ORF6	ORF6:p.62-?-; ORF6:p.61D>DL; ORF6:p.61-; ORF6:p.61D; ORF6:p.61D>E; ORF6:p.61D>DSX	synonymous_variant; coding_sequence_variant; frameshift_variant; inframe_insertion; missense_variant; upstream_gene_variant; coding_sequence_variant,3_prime_UTR_variant; coding_sequence_variant,5_prime_UTR_variant,3_prime_UTR_variant	LOW; MODIFIER; HIGH; MODERATE; MODIFIER,DISTANCE=ORF7a:10; MODIFIER,DISTANCE=ORF8:10	c.183gaT>gaY; c.183gaT>gaTTCTC; c.183gaT>gaTCTC; c.184-?-; c.183gaT>gaA; c.183gaT>gaC; c.183gaT>gaG
25504	C	CT						10											10.0	1	CT	ORF3a	ORF3a:p.38Q>*; ORF3a:p.38Q>K; ORF3a:p.38-; ORF3a:p.38Q>E	missense_variant; stop_gained; coding_sequence_variant	MODERATE; HIGH; MODIFIER	c.112Caa>Gaa; c.112Caa>Aaa; c.112Caa>Taa; c.112Caa>Yaa; c.112Caa>Maa
27562	A	AG																138	138.0	1	AG	ORF7a	ORF7a:p.57-81TCFSTQFAFACPDGVKHVYQLRARS>T; ORF7a:p.57T>A; ORF7a:p.57-66TCFSTQFAFA>T; ORF7a:p.57-63TCFSTQF>I; ORF7a:p.57-; ORF7a:p.57-74TCFSTQFAFACPDGVKHV>X; ORF7a:p.57T>P; ORF7a:p.57T>S; ORF7a:p.57-58TC>X	missense_variant; coding_sequence_variant; frameshift_variant; inframe_deletion	MODERATE; MODIFIER; HIGH	c.169Act>Tct; c.169Act>Wct; c.169Act>Hct; c.169Act>Cct; c.170-241aCTTGCTTTAGCACTCAATTTGCTTTTGCTTGTCCTGACGGCGTAAAACACGTCTATCAGTTACGTGCCAGATca>aca; c.170-221aCTTGCTTTAGCACTCAATTTGCTTTTGCTTGTCCTGACGGCGTAAAACACGTc>ac; c.170-187aCTTGCTTTAGCACTCAATtt>att; c.170-196aCTTGCTTTAGCACTCAATTTGCTTTTGct>act; c.169Act>Gct; c.170-173aCTTGc>ac
25642	C	CT												265					265.0	1	CT	ORF3a	ORF3a:p.84L; ORF3a:p.84-; ORF3a:p.84L>LX; ORF3a:p.84L>V; ORF3a:p.84L>X; ORF3a:p.84L>LL; ORF3a:p.84-86LLL>X; ORF3a:p.84-85LL>L; ORF3a:p.84L>M	coding_sequence_variant; synonymous_variant; missense_variant; inframe_insertion; frameshift_variant; inframe_deletion	MODIFIER; LOW; MODERATE; HIGH	c.251-252cTG>c; c.250Ctg>CTGTtg; c.250Ctg>CTtg; c.251-258cTGTTGTTG>c; c.250Ctg>Gtg; c.250Ctg>Atg; c.251-253cTGTtg>ctg; c.250Ctg>Ytg; c.250Ctg>Stg; c.250Ctg>Ttg
25951	G	GT									12								12.0	1	GT	ORF3a	ORF3a:p.187G>S; ORF3a:p.187-; ORF3a:p.187G>R; ORF3a:p.187G>C	missense_variant; coding_sequence_variant	MODERATE; MODIFIER	c.559Ggt>Rgt; c.559Ggt>Cgt; c.559Ggt>Tgt; c.559Ggt>Kgt; c.559Ggt>Agt
25979	G	GT						2125											2125.0	1	GT	ORF3a	ORF3a:p.196-; ORF3a:p.196G>X; ORF3a:p.196G>V; ORF3a:p.196G>E	missense_variant; coding_sequence_variant; frameshift_variant	MODERATE; MODIFIER; HIGH	c.587gGa>gAa; c.588ggA>gg; c.587gGa>gKa; c.587gGa>gRa; c.587gGa>gTa
26596	G	GT									13								13.0	1	GT	M	M:p.25G>V; M:p.25G>A; M:p.25-	coding_sequence_variant; missense_variant	MODIFIER; MODERATE	c.74gGt>gKt; c.74gGt>gTt; c.74gGt>gCt
27481	C	CT														5			5.0	1	CT	ORF7a	ORF7a:p.30L>V; ORF7a:p.30-45LLKEPCSSGTYEGNSP>X; ORF7a:p.30-; ORF7a:p.30L>F; ORF7a:p.30L>LX; ORF7a:p.30-77LLKEPCSSGTYEGNSPFHPLADNKFALTCFSTQFAFACPDGVKHVYQL>L; ORF7a:p.30L>I	downstream_gene_variant; missense_variant; coding_sequence_variant; frameshift_variant; inframe_deletion	MODIFIER,DISTANCE=ORF6:94; MODERATE; MODIFIER; HIGH; MODIFIER,DISTANCE=ORF6:95	c.88Ctt>Mtt; c.88Ctt>Ytt; c.89-135cTTTTAAAAGAACCTTGCTCTTCTGGAACATACGAGGGCAATTCACCA>c; c.88Ctt>Att; c.89-229cTTTTAAAAGAACCTTGCTCTTCTGGAACATACGAGGGCAATTCACCATTTCATCCTCTAGCTGATAACAAATTTGCACTGACTTGCTTTAGCACTCAATTTGCTTTTGCTTGTCCTGACGGCGTAAAACACGTCTATCAGTta>cta; c.88Ctt>Ttt; c.88Ctt>Gtt; c.88Ctt>CTtt
26801	C	CT						28											28.0	1	CT	M	M:p.93L; M:p.93-	synonymous_variant; coding_sequence_variant	LOW; MODIFIER	c.279ctC>ctT; c.279ctC>ctS; c.279ctC>ctY; c.279ctC>ctG; c.279ctC>ctA; c.279ctC>ctK
23525	C	CT															34		34.0	1	CT	S	S:p.655H>Y; S:p.655-; S:p.655H>D; S:p.655H>N	missense_variant; coding_sequence_variant	MODERATE; MODIFIER	c.1963Cat>Gat; c.1963Cat>Yat; c.1963Cat>Tat; c.1963Cat>Aat
26992	G	GA									11								11.0	1	GA	M	M:p.157-; M:p.157G>E	missense_variant; coding_sequence_variant	MODERATE; MODIFIER	c.470gGa>gKa; c.470gGa>gAa
27011	C	CT												7					7.0	1	CT	M	M:p.163-; M:p.163D>E; M:p.163D	synonymous_variant; missense_variant; coding_sequence_variant	LOW; MODERATE; MODIFIER	c.489gaC>gaY; c.489gaC>gaA; c.489gaC>gaG; c.489gaC>gaT; c.489gaC>gaM
27213	C	CT															41		41.0	1	CT	ORF6	ORF6:p.4L; ORF6:p.4-; ORF6:p.4L>LVDFQ	downstream_gene_variant; synonymous_variant; coding_sequence_variant; inframe_insertion	MODIFIER,DISTANCE=M:22; LOW; MODIFIER; MODERATE	c.12ctC>ctY; c.12ctC>ctCGTTGACTTTCAG; c.12ctC>ctA; c.12ctC>ctT; c.12ctC>ctG
27344	A	AT						7											7.0	1	AT	ORF6	ORF6:p.48-; ORF6:p.48K>R; ORF6:p.48K>I; ORF6:p.48K>T	missense_variant; coding_sequence_variant; upstream_gene_variant	MODERATE; MODIFIER; MODIFIER,DISTANCE=ORF7a:50	c.143aAa>aGa; c.143aAa>aRa; c.143aAa>aTa; c.143aAa>aCa
27345	A	AT						7											7.0	1	AT	ORF6	ORF6:p.48-; ORF6:p.48K>N; ORF6:p.48K	synonymous_variant; missense_variant; coding_sequence_variant; upstream_gene_variant	LOW; MODERATE; MODIFIER; MODIFIER,DISTANCE=ORF7a:49	c.144aaA>aaC; c.144aaA>aaR; c.144aaA>aaM; c.144aaA>aaT; c.144aaA>aaG
27354	A	AG						9											9.0	1	AG	ORF6	ORF6:p.51Q>H; ORF6:p.52L>X; ORF6:p.51Q; ORF6:p.51-	frameshift_variant; upstream_gene_variant; coding_sequence_variant; synonymous_variant; missense_variant	HIGH; MODIFIER,DISTANCE=ORF7a:39; MODIFIER; LOW; MODERATE; MODIFIER,DISTANCE=ORF7a:40	c.153caA>caT; c.153caA>caW; c.153caA>caR; c.153caA>caG; c.153caA>caC; c.154Tta>ta
27358	G	GT					5												5.0	1	GT	ORF6	ORF6:p.53-; ORF6:p.53D>N; ORF6:p.53D>Y; ORF6:p.53D>H; ORF6:p.53-?-	missense_variant; coding_sequence_variant; upstream_gene_variant; coding_sequence_variant,3_prime_UTR_variant	MODERATE; MODIFIER; MODIFIER,DISTANCE=ORF7a:36; MODIFIER,DISTANCE=ORF7a:1	c.157Gat>Cat; c.157Gat>Aat; c.157Gat>Tat; c.157Gat>Kat; c.158-?-
25461	T	TC											624						624.0	1	TC	ORF3a	ORF3a:p.23A; ORF3a:p.23-	downstream_gene_variant; synonymous_variant; coding_sequence_variant	MODIFIER,DISTANCE=S:77; LOW; MODIFIER	c.69gcT>gcA; c.69gcT>gcC; c.69gcT>gcY
25413	C	CT						59											59.0	1	CT	ORF3a	ORF3a:p.8-19FTIGTVTLKQGE>-; ORF3a:p.8-10FTI>X; ORF3a:p.7-; ORF3a:p.8-14FTIGTVT>-; ORF3a:p.7I; ORF3a:p.7I>M	downstream_gene_variant; synonymous_variant; coding_sequence_variant; missense_variant; inframe_deletion; frameshift_variant	MODIFIER,DISTANCE=S:29; LOW; MODIFIER; MODERATE; MODIFIER,DISTANCE=S:30; HIGH	c.21atC>atT; c.22-28TTCACAAtt>tt; c.22-57TTCACAATTGGAACTGTAACTTTGAAGCAAGGTGAA>-; c.21atC>atY; c.21atC>atG; c.21atC>atA; c.21atC>atM; c.22-42TTCACAATTGGAACTGTAACT>-
25350	C	CT												221					221.0	1	CT	S	S:p.1263P>L; S:p.1263P>Q; S:p.1263P>R; S:p.1263-	missense_variant; coding_sequence_variant; upstream_gene_variant	MODERATE; MODIFIER; MODIFIER,DISTANCE=ORF3a:43	c.3788cCa>cMa; c.3788cCa>cYa; c.3788cCa>cTa; c.3788cCa>cAa; c.3788cCa>cGa; c.3788cCa>cSa
27847	C	CT															61		61.0	1	CT	Intergenic	ORF8:p.?-118-; ORF8:p.?-120-; ORF8:p.?-112-; ORF8:p.?-111-; ORF8:p.?-116-	downstream_gene_variant; upstream_gene_variant; coding_sequence_variant,5_prime_UTR_variant	MODIFIER,DISTANCE=ORF7a:88; MODIFIER,DISTANCE=ORF8:47; MODIFIER,DISTANCE=ORF7a:89; MODIFIER,DISTANCE=ORF8:44; MODIFIER; MODIFIER,DISTANCE=N:28; MODIFIER,DISTANCE=N:33; MODIFIER,DISTANCE=N:45; MODIFIER,DISTANCE=N:50; MODIFIER,DISTANCE=N:23	c.?-358-; c.?-348-; c.?-331-; c.?-336-; c.?-353-
28314	G	GT							14										14.0	1	GT	N	N:p.14R>H; N:p.14-; N:p.14R>L; N:p.14R>P	downstream_gene_variant; coding_sequence_variant; missense_variant	MODIFIER,DISTANCE=ORF8:55; MODIFIER; MODERATE	c.41cGc>cCc; c.41cGc>cTc; c.41cGc>cKc; c.41cGc>cRc; c.41cGc>cAc
28144	T	TC						2403											2403.0	1	TC	ORF8	ORF8:p.84L>X; ORF8:p.84L>S; ORF8:p.84L>*; ORF8:p.84-; ORF8:p.84-89LPFTIN>LX	missense_variant; coding_sequence_variant; stop_gained; frameshift_variant	MODERATE; MODIFIER; HIGH	c.251tTa>tGa; c.252-265ttACCTTTTACAATTAat>ttat; c.251tTa>tCa; c.251tTa>tAa; c.252ttA>tt; c.251tTa>tYa
23771	G	GC								6									6.0	1	GC	S	S:p.737D>H; S:p.737D>Y	missense_variant	MODERATE	c.2209Gat>Tat; c.2209Gat>Cat
27382	G	GC																14	14.0	1	GC	ORF6	ORF6:p.61D>Y; ORF6:p.61D>VH; ORF6:p.61-?-; ORF7a:p.?-2-; ORF6:p.61D>H; ORF6:p.61-62D*>E; ORF6:p.61-62D*>X; ORF6:p.61-; ORF6:p.61D>N	missense_variant; coding_sequence_variant; protein_altering_variant; upstream_gene_variant; frameshift_variant,stop_lost; coding_sequence_variant,3_prime_UTR_variant; coding_sequence_variant,5_prime_UTR_variant; coding_sequence_variant,5_prime_UTR_variant,3_prime_UTR_variant; stop_lost,inframe_deletion	MODERATE; MODIFIER; MODIFIER,DISTANCE=ORF7a:12; HIGH; MODIFIER,DISTANCE=ORF7a:8; MODIFIER,DISTANCE=ORF7a:9	c.182-185gATTAa>ga; c.181Gat>Cat; c.182-184gATTaa>gaa; c.182-?-; c.181Gat>Aat; c.?-6-; c.181Gat>Sat; c.181Gat>Tat; c.181Gat>Yat; c.181Gat>GTTCat; c.181Gat>Kat
24223	C	CT								5									5.0	1	CT	S	S:p.888F>X; S:p.887T; S:p.887-; S:p.887T>TX	synonymous_variant; coding_sequence_variant; frameshift_variant	LOW; MODIFIER; HIGH	c.2661acC>acT; c.2661acC>acY; c.2662Ttt>tt; c.2661acC>acCT; c.2661acC>acA; c.2661acC>acM
24700	C	CT								23									23.0	1	CT	S	S:p.1046-; S:p.1046G	synonymous_variant; coding_sequence_variant	LOW; MODIFIER	c.3138ggC>ggA; c.3138ggC>ggY; c.3138ggC>ggT; c.3138ggC>ggG
28135	T	TG						26											26.0	1	TG	ORF8	ORF8:p.81V>A; ORF8:p.81V>G; ORF8:p.81V>D; ORF8:p.81-	missense_variant; coding_sequence_variant	MODERATE; MODIFIER	c.242gTt>gCt; c.242gTt>gYt; c.242gTt>gGt; c.242gTt>gAt
28089	G	GA								988									988.0	1	GA	ORF8	ORF8:p.66-68GSK>E; ORF8:p.66-68GSK>X; ORF8:p.66-; ORF8:p.66-68GSK>*; ORF8:p.66G>C; ORF8:p.66-89GSKSPIQYIDIGNYTVSCLPFTIN>D; ORF8:p.66-67GS>A; ORF8:p.66G>R; ORF8:p.66G>S	inframe_deletion; stop_gained; coding_sequence_variant; missense_variant; frameshift_variant	MODERATE; HIGH; MODIFIER	c.196-202GGTTCTAaa>Gaa; c.196Ggt>Kgt; c.197-265gGTTCTAAATCACCCATTCAGTACATCGATATCGGTAATTATACAGTTTCCTGTTTACCTTTTACAATTAat>gat; c.197-199gGTTct>gct; c.196Ggt>Sgt; c.196Ggt>Agt; c.196Ggt>Rgt; c.196Ggt>Tgt; c.196-202GGTTCTAaa>Taa; c.196Ggt>Cgt; c.197-203gGTTCTAAa>ga
28038	G	GA						10											10.0	1	GA	ORF8	ORF8:p.49-; ORF8:p.49V>L; ORF8:p.49V>I	missense_variant; coding_sequence_variant	MODERATE; MODIFIER	c.145Gta>Kta; c.145Gta>Cta; c.145Gta>Rta; c.145Gta>Sta; c.145Gta>Ata; c.145Gta>Tta
24933	G	GT									13								13.0	1	GT	S	S:p.1124G>A; S:p.1124-; S:p.1124G>D; S:p.1124-1125GN>GX; S:p.1124G>V	coding_sequence_variant; missense_variant; frameshift_variant	MODIFIER; MODERATE; HIGH	c.3371gGt>gCt; c.3371gGt>gKt; c.3371gGt>gTt; c.3371gGt>gSt; c.3371gGt>gAt; c.3372-3373ggTAac>ggac
28019	T	TC							5										5.0	1	TC	ORF8	ORF8:p.42Y; ORF8:p.42-; ORF8:p.42Y>*	synonymous_variant; stop_gained; coding_sequence_variant	LOW; HIGH; MODIFIER	c.126taT>taG; c.126taT>taA; c.126taT>taC; c.126taT>taY
24937	C	CA														10			10.0	1	CA	S	S:p.1125N>K; S:p.1125-; S:p.1125N	synonymous_variant; missense_variant; coding_sequence_variant	LOW; MODERATE; MODIFIER	c.3375aaC>aaA; c.3375aaC>aaT; c.3375aaC>aaM; c.3375aaC>aaY
25047	C	CT																237	237.0	1	CT	S	S:p.1162-; S:p.1162P>R; S:p.1162P>L; S:p.1162P>Q	missense_variant; coding_sequence_variant	MODERATE; MODIFIER	c.3485cCa>cGa; c.3485cCa>cMa; c.3485cCa>cSa; c.3485cCa>cYa; c.3485cCa>cTa; c.3485cCa>cAa
25160	C	CT										5							5.0	1	CT	S	S:p.1200L>I; S:p.1200L>V; S:p.1200L>F; S:p.1200-	missense_variant; coding_sequence_variant	MODERATE; MODIFIER	c.3598Ctc>Gtc; c.3598Ctc>Ttc; c.3598Ctc>Atc; c.3598Ctc>Ytc
25171	T	TG															18		18.0	1	TG	S	S:p.1203L; S:p.1203-	synonymous_variant; coding_sequence_variant	LOW; MODIFIER	c.3609ctT>ctC; c.3609ctT>ctY; c.3609ctT>ctA
25315	A	AT						5											5.0	1	AT	S	S:p.1251G; S:p.1251-	synonymous_variant; coding_sequence_variant; upstream_gene_variant	LOW; MODIFIER; MODIFIER,DISTANCE=ORF3a:78	c.3753ggA>ggR; c.3753ggA>ggC; c.3753ggA>ggG; c.3753ggA>ggT
16286	G	GA											6						6.0	1	GA	ORF1ab	orf1ab:p.5341-; orf1ab:p.5341G>D	coding_sequence_variant; missense_variant	MODIFIER; MODERATE	c.16022gGt>gKt; c.16022gGt>gAt
19333	G	GT														22			22.0	1	GT	ORF1ab	orf1ab:p.6357-; orf1ab:p.6357D>N; orf1ab:p.6357D>Y	missense_variant; coding_sequence_variant	MODERATE; MODIFIER	c.19069Gat>Aat; c.19069Gat>Tat; c.19069Gat>Rat
4950	T	TC							5										5.0	1	TC	ORF1ab	orf1ab:p.1562-; orf1ab:p.1562L>S	coding_sequence_variant; missense_variant	MODIFIER; MODERATE	c.4685tTg>tCg; c.4685tTg>tKg
3668	T	TG						16											16.0	1	TG	ORF1ab	orf1ab:p.1135Y>H; orf1ab:p.1135Y>D; orf1ab:p.1135Y>N	missense_variant	MODERATE	c.3403Tat>Gat; c.3403Tat>Aat; c.3403Tat>Cat
3671	G	GT						14											14.0	1	GT	ORF1ab	orf1ab:p.1136E>K; orf1ab:p.1136E>*; orf1ab:p.1136-; orf1ab:p.1136-1139ENFN>D; orf1ab:p.1136E>EX; orf1ab:p.1136-1138ENF>V	missense_variant; coding_sequence_variant; stop_gained; frameshift_variant; inframe_deletion	MODERATE; MODIFIER; HIGH	c.3406Gaa>GAaa; c.3407-3412gAAAATTtt>gtt; c.3406Gaa>Raa; c.3407-3415gAAAATTTTAat>gat; c.3406Gaa>Aaa; c.3406Gaa>Taa
3817	C	CT																246	246.0	1	CT	ORF1ab	orf1ab:p.1184-; orf1ab:p.1184D; orf1ab:p.1184D>E; orf1ab:p.1185K>X	synonymous_variant; coding_sequence_variant; missense_variant; frameshift_variant	LOW; MODIFIER; MODERATE; HIGH	c.3552gaC>gaT; c.3552gaC>gaM; c.3552gaC>gaY; c.3553Aaa>aa; c.3552gaC>gaA
4095	C	CT									12								12.0	1	CT	ORF1ab	orf1ab:p.1277T>N; orf1ab:p.1277-; orf1ab:p.1277T>I	missense_variant; coding_sequence_variant	MODERATE; MODIFIER	c.3830aCt>aAt; c.3830aCt>aMt; c.3830aCt>aTt; c.3830aCt>aYt
4102	A	AT																7	7.0	1	AT	ORF1ab	orf1ab:p.1279L; orf1ab:p.1279-; orf1ab:p.1279L>F	synonymous_variant; coding_sequence_variant; missense_variant	LOW; MODIFIER; MODERATE	c.3837ttA>ttT; c.3837ttA>ttG; c.3837ttA>ttW; c.3837ttA>ttR
4319	G	GC									8								8.0	1	GC	ORF1ab	orf1ab:p.1352A>S; orf1ab:p.1352A>T; orf1ab:p.1352-	missense_variant; coding_sequence_variant	MODERATE; MODIFIER	c.4054Gcc>Rcc; c.4054Gcc>Tcc; c.4054Gcc>Acc
4475	C	CT									6								6.0	1	CT	ORF1ab	orf1ab:p.1404R>S; orf1ab:p.1404-; orf1ab:p.1404R>C	missense_variant; coding_sequence_variant	MODERATE; MODIFIER	c.4210Cgt>Tgt; c.4210Cgt>Ygt; c.4210Cgt>Agt
4582	C	CT															31		31.0	1	CT	ORF1ab	orf1ab:p.1439N; orf1ab:p.1439-; orf1ab:p.1439N>K	synonymous_variant; coding_sequence_variant; missense_variant	LOW; MODIFIER; MODERATE	c.4317aaC>aaT; c.4317aaC>aaA; c.4317aaC>aaY
5372	A	AG														5			5.0	1	AG	ORF1ab	orf1ab:p.1703-; orf1ab:p.1703R	synonymous_variant; coding_sequence_variant	LOW; MODIFIER	c.5107Agg>Rgg; c.5107Agg>Cgg
3181	A	AT														9			9.0	1	AT	ORF1ab	orf1ab:p.972E; orf1ab:p.972E>D; orf1ab:p.972-	missense_variant; synonymous_variant; coding_sequence_variant	MODERATE; LOW; MODIFIER	c.2916gaA>gaR; c.2916gaA>gaW; c.2916gaA>gaT; c.2916gaA>gaC; c.2916gaA>gaG; c.2916gaA>gaM
6309	G	GA																14	14.0	1	GA	ORF1ab	orf1ab:p.2015S>T; orf1ab:p.2015S>N; orf1ab:p.2015S>I; orf1ab:p.2015-	missense_variant; coding_sequence_variant	MODERATE; MODIFIER	c.6044aGc>aAc; c.6044aGc>aRc; c.6044aGc>aKc; c.6044aGc>aCc; c.6044aGc>aTc
6310	C	CT															13		13.0	1	CT	ORF1ab	orf1ab:p.2015S; orf1ab:p.2015S>SX; orf1ab:p.2015-; orf1ab:p.2015S>R	synonymous_variant; missense_variant; coding_sequence_variant; frameshift_variant	LOW; MODERATE; MODIFIER; HIGH	c.6045agC>agT; c.6045agC>agY; c.6045agC>agA; c.6045agC>agG; c.6045agC>agCA; c.6045agC>agM
6622	G	GA									5								5.0	1	GA	ORF1ab	orf1ab:p.2119L; orf1ab:p.2119-; orf1ab:p.2119L>F; orf1ab:p.2120K>X	missense_variant; synonymous_variant; coding_sequence_variant; frameshift_variant	MODERATE; LOW; MODIFIER; HIGH	c.6358Aaa>aa; c.6357ttG>ttK; c.6357ttG>ttA; c.6357ttG>ttC; c.6357ttG>ttT; c.6357ttG>ttR
6696	C	CT									13								13.0	1	CT	ORF1ab	orf1ab:p.2144P>L; orf1ab:p.2144P>PX; orf1ab:p.2144P>PF; orf1ab:p.2144P>H; orf1ab:p.2144-	missense_variant; coding_sequence_variant; frameshift_variant; inframe_insertion	MODERATE; MODIFIER; HIGH	c.6431cCt>cYt; c.6431cCt>cTt; c.6431cCt>cAt; c.6431cCt>cCTTTt; c.6431cCt>cCTt; c.6431cCt>cMt
6861	C	CT								5									5.0	1	CT	ORF1ab	orf1ab:p.2199-; orf1ab:p.2199A>V; orf1ab:p.2199-2203AKNTV>X	coding_sequence_variant; missense_variant; frameshift_variant	MODIFIER; MODERATE; HIGH	c.6596gCa>gYa; c.6596gCa>gTa; c.6597-6609gcAAAGAATACTGTT>gc
7164	C	CT			5														5.0	1	CT	ORF1ab	orf1ab:p.2300-; orf1ab:p.2300T>N; orf1ab:p.2300T>I	missense_variant; coding_sequence_variant	MODERATE; MODIFIER	c.6899aCc>aTc; c.6899aCc>aYc; c.6899aCc>aAc; c.6899aCc>aMc
7621	T	TC																22	22.0	1	TC	ORF1ab	orf1ab:p.2453V>X; orf1ab:p.2452-; orf1ab:p.2452C	synonymous_variant; coding_sequence_variant; frameshift_variant	LOW; MODIFIER; HIGH	c.7356tgT>tgY; c.7356tgT>tgC; c.7357Gtt>tt
8516	G	GA						8											8.0	1	GA	ORF1ab	orf1ab:p.2751V>F; orf1ab:p.2751-; orf1ab:p.2751V>X; orf1ab:p.2751V>I	coding_sequence_variant; missense_variant; frameshift_variant	MODIFIER; MODERATE; HIGH	c.8251Gtt>Ktt; c.8251Gtt>Rtt; c.8251Gtt>Att; c.8252gTt>gt; c.8251Gtt>Ttt
3564	G	GT													8				8.0	1	GT	ORF1ab	orf1ab:p.1100G>V; orf1ab:p.1100G>A; orf1ab:p.1100-; orf1ab:p.1100G>D	coding_sequence_variant; missense_variant	MODIFIER; MODERATE	c.3299gGt>gAt; c.3299gGt>gTt; c.3299gGt>gKt; c.3299gGt>gCt
3180	A	AT														9			9.0	1	AT	ORF1ab	orf1ab:p.972E>A; orf1ab:p.972-; orf1ab:p.972-973EE>EX; orf1ab:p.972E>G; orf1ab:p.972E>V	missense_variant; coding_sequence_variant; frameshift_variant	MODERATE; MODIFIER; HIGH	c.2915gAa>gRa; c.2915gAa>gTa; c.2915gAa>gGa; c.2915gAa>gWa; c.2915gAa>gCa; c.2916-2917gaAGaa>gaaa
19231	G	GT							5										5.0	1	GT	ORF1ab	orf1ab:p.6323V>VX; orf1ab:p.6323V>I; orf1ab:p.6323-	frameshift_variant; missense_variant; coding_sequence_variant	HIGH; MODERATE; MODIFIER	c.18967Gtt>Rtt; c.18967Gtt>Att; c.18967Gtt>Ktt; c.18967Gtt>GTtt
1392	C	CT									29								29.0	1	CT	ORF1ab	orf1ab:p.376S>L; orf1ab:p.376-	missense_variant; coding_sequence_variant	MODERATE; MODIFIER	c.1127tCa>tTa; c.1127tCa>tYa
884	C	CT											494						494.0	1	CT	ORF1ab	orf1ab:p.207R>G; orf1ab:p.207R>S; orf1ab:p.207R>C; orf1ab:p.207-	missense_variant; coding_sequence_variant	MODERATE; MODIFIER	c.619Cgt>Tgt; c.619Cgt>Agt; c.619Cgt>Ygt; c.619Cgt>Ggt
925	C	CT								6									6.0	1	CT	ORF1ab	orf1ab:p.220D>E; orf1ab:p.220D>DX; orf1ab:p.220D; orf1ab:p.220-	synonymous_variant; coding_sequence_variant; missense_variant; frameshift_variant	LOW; MODIFIER; MODERATE; HIGH	c.660gaC>gaCT; c.660gaC>gaY; c.660gaC>gaT; c.660gaC>gaA
1018	G	GT									7								7.0	1	GT	ORF1ab	orf1ab:p.251L>F; orf1ab:p.251L; orf1ab:p.251-	synonymous_variant; coding_sequence_variant; missense_variant	LOW; MODIFIER; MODERATE	c.753ttG>ttA; c.753ttG>ttK; c.753ttG>ttR; c.753ttG>ttC; c.753ttG>ttT
1059	C	CT							724										724.0	1	CT	ORF1ab	orf1ab:p.265-; orf1ab:p.265T>N; orf1ab:p.265T>I; orf1ab:p.265-270TFNGEC>T; orf1ab:p.265T>S	missense_variant; coding_sequence_variant; inframe_deletion	MODERATE; MODIFIER	c.795-809acCTTCAATGGGGAATGt>act; c.794aCc>aGc; c.794aCc>aYc; c.794aCc>aTc; c.794aCc>aAc
1063	C	CT										117							117.0	1	CT	ORF1ab	orf1ab:p.267N>X; orf1ab:p.266F>L; orf1ab:p.266-; orf1ab:p.266F	coding_sequence_variant; synonymous_variant; missense_variant; frameshift_variant	MODIFIER; LOW; MODERATE; HIGH	c.798ttC>ttY; c.798ttC>ttT; c.798ttC>ttM; c.799Aat>at; c.798ttC>ttA
1224	T	TC										6							6.0	1	TC	ORF1ab	orf1ab:p.320-; orf1ab:p.320L>H; orf1ab:p.320L>R	coding_sequence_variant; missense_variant	MODIFIER; MODERATE	c.959cTc>cGc; c.959cTc>cYc; c.959cTc>cKc; c.959cTc>cAc; c.959cTc>cWc
1258	G	GA						9											9.0	1	GA	ORF1ab	orf1ab:p.331W>C	missense_variant	MODERATE	c.993tgG>tgT
1383	G	GT																5	5.0	1	GT	ORF1ab	orf1ab:p.373C>F	missense_variant	MODERATE	c.1118tGt>tTt
1397	G	GA											478						478.0	1	GA	ORF1ab	orf1ab:p.378V>I; orf1ab:p.378-; orf1ab:p.378V>L	missense_variant; coding_sequence_variant	MODERATE; MODIFIER	c.1132Gta>Sta; c.1132Gta>Ata; c.1132Gta>Kta; c.1132Gta>Tta; c.1132Gta>Rta; c.1132Gta>Cta
3178	T	TG														7			7.0	1	TG	ORF1ab	orf1ab:p.971-; orf1ab:p.971P	synonymous_variant; coding_sequence_variant	LOW; MODIFIER	c.2913ccT>ccA; c.2913ccT>ccY; c.2913ccT>ccC; c.2913ccT>ccG
1419	C	CT												7					7.0	1	CT	ORF1ab	orf1ab:p.385-; orf1ab:p.385A>G; orf1ab:p.385A>V; orf1ab:p.385A>D	missense_variant; coding_sequence_variant	MODERATE; MODIFIER	c.1154gCc>gGc; c.1154gCc>gYc; c.1154gCc>gTc; c.1154gCc>gAc
1779	C	CG												6					6.0	1	CG	ORF1ab	orf1ab:p.505S>Y; orf1ab:p.505S>C; orf1ab:p.505-; orf1ab:p.505S>F	missense_variant; coding_sequence_variant	MODERATE; MODIFIER	c.1514tCc>tGc; c.1514tCc>tYc; c.1514tCc>tTc; c.1514tCc>tAc
1820	G	GA																593	593.0	1	GA	ORF1ab	orf1ab:p.519G>C; orf1ab:p.519G>S; orf1ab:p.519-	missense_variant; coding_sequence_variant	MODERATE; MODIFIER	c.1555Ggt>Kgt; c.1555Ggt>Rgt; c.1555Ggt>Tgt; c.1555Ggt>Agt
2014	T	TC							5										5.0	1	TC	ORF1ab	orf1ab:p.583-; orf1ab:p.583A	synonymous_variant; coding_sequence_variant	LOW; MODIFIER	c.1749gcT>gcC; c.1749gcT>gcY; c.1749gcT>gcA
2822	C	CT									11								11.0	1	CT	ORF1ab	orf1ab:p.853L>I; orf1ab:p.853L>F; orf1ab:p.853-	missense_variant; coding_sequence_variant	MODERATE; MODIFIER	c.2557Ctt>Mtt; c.2557Ctt>Ttt; c.2557Ctt>Ytt; c.2557Ctt>Att
3174	A	AT														8			8.0	1	AT	ORF1ab	orf1ab:p.970-; orf1ab:p.970Q>L; orf1ab:p.970Q>R; orf1ab:p.970Q>P	missense_variant; coding_sequence_variant	MODERATE; MODIFIER	c.2909cAa>cCa; c.2909cAa>cWa; c.2909cAa>cGa; c.2909cAa>cTa; c.2909cAa>cRa
3175	A	AT														8			8.0	1	AT	ORF1ab	orf1ab:p.970-; orf1ab:p.970Q>H; orf1ab:p.971P>X; orf1ab:p.970Q	synonymous_variant; missense_variant; coding_sequence_variant; frameshift_variant	LOW; MODERATE; MODIFIER; HIGH	c.2911Cct>ct; c.2910caA>caC; c.2910caA>caR; c.2910caA>caT; c.2910caA>caG
3177	C	CA														8			8.0	1	CA	ORF1ab	orf1ab:p.971-; orf1ab:p.971P>L; orf1ab:p.971P>R; orf1ab:p.971P>H; orf1ab:p.971P>PENPHL	coding_sequence_variant; missense_variant; inframe_insertion	MODIFIER; MODERATE	c.2912cCt>cGt; c.2912cCt>cAt; c.2912cCt>cCAGAAAACCCTCACCTt; c.2912cCt>cTt; c.2912cCt>cYt; c.2912cCt>cMt
8535	A	AG								11									11.0	1	AG	ORF1ab	orf1ab:p.2757-; orf1ab:p.2757K>M; orf1ab:p.2757K>T; orf1ab:p.2757K>R	missense_variant; coding_sequence_variant	MODERATE; MODIFIER	c.8270aAg>aRg; c.8270aAg>aCg; c.8270aAg>aTg; c.8270aAg>aGg
8653	G	GT											616						616.0	1	GT	ORF1ab	orf1ab:p.2796-; orf1ab:p.2796M>I	missense_variant; coding_sequence_variant	MODERATE; MODIFIER	c.8388atG>atK; c.8388atG>atC; c.8388atG>atA; c.8388atG>atR; c.8388atG>atS; c.8388atG>atT
8668	C	CT								8									8.0	1	CT	ORF1ab	orf1ab:p.2801D>E; orf1ab:p.2801D>DX; orf1ab:p.2801D; orf1ab:p.2801-	synonymous_variant; coding_sequence_variant; missense_variant; frameshift_variant	LOW; MODIFIER; MODERATE; HIGH	c.8403gaC>gaM; c.8403gaC>gaA; c.8403gaC>gaG; c.8403gaC>gaY; c.8403gaC>gaCT; c.8403gaC>gaT
16611	C	CA							6										6.0	1	CA	ORF1ab	orf1ab:p.5449-; orf1ab:p.5449T	synonymous_variant; coding_sequence_variant	LOW; MODIFIER	c.16347acC>acY; c.16347acC>acA; c.16347acC>acM; c.16347acC>acT
14197	G	GT									10								10.0	1	GT	ORF1ab	orf1ab:p.4645A>S; orf1ab:p.4645A>X; orf1ab:p.4645-; orf1ab:p.4645A>T	frameshift_variant; missense_variant; coding_sequence_variant	HIGH; MODERATE; MODIFIER	c.13933Gca>Kca; c.13934gCa>ga; c.13933Gca>Tca; c.13933Gca>Aca; c.13933Gca>Rca
14267	C	CT						66											66.0	1	CT	ORF1ab	orf1ab:p.4668T>K; orf1ab:p.4668-; orf1ab:p.4668T>M	missense_variant; coding_sequence_variant	MODERATE; MODIFIER	c.14003aCg>aTg; c.14003aCg>aYg; c.14003aCg>aAg
14277	G	GT									9								9.0	1	GT	ORF1ab	orf1ab:p.4671-; orf1ab:p.4672L>X; orf1ab:p.4671R>S; orf1ab:p.4671R	coding_sequence_variant; missense_variant; synonymous_variant; frameshift_variant	MODIFIER; MODERATE; LOW; HIGH	c.14014Tta>ta; c.14013agG>agT; c.14013agG>agA; c.14013agG>agK; c.14013agG>agR
14708	C	CT						12											12.0	1	CT	ORF1ab	orf1ab:p.4815A>V; orf1ab:p.4815-	missense_variant; coding_sequence_variant	MODERATE; MODIFIER	c.14444gCt>gYt; c.14444gCt>gTt
14805	C	CT						1416											1416.0	1	CT	ORF1ab	orf1ab:p.4847-; orf1ab:p.4847Y	synonymous_variant; coding_sequence_variant	LOW; MODIFIER	c.14541taC>taY; c.14541taC>taT
14960	A	AT						20											20.0	1	AT	ORF1ab	orf1ab:p.4899N>I	missense_variant	MODERATE	c.14696aAt>aTt
15601	C	CT																241	241.0	1	CT	ORF1ab	orf1ab:p.5113R>C; orf1ab:p.5113R>G; orf1ab:p.5113R>S; orf1ab:p.5113-	missense_variant; coding_sequence_variant	MODERATE; MODIFIER	c.15337Cgc>Ggc; c.15337Cgc>Ygc; c.15337Cgc>Agc; c.15337Cgc>Mgc; c.15337Cgc>Tgc
658	T	TC																15	15.0	1	TC	ORF1ab	orf1ab:p.131A; orf1ab:p.131-	synonymous_variant; coding_sequence_variant	LOW; MODIFIER	c.393gcT>gcG; c.393gcT>gcK; c.393gcT>gcA; c.393gcT>gcC; c.393gcT>gcY
16993	T	TC											1037						1037.0	1	TC	ORF1ab	orf1ab:p.5577Y>N; orf1ab:p.5577Y>H; orf1ab:p.5577-	coding_sequence_variant; missense_variant	MODIFIER; MODERATE	c.16729Tac>Yac; c.16729Tac>Aac; c.16729Tac>Cac
8782	C	CT						2238											2238.0	1	CT	ORF1ab	orf1ab:p.2839S; orf1ab:p.2839-	synonymous_variant; coding_sequence_variant	LOW; MODIFIER	c.8517agC>agY; c.8517agC>agT
17427	G	GT															6		6.0	1	GT	ORF1ab	orf1ab:p.5721V; orf1ab:p.5721-	synonymous_variant; coding_sequence_variant	LOW; MODIFIER	c.17163gtG>gtR; c.17163gtG>gtK; c.17163gtG>gtA; c.17163gtG>gtT; c.17163gtG>gtC
17535	T	TC								6									6.0	1	TC	ORF1ab	orf1ab:p.5757G; orf1ab:p.5757-	synonymous_variant; coding_sequence_variant	LOW; MODIFIER	c.17271ggT>ggC; c.17271ggT>ggY
17556	T	TA														7			7.0	1	TA	ORF1ab	orf1ab:p.5765C>X; orf1ab:p.5764-; orf1ab:p.5764T	synonymous_variant; coding_sequence_variant; frameshift_variant	LOW; MODIFIER; HIGH	c.17292acT>acA; c.17292acT>acC; c.17292acT>acG; c.17293-17294TGt>t; c.17292acT>acW; c.17292acT>acY
18486	C	CT																189	189.0	1	CT	ORF1ab	orf1ab:p.6074L; orf1ab:p.6074-	synonymous_variant; coding_sequence_variant	LOW; MODIFIER	c.18222ctC>ctY; c.18222ctC>ctG; c.18222ctC>ctA; c.18222ctC>ctM; c.18222ctC>ctT
18573	T	TC			97														97.0	1	TC	ORF1ab	orf1ab:p.6103-; orf1ab:p.6103S	synonymous_variant; coding_sequence_variant	LOW; MODIFIER	c.18309tcT>tcG; c.18309tcT>tcA; c.18309tcT>tcY; c.18309tcT>tcC
18911	A	AC													40				40.0	1	AC	ORF1ab	orf1ab:p.6216-; orf1ab:p.6216D>G; orf1ab:p.6216D>A	coding_sequence_variant; missense_variant	MODIFIER; MODERATE	c.18647gAc>gMc; c.18647gAc>gGc; c.18647gAc>gCc
19153	A	AT						7											7.0	1	AT	ORF1ab	orf1ab:p.6297T>S; orf1ab:p.6297T>A	missense_variant	MODERATE	c.18889Aca>Gca; c.18889Aca>Tca
19180	G	GT	9																9.0	1	GT	ORF1ab	orf1ab:p.6306V>I; orf1ab:p.6306V>L; orf1ab:p.6306-	missense_variant; coding_sequence_variant	MODERATE; MODIFIER	c.18916Gta>Tta; c.18916Gta>Ata; c.18916Gta>Kta; c.18916Gta>Rta
13873	A	AG																8	8.0	1	AG	ORF1ab	orf1ab:p.4537-; orf1ab:p.4537I>V; orf1ab:p.4537I>L	missense_variant; coding_sequence_variant	MODERATE; MODIFIER	c.13609Ata>Cta; c.13609Ata>Rta; c.13609Ata>Tta; c.13609Ata>Gta
13862	C	CT	130																130.0	1	CT	ORF1ab	orf1ab:p.4533-; orf1ab:p.4533T>I	coding_sequence_variant; missense_variant	MODIFIER; MODERATE	c.13598aCa>aYa; c.13598aCa>aTa; c.13598aCa>aSa
13541	C	CT								6									6.0	1	CT	ORF1ab	orf1ab:p.4426A>AX; orf1ab:p.4426-4427AF>AX; orf1ab:p.4426-; orf1ab:p.4426A>V; orf1ab:p.4426A>G	frameshift_variant; missense_variant; coding_sequence_variant	HIGH; MODERATE; MODIFIER	c.13277gCt>gTt; c.13277gCt>gGt; c.13277gCt>gCTt; c.13277gCt>gYt; c.13278-13279gcTTtt>gctt
13425	G	GA										13							13.0	1	GA	ORF1ab	orf1ab:p.4387R>H; orf1ab:p.4387R>L; orf1ab:p.4387-; orf1ab:p.4387R>P	missense_variant; coding_sequence_variant	MODERATE; MODIFIER	c.13160cGc>cAc; c.13160cGc>cRc; c.13160cGc>cCc; c.13160cGc>cTc
9001	T	TA									10								10.0	1	TA	ORF1ab	orf1ab:p.2912A; orf1ab:p.2913C>X; orf1ab:p.2912-	coding_sequence_variant; synonymous_variant; frameshift_variant	MODIFIER; LOW; HIGH	c.8736gcT>gcY; c.8737-8738TGt>t; c.8736gcT>gcC; c.8736gcT>gcA; c.8736gcT>gcG
9396	C	CT								7									7.0	1	CT	ORF1ab	orf1ab:p.3044-	coding_sequence_variant	MODIFIER	c.9131tCa>tYa
9731	T	TC						11											11.0	1	TC	ORF1ab	orf1ab:p.3156F>X; orf1ab:p.3156-; orf1ab:p.3156F>L	missense_variant; coding_sequence_variant; frameshift_variant	MODERATE; MODIFIER; HIGH	c.9466Ttc>Ytc; c.9467-9468tTC>t; c.9466Ttc>Ctc
10357	T	TC						9											9.0	1	TC	ORF1ab	orf1ab:p.3364Y>*; orf1ab:p.3364-; orf1ab:p.3364Y	synonymous_variant; coding_sequence_variant; stop_gained	LOW; MODIFIER; HIGH	c.10092taT>taG; c.10092taT>taY; c.10092taT>taC
10449	C	CT							528										528.0	1	CT	ORF1ab	orf1ab:p.3395-; orf1ab:p.3395P>L; orf1ab:p.3395P>H	missense_variant; coding_sequence_variant	MODERATE; MODIFIER	c.10184cCc>cAc; c.10184cCc>cTc; c.10184cCc>cYc
10605	C	CT									11								11.0	1	CT	ORF1ab	orf1ab:p.3447P>R; orf1ab:p.3447P>X; orf1ab:p.3447-; orf1ab:p.3447P>H; orf1ab:p.3447P>PX; orf1ab:p.3447P>L	missense_variant; coding_sequence_variant; frameshift_variant	MODERATE; MODIFIER; HIGH	c.10340cCt>cCTt; c.10340cCt>cYt; c.10340cCt>cGt; c.10340cCt>cAt; c.10340cCt>cTt; c.10341ccT>cc
11119	T	TC						22											22.0	1	TC	ORF1ab	orf1ab:p.3618I; orf1ab:p.3618-	synonymous_variant; coding_sequence_variant	LOW; MODIFIER	c.10854atT>atC; c.10854atT>atY
11266	G	GA					30												30.0	1	GA	ORF1ab	orf1ab:p.3667-; orf1ab:p.3667L; orf1ab:p.3668-3670DMV>-; orf1ab:p.3667L>F	inframe_deletion; missense_variant; synonymous_variant; coding_sequence_variant	MODERATE; LOW; MODIFIER	c.11001ttG>ttR; c.11002-11010GATATGGTT>-; c.11001ttG>ttT; c.11001ttG>ttK; c.11001ttG>ttC; c.11001ttG>ttA
11312	G	GA												5					5.0	1	GA	ORF1ab	orf1ab:p.3683V>F; orf1ab:p.3683V>I; orf1ab:p.3683-	missense_variant; coding_sequence_variant	MODERATE; MODIFIER	c.11047Gtt>Att; c.11047Gtt>Rtt; c.11047Gtt>Ttt
11669	C	CT																244	244.0	1	CT	ORF1ab	orf1ab:p.3802R>X; orf1ab:p.3802-; orf1ab:p.3802R>C; orf1ab:p.3802R>S; orf1ab:p.3802R>G	missense_variant; coding_sequence_variant; frameshift_variant	MODERATE; MODIFIER; HIGH	c.11404Cgc>Agc; c.11405cGc>cc; c.11404Cgc>Ggc; c.11404Cgc>Tgc; c.11404Cgc>Ygc
11779	C	CT													43				43.0	1	CT	ORF1ab	orf1ab:p.3838F>L; orf1ab:p.3838F; orf1ab:p.3838-; orf1ab:p.3839K>X	synonymous_variant; coding_sequence_variant; missense_variant; frameshift_variant	LOW; MODIFIER; MODERATE; HIGH	c.11514ttC>ttA; c.11514ttC>ttY; c.11515Aaa>aa; c.11514ttC>ttG; c.11514ttC>ttT
11812	C	CA							5										5.0	1	CA	ORF1ab	orf1ab:p.3849G>GX; orf1ab:p.3849G; orf1ab:p.3849-	coding_sequence_variant; synonymous_variant; frameshift_variant	MODIFIER; LOW; HIGH	c.11547ggC>ggT; c.11547ggC>ggM; c.11547ggC>ggY; c.11547ggC>ggCA; c.11547ggC>ggA
12420	C	CT						12											12.0	1	CT	ORF1ab	orf1ab:p.4052-; orf1ab:p.4052A>V; orf1ab:p.4052A>X	frameshift_variant; coding_sequence_variant; missense_variant	HIGH; MODIFIER; MODERATE	c.12155gCa>gTa; c.12156gcA>gc; c.12155gCa>gYa
12685	G	GT													46				46.0	1	GT	ORF1ab	orf1ab:p.4140-; orf1ab:p.4140Q>H; orf1ab:p.4140Q	missense_variant; coding_sequence_variant; synonymous_variant	MODERATE; MODIFIER; LOW	c.12420caG>caA; c.12420caG>caC; c.12420caG>caK; c.12420caG>caR; c.12420caG>caT
13038	C	CT		106															106.0	1	CT	ORF1ab	orf1ab:p.4258T>I; orf1ab:p.4258T>K; orf1ab:p.4258-	missense_variant; coding_sequence_variant	MODERATE; MODIFIER	c.12773aCa>aYa; c.12773aCa>aTa; c.12773aCa>aAa
13423	C	CA										12							12.0	1	CA	ORF1ab	orf1ab:p.4386L; orf1ab:p.4386-	synonymous_variant; coding_sequence_variant	LOW; MODIFIER	c.13158ctC>ctT; c.13158ctC>ctM; c.13158ctC>ctG; c.13158ctC>ctA; c.13158ctC>ctY
13424	C	CA										12							12.0	1	CA	ORF1ab	orf1ab:p.4387R>RX; orf1ab:p.4387R>C; orf1ab:p.4387R>S; orf1ab:p.4387-	missense_variant; coding_sequence_variant; frameshift_variant	MODERATE; MODIFIER; HIGH	c.13159Cgc>Mgc; c.13159Cgc>Tgc; c.13159Cgc>Agc; c.13159Cgc>Ygc; c.13159Cgc>CGgc
29742	G	GT											86						86.0	1	GT	3'UTR		downstream_gene_variant	MODIFIER,DISTANCE=ORF10:68; MODIFIER,DISTANCE=ORF10:69	
