Position	Reference	Sub	29	14	16	13	10	38	11	9	6	3	2	1	21	26	32	30	Avg	Count	Count (>= 0.8)	Editing Sub	Gene	Amino acids change	Annotation Type	Calculated variant consequences	Variation Codons
11083	G	GT	0.993	1.0	1.0	1.0	1.0	0.006		1.0			0.997		1.0	1.0	0.995	1.0	0.916	12	11	GT	orf1ab	QHD43415.1:p.3606-; QHD43415.1:p.3606L; QHD43415.1:p.3606L>F	coding_sequence_variant; synonymous_variant; missense_variant	MODIFIER; LOW; MODERATE	c.10818ttG>ttS; c.10818ttG>ttA; c.10818ttG>ttT; c.10818ttG>ttC; c.10818ttG>ttK
1659	G	GT	0.045	0.028				0.037	0.035	0.023	0.018	0.029	0.025	0.065		0.018	0.013	0.028	0.03	12	0	GT	orf1ab	QHD43415.1:p.465G>D; QHD43415.1:p.465G>V; QHD43415.1:p.465-	missense_variant; coding_sequence_variant	MODERATE; MODIFIER	c.1394gGt>gAt; c.1394gGt>gTt; c.1394gGt>gKt
1656	T	TA	0.03	0.028				0.026	0.033	0.02	0.014	0.02	0.017	0.044		0.014		0.023	0.024	11	0	TA					
6312	C	CA	1.0	0.995	1.0	1.0	1.0			1.0					1.0	1.0	1.0	1.0	1.0	10	10	CA	orf1ab	QHD43415.1:p.2016T>K; QHD43415.1:p.2016-; QHD43415.1:p.2016T>I; QHD43415.1:p.2016T>R	missense_variant; coding_sequence_variant	MODERATE; MODIFIER	c.6047aCa>aAa; c.6047aCa>aMa; c.6047aCa>aTa; c.6047aCa>aGa; c.6047aCa>aYa
23929	C	CT	1.0	1.0	0.957	1.0	1.0			1.0					0.962	1.0	0.991	0.998	0.991	10	10	CT	S	QHD43416.1:p.789Y; QHD43416.1:p.789-	synonymous_variant; coding_sequence_variant	LOW; MODIFIER	c.2367taC>taT; c.2367taC>taY
11952	A	AT						0.047	0.016	0.018	0.016	0.016	0.043	0.031		0.015	0.037	0.017	0.026	10	0	AT					
13730	C	CT	1.0	1.0	1.0	1.0	1.0			1.0					1.0	1.0	1.0	1.0	1.0	10	10	CT	orf1ab	QHD43415.1:p.4489A>V; QHD43415.1:p.4489-	missense_variant; coding_sequence_variant	MODERATE; MODIFIER	c.13466gCt>gTt; c.13466gCt>gYt
23554	A	AG						0.009	0.008	0.008	0.012	0.011	0.016			0.006	0.011	0.006	0.01	9	0	AG	S	QHD43416.1:p.664I>M	missense_variant	MODERATE	c.1992atA>atG
3467	G	GT						0.019	0.015	0.014	0.015	0.018	0.014			0.014	0.013	0.012	0.015	9	0	GT	orf1ab	QHD43415.1:p.1068G>*	stop_gained	HIGH	c.3202Gga>Tga
7723	G	GT						0.02	0.015	0.016	0.019	0.012	0.017			0.01	0.016	0.009	0.015	9	0	GT					
8853	G	GT						0.005	0.016	0.011	0.014	0.009	0.013			0.013		0.009	0.011	8	0	GT	orf1ab	QHD43415.1:p.2863-	coding_sequence_variant	MODIFIER	c.8588gGt>gKt
9502	C	CT		0.04				0.006	0.007	0.017	0.01	0.012				0.02		0.007	0.015	8	0	CT	orf1ab	QHD43415.1:p.3079A; QHD43415.1:p.3079-	synonymous_variant; coding_sequence_variant	LOW; MODIFIER	c.9237gcC>gcA; c.9237gcC>gcM; c.9237gcC>gcT; c.9237gcC>gcY
23616	G	GA						0.01	0.015	0.024	0.013	0.012	0.012				0.015	0.02	0.015	8	0	GA					
3500	A	AC	0.02					0.009		0.006	0.011		0.008	0.021		0.006		0.009	0.011	8	0	AC					
28319	A	AT						0.008	0.005	0.007	0.007					0.012		0.01	0.008	6	0	AT					
1647	T	TA						0.009	0.008	0.009		0.006	0.008					0.008	0.008	6	0	TA	orf1ab	QHD43415.1:p.461I>T	missense_variant	MODERATE	c.1382aTc>aCc
16514	A	AG						0.02		0.007	0.018					0.011	0.015	0.008	0.013	6	0	AG	orf1ab	QHD43415.1:p.5417Y>C	missense_variant	MODERATE	c.16250tAt>tGt
15198	T	TG						0.008	0.009	0.009	0.006	0.01						0.01	0.009	6	0	TG	orf1ab	QHD43415.1:p.4978T	synonymous_variant	LOW	c.14934acT>acC
23728	T	TC						0.009	0.01	0.005	0.008		0.012					0.005	0.008	6	0	TC	S	QHD43416.1:p.722V	synonymous_variant	LOW	c.2166gtT>gtA; c.2166gtT>gtC
15071	T	TA						0.011	0.008		0.006					0.01		0.006	0.008	5	0	TA	orf1ab	QHD43415.1:p.4936L>H; QHD43415.1:p.4936-	missense_variant; coding_sequence_variant	MODERATE; MODIFIER	c.14807cTt>cAt; c.14807cTt>cWt
19524	C	CT		0.054						0.031					0.537		0.018	0.343	0.197	5	0	CT	orf1ab	QHD43415.1:p.6420L; QHD43415.1:p.6420-	synonymous_variant; coding_sequence_variant	LOW; MODIFIER	c.19260ctC>ctT; c.19260ctC>ctY
18402	T	TA						0.015		0.017	0.013	0.017						0.011	0.015	5	0	TA	orf1ab	QHD43415.1:p.6046P	synonymous_variant	LOW	c.18138ccT>ccA; c.18138ccT>ccC
10481	G	GA						0.012	0.017		0.009					0.016		0.008	0.012	5	0	GA	orf1ab	QHD43415.1:p.3406G>S	missense_variant	MODERATE	c.10216Ggt>Agt
10619	C	CA						0.007	0.016	0.011	0.007	0.012							0.011	5	0	CA	orf1ab	QHD43415.1:p.3452Q>K; QHD43415.1:p.3452-	missense_variant; coding_sequence_variant	MODERATE; MODIFIER	c.10354Caa>Aaa; c.10354Caa>Maa
3078	A	AC						0.009	0.007		0.016	0.009				0.013			0.011	5	0	AC	orf1ab	QHD43415.1:p.938E>V; QHD43415.1:p.938E>G	missense_variant	MODERATE	c.2813gAa>gTa; c.2813gAa>gGa
11151	T	TA						0.01		0.008	0.006		0.01					0.006	0.008	5	0	TA	orf1ab	QHD43415.1:p.3629V>D	missense_variant	MODERATE	c.10886gTc>gAc
1644	A	AC						0.011	0.009	0.008						0.01		0.007	0.009	5	0	AC	orf1ab	QHD43415.1:p.460N>X	frameshift_variant	HIGH	c.1380aaC>aa
11159	A	AC						0.007		0.005			0.008				0.013	0.006	0.008	5	0	AC	orf1ab	QHD43415.1:p.3632K>*	stop_gained	HIGH	c.10894Aag>Tag
1730	G	GA							0.006	0.009	0.013	0.008	0.01						0.009	5	0	GA	orf1ab	QHD43415.1:p.489E>K; QHD43415.1:p.489-	missense_variant; coding_sequence_variant	MODERATE; MODIFIER	c.1465Gaa>Aaa; c.1465Gaa>Raa
22436	G	GA						0.012		0.012	0.014		0.023					0.007	0.014	5	0	GA	S	QHD43416.1:p.292A>S; QHD43416.1:p.292-	missense_variant; coding_sequence_variant	MODERATE; MODIFIER	c.874Gca>Tca; c.874Gca>Rca
6310	C	CA		0.049						0.04					0.652		0.025	0.337	0.221	5	0	CA	orf1ab	QHD43415.1:p.2015S>R; QHD43415.1:p.2015-; QHD43415.1:p.2015S; QHD43415.1:p.2015S>SX	missense_variant; coding_sequence_variant; synonymous_variant; frameshift_variant	MODERATE; MODIFIER; LOW; HIGH	c.6045agC>agA; c.6045agC>agM; c.6045agC>agT; c.6045agC>agG; c.6045agC>agCA; c.6045agC>agY
14408	C	CT							1.0		1.0	1.0		1.0					1.0	4	4	CT	orf1ab	QHD43415.1:p.4715P>H; QHD43415.1:p.4715P>L; QHD43415.1:p.4715-	missense_variant; coding_sequence_variant	MODERATE; MODIFIER	c.14144cCt>cAt; c.14144cCt>cTt; c.14144cCt>cYt
21101	G	GT						0.016	0.007		0.005							0.01	0.01	4	0	GT	orf1ab	QHD43415.1:p.6946G>D; QHD43415.1:p.6946-	missense_variant; coding_sequence_variant	MODERATE; MODIFIER	c.20837gGt>gAt; c.20837gGt>gKt
23403	A	AG							1.0		1.0	1.0		1.0					1.0	4	4	AG	S	QHD43416.1:p.614D>A; QHD43416.1:p.614-; QHD43416.1:p.614D>G	missense_variant; coding_sequence_variant	MODERATE; MODIFIER	c.1841gAt>gCt; c.1841gAt>gRt; c.1841gAt>gGt
241	C	CT							1.0		0.998	1.0		1.0					1.0	4	4	CT	5'UTR	QHD43415.1	upstream_gene_variant	MODIFIER,DISTANCE=24	
19554	C	CT									0.006	0.007	0.006			0.012			0.008	4	0	CT	orf1ab	QHD43415.1:p.6430-; QHD43415.1:p.6430G	coding_sequence_variant; synonymous_variant	MODIFIER; LOW	c.19290ggC>ggM; c.19290ggC>ggT; c.19290ggC>ggY
3037	C	CT							1.0		1.0	1.0		1.0					1.0	4	4	CT	orf1ab	QHD43415.1:p.924F; QHD43415.1:p.924-	synonymous_variant; coding_sequence_variant	LOW; MODIFIER	c.2772ttC>ttT; c.2772ttC>ttK; c.2772ttC>ttY
29003	C	CA							0.012	0.006		0.009				0.018			0.011	4	0	CA	N	QHD43423.2:p.244Q>K	missense_variant	MODERATE	c.730Caa>Aaa
25563	G	GT							0.999		1.0	1.0							1.0	3	3	GT	ORF3a	QHD43417.1:p.57Q; QHD43417.1:p.57Q>H; QHD43417.1:p.57-	synonymous_variant; missense_variant; coding_sequence_variant	LOW; MODERATE; MODIFIER	c.171caG>caA; c.171caG>caT; c.171caG>caC; c.171caG>caR; c.171caG>caK
19593	C	CA						0.008	0.008		0.006								0.007	3	0	CA	orf1ab	QHD43415.1:p.6443N; QHD43415.1:p.6443-	synonymous_variant; coding_sequence_variant	LOW; MODIFIER	c.19329aaC>aaT; c.19329aaC>aaY
823	C	CT									0.012	0.013						0.006	0.01	3	0	CT	orf1ab	QHD43415.1:p.186V; QHD43415.1:p.186-	synonymous_variant; coding_sequence_variant	LOW; MODIFIER	c.558gtC>gtT; c.558gtC>gtY
19406	G	GA							0.012		0.008	0.016							0.012	3	0	GA	orf1ab	QHD43415.1:p.6381G>E; QHD43415.1:p.6381-	missense_variant; coding_sequence_variant	MODERATE; MODIFIER	c.19142gGa>gAa; c.19142gGa>gRa
11490	C	CG						0.008		0.007		0.011							0.009	3	0	CG	orf1ab	QHD43415.1:p.3742-; QHD43415.1:p.3742S>C	coding_sequence_variant; missense_variant	MODIFIER; MODERATE	c.11225tCt>tMt; c.11225tCt>tGt
15559	C	CT								0.006	0.005	0.013							0.008	3	0	CT					
21417	A	AT						0.006	0.006		0.011								0.008	3	0	AT	orf1ab	QHD43415.1:p.7051K>N; QHD43415.1:p.7051K	missense_variant; synonymous_variant	MODERATE; LOW	c.21153aaA>aaT; c.21153aaA>aaG
25408	A	AT						0.005			0.005		0.012						0.007	3	0	AT	ORF3a	QHD43417.1:p.6R	synonymous_variant	LOW	c.16Aga>Cga
20564	C	CT						0.013			0.006								0.01	2	0	CT					
906	C	CT									0.007	0.015							0.011	2	0	CT	orf1ab	QHD43415.1:p.214T>I; QHD43415.1:p.214-	missense_variant; coding_sequence_variant	MODERATE; MODIFIER	c.641aCt>aTt; c.641aCt>aYt
17561	G	GT											0.012			0.009			0.01	2	0	GT	orf1ab	QHD43415.1:p.5766R>Q; QHD43415.1:p.5766R>L; QHD43415.1:p.5766-	missense_variant; coding_sequence_variant	MODERATE; MODIFIER	c.17297cGg>cAg; c.17297cGg>cTg; c.17297cGg>cRg
11511	C	CG						0.011			0.005								0.008	2	0	CG	orf1ab	QHD43415.1:p.3749T>I; QHD43415.1:p.3749T>R	missense_variant	MODERATE	c.11246aCa>aTa; c.11246aCa>aGa
27864	C	CA						0.007			0.005								0.006	2	0	CA	Intergenic	QHD43422.1	upstream_gene_variant	MODIFIER,DISTANCE=30	
21792	A	AT	0.126															0.182	0.154	2	0	AT	S	QHD43416.1:p.77K>M	missense_variant	MODERATE	c.230aAg>aTg
28854	C	CT									0.999	1.0							1.0	2	2	CT	N	QHD43423.2:p.194S>L; QHD43423.2:p.194-	missense_variant; coding_sequence_variant	MODERATE; MODIFIER	c.581tCa>tTa; c.581tCa>tYa
22444	C	CT									1.0	0.997							0.998	2	2	CT	S	QHD43416.1:p.294D; QHD43416.1:p.294-	synonymous_variant; coding_sequence_variant	LOW; MODIFIER	c.882gaC>gaT; c.882gaC>gaY
10039	C	CT									1.0	0.346							0.673	2	1	CT	orf1ab	QHD43415.1:p.3258T; QHD43415.1:p.3258-	synonymous_variant; coding_sequence_variant	LOW; MODIFIER	c.9774acC>acA; c.9774acC>acT; c.9774acC>acY
24858	G	GA							0.005				0.008						0.007	2	0	GA	S	QHD43416.1:p.1099G>D	missense_variant	MODERATE	c.3296gGc>gAc
17902	T	TG						0.006			0.006								0.006	2	0	TG					
26735	C	CT									0.999	0.999							0.999	2	2	CT	M	QHD43419.1:p.71Y; QHD43419.1:p.71-	synonymous_variant; coding_sequence_variant	LOW; MODIFIER	c.213taC>taT; c.213taC>taY
19669	G	GA															0.015	0.11	0.062	2	0	GA	orf1ab	QHD43415.1:p.6469G>R; QHD43415.1:p.6469-	missense_variant; coding_sequence_variant	MODERATE; MODIFIER	c.19405Gga>Aga; c.19405Gga>Rga
13225	C	CT											0.025			0.011			0.018	2	0	CT	orf1ab	QHD43415.1:p.4320S; QHD43415.1:p.4320-	synonymous_variant; coding_sequence_variant	LOW; MODIFIER	c.12960tcC>tcT; c.12960tcC>tcG; c.12960tcC>tcY
19983	C	CT									0.006	0.01							0.008	2	0	CT	orf1ab	QHD43415.1:p.6573V; QHD43415.1:p.6573-	synonymous_variant; coding_sequence_variant	LOW; MODIFIER	c.19719gtC>gtT; c.19719gtC>gtY
19025	T	TA									0.005							0.006	0.006	2	0	TA	orf1ab	QHD43415.1:p.6254L>H	missense_variant	MODERATE	c.18761cTt>cAt
5765	G	GA						0.01			0.013								0.012	2	0	GA	orf1ab	QHD43415.1:p.1834-	coding_sequence_variant	MODIFIER	c.5500Ggt>Rgt
5766	G	GC						0.011			0.01								0.01	2	0	GC	orf1ab	QHD43415.1:p.1834-	coding_sequence_variant	MODIFIER	c.5501gGt>gSt
29614	C	CT									0.008				0.064				0.036	2	0	CT	ORF10	QHI42199.1:p.19C; QHI42199.1:p.19-	synonymous_variant; coding_sequence_variant	LOW; MODIFIER	c.57tgC>tgT; c.57tgC>tgY
6081	A	AG													0.397		0.16		0.278	2	0	AG	orf1ab	QHD43415.1:p.1939-; QHD43415.1:p.1939D>G	coding_sequence_variant; missense_variant	MODIFIER; MODERATE	c.5816gAt>gMt; c.5816gAt>gRt; c.5816gAt>gGt
18877	C	CT									1.0	1.0							1.0	2	2	CT	orf1ab	QHD43415.1:p.6205L; QHD43415.1:p.6205-	synonymous_variant; coding_sequence_variant	LOW; MODIFIER	c.18613Cta>Tta; c.18613Cta>Yta
26654	G	GT							0.007		0.008								0.008	2	0	GT	M	QHD43419.1:p.45-47FLY>-	inframe_deletion	MODERATE	c.133-141TTTTTGTAT>-
28214	C	CT							0.005		0.007								0.006	2	0	CT	ORF8	QHD43422.1:p.107D>E; QHD43422.1:p.107D	missense_variant; synonymous_variant	MODERATE; LOW	c.321gaC>gaA; c.321gaC>gaT
1707	C	CT		0.067						0.029									0.048	2	0	CT	orf1ab	QHD43415.1:p.481S>Y; QHD43415.1:p.481S>F; QHD43415.1:p.481-	missense_variant; coding_sequence_variant	MODERATE; MODIFIER	c.1442tCt>tAt; c.1442tCt>tTt; c.1442tCt>tYt
22458	C	CT									0.998								0.998	1	1	CT	S	QHD43416.1:p.299-; QHD43416.1:p.299T>I	coding_sequence_variant; missense_variant	MODIFIER; MODERATE	c.896aCa>aMa; c.896aCa>aTa; c.896aCa>aYa
22992	G	GA	0.048																0.048	1	0	GA	S	QHD43416.1:p.477-; QHD43416.1:p.477S>N; QHD43416.1:p.477S>I; QHD43416.1:p.477S>T	coding_sequence_variant; missense_variant	MODIFIER; MODERATE	c.1430aGc>aSc; c.1430aGc>aAc; c.1430aGc>aTc; c.1430aGc>aCc; c.1430aGc>aKc; c.1430aGc>aRc
28657	C	CT						1.0											1.0	1	1	CT	N	QHD43423.2:p.128D; QHD43423.2:p.128-	synonymous_variant; coding_sequence_variant	LOW; MODIFIER	c.384gaC>gaT; c.384gaC>gaY
23275	C	CT						0.006											0.006	1	0	CT	S	QHD43416.1:p.571D>E; QHD43416.1:p.571D	missense_variant; synonymous_variant	MODERATE; LOW	c.1713gaC>gaA; c.1713gaC>gaT
23132	G	GT						0.008											0.008	1	0	GT					
28688	T	TC											1.0						1.0	1	1	TC	N	QHD43423.2:p.139L; QHD43423.2:p.139L>V; QHD43423.2:p.139-	synonymous_variant; missense_variant; coding_sequence_variant	LOW; MODERATE; MODIFIER	c.415Ttg>Ctg; c.415Ttg>Gtg; c.415Ttg>Ytg
27383	A	AT																0.01	0.01	1	0	AT	ORF6	QHD43420.1:p.61-; QHD43420.1:p.61D>V; QHD43420.1:p.61D>G	coding_sequence_variant; missense_variant	MODIFIER; MODERATE	c.182gAt>gWt; c.182gAt>gTt; c.182gAt>gGt
29402	G	GT															0.057		0.057	1	0	GT	N	QHD43423.2:p.377D>Y; QHD43423.2:p.377D>H; QHD43423.2:p.377-	missense_variant; coding_sequence_variant	MODERATE; MODIFIER	c.1129Gat>Tat; c.1129Gat>Cat; c.1129Gat>Kat
22329	C	CT														0.019			0.019	1	0	CT	S	QHD43416.1:p.256S>L; QHD43416.1:p.256-	missense_variant; coding_sequence_variant	MODERATE; MODIFIER	c.767tCa>tTa; c.767tCa>tYa
22062	C	CT									0.01								0.01	1	0	CT	S	QHD43416.1:p.167-	coding_sequence_variant	MODIFIER	c.500aCt>aYt
21949	A	AC						0.008											0.008	1	0	AC	S	QHD43416.1:p.129-; QHD43416.1:p.129K>N	coding_sequence_variant; missense_variant	MODIFIER; MODERATE	c.387aaA>aaM; c.387aaA>aaC
28863	C	CT						0.999											0.999	1	1	CT	N	QHD43423.2:p.197S>L; QHD43423.2:p.197-	missense_variant; coding_sequence_variant	MODERATE; MODIFIER	c.590tCa>tTa; c.590tCa>tYa
21768	A	AC						0.006											0.006	1	0	AC	S	QHD43416.1:p.69H>R	missense_variant	MODERATE	c.206cAt>cGt
23393	C	CT										0.013							0.013	1	0	CT	S	QHD43416.1:p.611L>F; QHD43416.1:p.611-	missense_variant; coding_sequence_variant	MODERATE; MODIFIER	c.1831Ctt>Ttt; c.1831Ctt>Ytt
21440	C	CT									0.006								0.006	1	0	CT	orf1ab	QHD43415.1:p.7059S>F; QHD43415.1:p.7059-	missense_variant; coding_sequence_variant	MODERATE; MODIFIER	c.21176tCt>tTt; c.21176tCt>tYt
21058	C	CT																0.01	0.01	1	0	CT	orf1ab	QHD43415.1:p.6932P>T; QHD43415.1:p.6932P>S; QHD43415.1:p.6932-	missense_variant; coding_sequence_variant	MODERATE; MODIFIER	c.20794Cct>Act; c.20794Cct>Tct; c.20794Cct>Yct
20284	A	AG																0.012	0.012	1	0	AG	orf1ab	QHD43415.1:p.6674-; QHD43415.1:p.6674I>F; QHD43415.1:p.6674I>V	coding_sequence_variant; missense_variant	MODIFIER; MODERATE	c.20020Att>Wtt; c.20020Att>Ttt; c.20020Att>Gtt
20238	G	GT												0.026					0.026	1	0	GT	orf1ab	QHD43415.1:p.6658R>S; QHD43415.1:p.6658-	missense_variant; coding_sequence_variant	MODERATE; MODIFIER	c.19974agG>agT; c.19974agG>agK
20032	C	CT											0.011						0.011	1	0	CT	orf1ab	QHD43415.1:p.6590R>C	missense_variant	MODERATE	c.19768Cgt>Tgt
19861	G	GA											1.0						1.0	1	1	GA	orf1ab	QHD43415.1:p.6533A>T; QHD43415.1:p.6533A>S; QHD43415.1:p.6533-	missense_variant; coding_sequence_variant	MODERATE; MODIFIER	c.19597Gct>Act; c.19597Gct>Tct; c.19597Gct>Kct
19679	G	GT									0.006								0.006	1	0	GT	orf1ab	QHD43415.1:p.6472G>V; QHD43415.1:p.6472-	missense_variant; coding_sequence_variant	MODERATE; MODIFIER	c.19415gGt>gTt; c.19415gGt>gKt
23277	C	CT																0.042	0.042	1	0	CT	S	QHD43416.1:p.572-; QHD43416.1:p.572T>I	coding_sequence_variant; missense_variant	MODIFIER; MODERATE	c.1715aCt>aMt; c.1715aCt>aTt; c.1715aCt>aYt
28141	G	GT														0.159			0.159	1	0	GT	ORF8	QHD43422.1:p.83C>F	missense_variant	MODERATE	c.248tGt>tTt
28368	G	GA									0.009								0.009	1	0	GA	N	QHD43423.2:p.32R>H; QHD43423.2:p.32R>L	missense_variant	MODERATE	c.95cGc>cAc; c.95cGc>cTc
27384	T	TC																0.01	0.01	1	0	TC	ORF6	QHD43420.1:p.61D; QHD43420.1:p.61-	synonymous_variant; coding_sequence_variant	LOW; MODIFIER	c.183gaT>gaC; c.183gaT>gaY
25504	C	CT						0.005											0.005	1	0	CT	ORF3a	QHD43417.1:p.38Q>K; QHD43417.1:p.38Q>*; QHD43417.1:p.38Q>E	missense_variant; stop_gained	MODERATE; HIGH	c.112Caa>Aaa; c.112Caa>Taa; c.112Caa>Gaa
27562	A	AG																0.059	0.059	1	0	AG	ORF7a	QHD43421.1:p.57T>S; QHD43421.1:p.57T>A	missense_variant	MODERATE	c.169Act>Tct; c.169Act>Gct
25642	C	CT												1.0					1.0	1	1	CT	ORF3a	QHD43417.1:p.84L; QHD43417.1:p.84-	synonymous_variant; coding_sequence_variant	LOW; MODIFIER	c.250Ctg>Ttg; c.250Ctg>Ytg
25951	G	GT									0.005								0.005	1	0	GT	ORF3a	QHD43417.1:p.187G>S; QHD43417.1:p.187G>C	missense_variant	MODERATE	c.559Ggt>Agt; c.559Ggt>Tgt
25979	G	GT						1.0											1.0	1	1	GT	ORF3a	QHD43417.1:p.196G>V; QHD43417.1:p.196-	missense_variant; coding_sequence_variant	MODERATE; MODIFIER	c.587gGa>gTa; c.587gGa>gKa
26596	G	GT									0.007								0.007	1	0	GT	M	QHD43419.1:p.25G>V; QHD43419.1:p.25-	missense_variant; coding_sequence_variant	MODERATE; MODIFIER	c.74gGt>gTt; c.74gGt>gKt
27481	C	CT														0.006			0.006	1	0	CT	ORF7a	QHD43421.1:p.30L>I	missense_variant	MODERATE	c.88Ctt>Att
26801	C	CT						0.011											0.011	1	0	CT	M	QHD43419.1:p.93-; QHD43419.1:p.93L	coding_sequence_variant; synonymous_variant	MODIFIER; LOW	c.279ctC>ctS; c.279ctC>ctA; c.279ctC>ctT; c.279ctC>ctG; c.279ctC>ctY
23525	C	CT															0.058		0.058	1	0	CT	S	QHD43416.1:p.655H>Y; QHD43416.1:p.655-	missense_variant; coding_sequence_variant	MODERATE; MODIFIER	c.1963Cat>Tat; c.1963Cat>Yat
26992	G	GA									0.005								0.005	1	0	GA					
27011	C	CT												0.02					0.02	1	0	CT	M	QHD43419.1:p.163-; QHD43419.1:p.163D	coding_sequence_variant; synonymous_variant	MODIFIER; LOW	c.489gaC>gaM; c.489gaC>gaT
27213	C	CT															0.121		0.121	1	0	CT	ORF6	QHD43420.1:p.4L; QHD43420.1:p.4-	synonymous_variant; coding_sequence_variant	LOW; MODIFIER	c.12ctC>ctT; c.12ctC>ctY
27344	A	AT						0.01											0.01	1	0	AT	ORF6	QHD43420.1:p.48K>I; QHD43420.1:p.48K>R	missense_variant	MODERATE	c.143aAa>aTa; c.143aAa>aGa
27345	A	AT						0.01											0.01	1	0	AT	ORF6	QHD43420.1:p.48K>N	missense_variant	MODERATE	c.144aaA>aaT
27354	A	AG						0.011											0.011	1	0	AG	ORF6	QHD43420.1:p.51Q	synonymous_variant	LOW	c.153caA>caG
27358	G	GT					0.102												0.102	1	0	GT	ORF6	QHD43420.1:p.53D>Y; QHD43420.1:p.53-	missense_variant; coding_sequence_variant	MODERATE; MODIFIER	c.157Gat>Tat; c.157Gat>Kat
25461	T	TC											1.0						1.0	1	1	TC	ORF3a	QHD43417.1:p.23A	synonymous_variant	LOW	c.69gcT>gcC
25413	C	CT						0.035											0.035	1	0	CT	ORF3a	QHD43417.1:p.7I; QHD43417.1:p.7-	synonymous_variant; coding_sequence_variant	LOW; MODIFIER	c.21atC>atT; c.21atC>atY
25350	C	CT												0.995					0.995	1	1	CT	S	QHD43416.1:p.1263P>Q; QHD43416.1:p.1263P>L; QHD43416.1:p.1263-	missense_variant; coding_sequence_variant	MODERATE; MODIFIER	c.3788cCa>cAa; c.3788cCa>cTa; c.3788cCa>cYa
27847	C	CT															0.082		0.082	1	0	CT	Intergenic	QHD43422.1:p.?-112-	coding_sequence_variant,5_prime_UTR_variant	MODIFIER	c.?-336-
28314	G	GT							0.011										0.011	1	0	GT	N	QHD43423.2:p.14R>H; QHD43423.2:p.14R>L; QHD43423.2:p.14-	missense_variant; coding_sequence_variant	MODERATE; MODIFIER	c.41cGc>cAc; c.41cGc>cTc; c.41cGc>cKc
28144	T	TC						1.0											1.0	1	1	TC	ORF8	QHD43422.1:p.84L>S; QHD43422.1:p.84L>*; QHD43422.1:p.84-	missense_variant; stop_gained; coding_sequence_variant	MODERATE; HIGH; MODIFIER	c.251tTa>tCa; c.251tTa>tGa; c.251tTa>tYa
23771	G	GC								0.006									0.006	1	0	GC	S	QHD43416.1:p.737D>Y	missense_variant	MODERATE	c.2209Gat>Tat
27382	G	GC																0.01	0.01	1	0	GC	ORF6	QHD43420.1:p.61D>N; QHD43420.1:p.61-; QHD43420.1:p.61D>Y; QHD43420.1:p.61D>H	missense_variant; coding_sequence_variant	MODERATE; MODIFIER	c.181Gat>Aat; c.181Gat>Sat; c.181Gat>Tat; c.181Gat>Cat; c.181Gat>Kat
24223	C	CT								0.005									0.005	1	0	CT	S	QHD43416.1:p.887T; QHD43416.1:p.887-	synonymous_variant; coding_sequence_variant	LOW; MODIFIER	c.2661acC>acT; c.2661acC>acY
24700	C	CT								0.019									0.019	1	0	CT	S	QHD43416.1:p.1046G	synonymous_variant	LOW	c.3138ggC>ggA; c.3138ggC>ggT
28135	T	TG						0.012											0.012	1	0	TG	ORF8	QHD43422.1:p.81V>A; QHD43422.1:p.81-	missense_variant; coding_sequence_variant	MODERATE; MODIFIER	c.242gTt>gCt; c.242gTt>gYt
28089	G	GA								0.547									0.547	1	0	GA	ORF8	QHD43422.1:p.66-68GSK>*; QHD43422.1:p.66-68GSK>E; QHD43422.1:p.66G>S; QHD43422.1:p.66G>C; QHD43422.1:p.66-	stop_gained; inframe_deletion; missense_variant; coding_sequence_variant	HIGH; MODERATE; MODIFIER	c.196-202GGTTCTAaa>Taa; c.196-202GGTTCTAaa>Gaa; c.196Ggt>Agt; c.196Ggt>Tgt; c.196Ggt>Kgt; c.196Ggt>Rgt
28038	G	GA						0.007											0.007	1	0	GA					
24933	G	GT									0.006								0.006	1	0	GT	S	QHD43416.1:p.1124G>V; QHD43416.1:p.1124-	missense_variant; coding_sequence_variant	MODERATE; MODIFIER	c.3371gGt>gTt; c.3371gGt>gKt
28019	T	TC							0.006										0.006	1	0	TC	ORF8	QHD43422.1:p.42Y; QHD43422.1:p.42-	synonymous_variant; coding_sequence_variant	LOW; MODIFIER	c.126taT>taC; c.126taT>taY
24937	C	CA														0.013			0.013	1	0	CA	S	QHD43416.1:p.1125N	synonymous_variant	LOW	c.3375aaC>aaT
25047	C	CT																0.14	0.14	1	0	CT	S	QHD43416.1:p.1162P>Q; QHD43416.1:p.1162-; QHD43416.1:p.1162P>L; QHD43416.1:p.1162P>R	missense_variant; coding_sequence_variant	MODERATE; MODIFIER	c.3485cCa>cAa; c.3485cCa>cSa; c.3485cCa>cTa; c.3485cCa>cGa; c.3485cCa>cYa
25160	C	CT										0.006							0.006	1	0	CT	S	QHD43416.1:p.1200L>F; QHD43416.1:p.1200-	missense_variant; coding_sequence_variant	MODERATE; MODIFIER	c.3598Ctc>Ttc; c.3598Ctc>Ytc
25171	T	TG															0.044		0.044	1	0	TG	S	QHD43416.1:p.1203L	synonymous_variant	LOW	c.3609ctT>ctC
25315	A	AT						0.006											0.006	1	0	AT	S	QHD43416.1:p.1251G	synonymous_variant	LOW	c.3753ggA>ggG
16286	G	GA											0.012						0.012	1	0	GA					
19333	G	GT														0.044			0.044	1	0	GT	orf1ab	QHD43415.1:p.6357-	coding_sequence_variant	MODIFIER	c.19069Gat>Rat
4950	T	TC							0.008										0.008	1	0	TC	orf1ab	QHD43415.1:p.1562L>S; QHD43415.1:p.1562-	missense_variant; coding_sequence_variant	MODERATE; MODIFIER	c.4685tTg>tCg; c.4685tTg>tKg
3668	T	TG						0.006											0.006	1	0	TG	orf1ab	QHD43415.1:p.1135Y>N; QHD43415.1:p.1135Y>D	missense_variant	MODERATE	c.3403Tat>Aat; c.3403Tat>Gat
3671	G	GT						0.005											0.005	1	0	GT	orf1ab	QHD43415.1:p.1136E>K; QHD43415.1:p.1136E>*; QHD43415.1:p.1136-	missense_variant; stop_gained; coding_sequence_variant	MODERATE; HIGH; MODIFIER	c.3406Gaa>Aaa; c.3406Gaa>Taa; c.3406Gaa>Raa
3817	C	CT																0.168	0.168	1	0	CT	orf1ab	QHD43415.1:p.1184D>E; QHD43415.1:p.1184-; QHD43415.1:p.1184D	missense_variant; coding_sequence_variant; synonymous_variant	MODERATE; MODIFIER; LOW	c.3552gaC>gaA; c.3552gaC>gaM; c.3552gaC>gaT; c.3552gaC>gaY
4095	C	CT									0.008								0.008	1	0	CT	orf1ab	QHD43415.1:p.1277T>I	missense_variant	MODERATE	c.3830aCt>aTt
4102	A	AT																0.006	0.006	1	0	AT	orf1ab	QHD43415.1:p.1279L	synonymous_variant	LOW	c.3837ttA>ttG
4319	G	GC									0.006								0.006	1	0	GC	orf1ab	QHD43415.1:p.1352A>T; QHD43415.1:p.1352-	missense_variant; coding_sequence_variant	MODERATE; MODIFIER	c.4054Gcc>Acc; c.4054Gcc>Rcc
4475	C	CT									0.006								0.006	1	0	CT	orf1ab	QHD43415.1:p.1404R>C; QHD43415.1:p.1404-	missense_variant; coding_sequence_variant	MODERATE; MODIFIER	c.4210Cgt>Tgt; c.4210Cgt>Ygt
4582	C	CT															0.082		0.082	1	0	CT	orf1ab	QHD43415.1:p.1439N; QHD43415.1:p.1439-	synonymous_variant; coding_sequence_variant	LOW; MODIFIER	c.4317aaC>aaT; c.4317aaC>aaY
5372	A	AG														0.008			0.008	1	0	AG					
3181	A	AT														0.012			0.012	1	0	AT	orf1ab	QHD43415.1:p.972-; QHD43415.1:p.972E>D; QHD43415.1:p.972E	coding_sequence_variant; missense_variant; synonymous_variant	MODIFIER; MODERATE; LOW	c.2916gaA>gaW; c.2916gaA>gaT; c.2916gaA>gaG
6309	G	GA																0.009	0.009	1	0	GA	orf1ab	QHD43415.1:p.2015S>N; QHD43415.1:p.2015S>I; QHD43415.1:p.2015S>T; QHD43415.1:p.2015-	missense_variant; coding_sequence_variant	MODERATE; MODIFIER	c.6044aGc>aAc; c.6044aGc>aTc; c.6044aGc>aCc; c.6044aGc>aKc; c.6044aGc>aRc
6310	C	CT															0.037		0.037	1	0	CT	orf1ab	QHD43415.1:p.2015S>R; QHD43415.1:p.2015-; QHD43415.1:p.2015S; QHD43415.1:p.2015S>SX	missense_variant; coding_sequence_variant; synonymous_variant; frameshift_variant	MODERATE; MODIFIER; LOW; HIGH	c.6045agC>agA; c.6045agC>agM; c.6045agC>agT; c.6045agC>agG; c.6045agC>agCA; c.6045agC>agY
6622	G	GA									0.006								0.006	1	0	GA	orf1ab	QHD43415.1:p.2119L>F; QHD43415.1:p.2119-	missense_variant; coding_sequence_variant	MODERATE; MODIFIER	c.6357ttG>ttT; c.6357ttG>ttC; c.6357ttG>ttR
6696	C	CT									0.014								0.014	1	0	CT	orf1ab	QHD43415.1:p.2144P>L; QHD43415.1:p.2144P>PX; QHD43415.1:p.2144-	missense_variant; frameshift_variant; coding_sequence_variant	MODERATE; HIGH; MODIFIER	c.6431cCt>cTt; c.6431cCt>cCTt; c.6431cCt>cYt
6861	C	CT								0.015									0.015	1	0	CT	orf1ab	QHD43415.1:p.2199A>V; QHD43415.1:p.2199-	missense_variant; coding_sequence_variant	MODERATE; MODIFIER	c.6596gCa>gTa; c.6596gCa>gYa
7164	C	CT			0.111														0.111	1	0	CT	orf1ab	QHD43415.1:p.2300T>I; QHD43415.1:p.2300-	missense_variant; coding_sequence_variant	MODERATE; MODIFIER	c.6899aCc>aTc; c.6899aCc>aYc
7621	T	TC																0.011	0.011	1	0	TC	orf1ab	QHD43415.1:p.2452C	synonymous_variant	LOW	c.7356tgT>tgC
8516	G	GA						0.005											0.005	1	0	GA	orf1ab	QHD43415.1:p.2751V>I	missense_variant	MODERATE	c.8251Gtt>Att
3564	G	GT													0.079				0.079	1	0	GT	orf1ab	QHD43415.1:p.1100G>V; QHD43415.1:p.1100-	missense_variant; coding_sequence_variant	MODERATE; MODIFIER	c.3299gGt>gTt; c.3299gGt>gKt
3180	A	AT														0.012			0.012	1	0	AT	orf1ab	QHD43415.1:p.972-; QHD43415.1:p.972E>V; QHD43415.1:p.972E>A	coding_sequence_variant; missense_variant	MODIFIER; MODERATE	c.2915gAa>gWa; c.2915gAa>gTa; c.2915gAa>gCa
19231	G	GT							0.008										0.008	1	0	GT	orf1ab	QHD43415.1:p.6323V>I	missense_variant	MODERATE	c.18967Gtt>Att
1392	C	CT									0.02								0.02	1	0	CT	orf1ab	QHD43415.1:p.376S>L	missense_variant	MODERATE	c.1127tCa>tTa
884	C	CT											1.0						1.0	1	1	CT	orf1ab	QHD43415.1:p.207R>S; QHD43415.1:p.207R>C; QHD43415.1:p.207R>G; QHD43415.1:p.207-	missense_variant; coding_sequence_variant	MODERATE; MODIFIER	c.619Cgt>Agt; c.619Cgt>Tgt; c.619Cgt>Ggt; c.619Cgt>Ygt
925	C	CT								0.005									0.005	1	0	CT	orf1ab	QHD43415.1:p.220D	synonymous_variant	LOW	c.660gaC>gaT
1018	G	GT									0.005								0.005	1	0	GT	orf1ab	QHD43415.1:p.251L; QHD43415.1:p.251-	synonymous_variant; coding_sequence_variant	LOW; MODIFIER	c.753ttG>ttA; c.753ttG>ttK
1059	C	CT							1.0										1.0	1	1	CT	orf1ab	QHD43415.1:p.265T>I; QHD43415.1:p.265-	missense_variant; coding_sequence_variant	MODERATE; MODIFIER	c.794aCc>aTc; c.794aCc>aYc
1063	C	CT										0.268							0.268	1	0	CT	orf1ab	QHD43415.1:p.266F; QHD43415.1:p.266-	synonymous_variant; coding_sequence_variant	LOW; MODIFIER	c.798ttC>ttT; c.798ttC>ttY
1224	T	TC										0.012							0.012	1	0	TC	orf1ab	QHD43415.1:p.320-	coding_sequence_variant	MODIFIER	c.959cTc>cKc
1258	G	GA						0.005											0.005	1	0	GA					
1383	G	GT																0.005	0.005	1	0	GT					
1397	G	GA											1.0						1.0	1	1	GA	orf1ab	QHD43415.1:p.378V>I	missense_variant	MODERATE	c.1132Gta>Ata
3178	T	TG														0.009			0.009	1	0	TG	orf1ab	QHD43415.1:p.971P	synonymous_variant	LOW	c.2913ccT>ccA; c.2913ccT>ccG
1419	C	CT												0.027					0.027	1	0	CT	orf1ab	QHD43415.1:p.385A>V; QHD43415.1:p.385-	missense_variant; coding_sequence_variant	MODERATE; MODIFIER	c.1154gCc>gTc; c.1154gCc>gYc
1779	C	CG												0.01					0.01	1	0	CG	orf1ab	QHD43415.1:p.505S>F; QHD43415.1:p.505S>C	missense_variant	MODERATE	c.1514tCc>tTc; c.1514tCc>tGc
1820	G	GA																0.344	0.344	1	0	GA	orf1ab	QHD43415.1:p.519G>S; QHD43415.1:p.519G>C; QHD43415.1:p.519-	missense_variant; coding_sequence_variant	MODERATE; MODIFIER	c.1555Ggt>Agt; c.1555Ggt>Tgt; c.1555Ggt>Rgt
2014	T	TC							0.006										0.006	1	0	TC	orf1ab	QHD43415.1:p.583A	synonymous_variant	LOW	c.1749gcT>gcA
2822	C	CT									0.008								0.008	1	0	CT	orf1ab	QHD43415.1:p.853-	coding_sequence_variant	MODIFIER	c.2557Ctt>Ytt
3174	A	AT														0.01			0.01	1	0	AT	orf1ab	QHD43415.1:p.970-; QHD43415.1:p.970Q>L	coding_sequence_variant; missense_variant	MODIFIER; MODERATE	c.2909cAa>cWa; c.2909cAa>cTa
3175	A	AT														0.011			0.011	1	0	AT	orf1ab	QHD43415.1:p.970Q>H; QHD43415.1:p.970Q	missense_variant; synonymous_variant	MODERATE; LOW	c.2910caA>caT; c.2910caA>caG
3177	C	CA														0.01			0.01	1	0	CA	orf1ab	QHD43415.1:p.971P>H; QHD43415.1:p.971-; QHD43415.1:p.971P>L	missense_variant; coding_sequence_variant	MODERATE; MODIFIER	c.2912cCt>cAt; c.2912cCt>cMt; c.2912cCt>cTt; c.2912cCt>cYt
8535	A	AG								0.009									0.009	1	0	AG					
8653	G	GT											1.0						1.0	1	1	GT	orf1ab	QHD43415.1:p.2796M>I; QHD43415.1:p.2796-	missense_variant; coding_sequence_variant	MODERATE; MODIFIER	c.8388atG>atT; c.8388atG>atC; c.8388atG>atK
8668	C	CT								0.005									0.005	1	0	CT	orf1ab	QHD43415.1:p.2801D; QHD43415.1:p.2801-	synonymous_variant; coding_sequence_variant	LOW; MODIFIER	c.8403gaC>gaT; c.8403gaC>gaY
16611	C	CA							0.007										0.007	1	0	CA	orf1ab	QHD43415.1:p.5449T; QHD43415.1:p.5449-	synonymous_variant; coding_sequence_variant	LOW; MODIFIER	c.16347acC>acT; c.16347acC>acY
14197	G	GT									0.008								0.008	1	0	GT	orf1ab	QHD43415.1:p.4645A>T; QHD43415.1:p.4645A>S	missense_variant	MODERATE	c.13933Gca>Aca; c.13933Gca>Tca
14267	C	CT						0.042											0.042	1	0	CT	orf1ab	QHD43415.1:p.4668T>M; QHD43415.1:p.4668-	missense_variant; coding_sequence_variant	MODERATE; MODIFIER	c.14003aCg>aTg; c.14003aCg>aYg
14277	G	GT									0.006								0.006	1	0	GT	orf1ab	QHD43415.1:p.4671R>S; QHD43415.1:p.4671-	missense_variant; coding_sequence_variant	MODERATE; MODIFIER	c.14013agG>agT; c.14013agG>agK
14708	C	CT						0.006											0.006	1	0	CT	orf1ab	QHD43415.1:p.4815A>V; QHD43415.1:p.4815-	missense_variant; coding_sequence_variant	MODERATE; MODIFIER	c.14444gCt>gTt; c.14444gCt>gYt
14805	C	CT						1.0											1.0	1	1	CT	orf1ab	QHD43415.1:p.4847Y; QHD43415.1:p.4847-	synonymous_variant; coding_sequence_variant	LOW; MODIFIER	c.14541taC>taT; c.14541taC>taY
14960	A	AT						0.011											0.011	1	0	AT					
15601	C	CT																0.168	0.168	1	0	CT	orf1ab	QHD43415.1:p.5113R>C; QHD43415.1:p.5113-	missense_variant; coding_sequence_variant	MODERATE; MODIFIER	c.15337Cgc>Tgc; c.15337Cgc>Ygc
658	T	TC																0.011	0.011	1	0	TC	orf1ab	QHD43415.1:p.131A; QHD43415.1:p.131-	synonymous_variant; coding_sequence_variant	LOW; MODIFIER	c.393gcT>gcC; c.393gcT>gcY
16993	T	TC											0.998						0.998	1	1	TC	orf1ab	QHD43415.1:p.5577Y>N; QHD43415.1:p.5577Y>H; QHD43415.1:p.5577-	missense_variant; coding_sequence_variant	MODERATE; MODIFIER	c.16729Tac>Aac; c.16729Tac>Cac; c.16729Tac>Yac
8782	C	CT						1.0											1.0	1	1	CT	orf1ab	QHD43415.1:p.2839S; QHD43415.1:p.2839-	synonymous_variant; coding_sequence_variant	LOW; MODIFIER	c.8517agC>agT; c.8517agC>agY
17427	G	GT															0.017		0.017	1	0	GT	orf1ab	QHD43415.1:p.5721V; QHD43415.1:p.5721-	synonymous_variant; coding_sequence_variant	LOW; MODIFIER	c.17163gtG>gtA; c.17163gtG>gtT; c.17163gtG>gtK
17535	T	TC								0.005									0.005	1	0	TC					
17556	T	TA														0.011			0.011	1	0	TA	orf1ab	QHD43415.1:p.5764T; QHD43415.1:p.5764-	synonymous_variant; coding_sequence_variant	LOW; MODIFIER	c.17292acT>acA; c.17292acT>acC; c.17292acT>acG; c.17292acT>acY
18486	C	CT																0.155	0.155	1	0	CT	orf1ab	QHD43415.1:p.6074L; QHD43415.1:p.6074-	synonymous_variant; coding_sequence_variant	LOW; MODIFIER	c.18222ctC>ctT; c.18222ctC>ctG; c.18222ctC>ctY
18573	T	TC			1.0														1.0	1	1	TC	orf1ab	QHD43415.1:p.6103S	synonymous_variant	LOW	c.18309tcT>tcA; c.18309tcT>tcC
18911	A	AC													0.606				0.606	1	0	AC	orf1ab	QHD43415.1:p.6216-; QHD43415.1:p.6216D>A	coding_sequence_variant; missense_variant	MODIFIER; MODERATE	c.18647gAc>gMc; c.18647gAc>gCc
19153	A	AT						0.007											0.007	1	0	AT	orf1ab	QHD43415.1:p.6297T>A	missense_variant	MODERATE	c.18889Aca>Gca
19180	G	GT	0.065																0.065	1	0	GT	orf1ab	QHD43415.1:p.6306V>I; QHD43415.1:p.6306V>L	missense_variant	MODERATE	c.18916Gta>Ata; c.18916Gta>Tta
13873	A	AG																0.005	0.005	1	0	AG	orf1ab	QHD43415.1:p.4537I>L; QHD43415.1:p.4537I>V	missense_variant	MODERATE	c.13609Ata>Cta; c.13609Ata>Gta
13862	C	CT	0.818																0.818	1	1	CT	orf1ab	QHD43415.1:p.4533T>I; QHD43415.1:p.4533-	missense_variant; coding_sequence_variant	MODERATE; MODIFIER	c.13598aCa>aTa; c.13598aCa>aYa
13541	C	CT								0.007									0.007	1	0	CT					
13425	G	GA										0.026							0.026	1	0	GA	orf1ab	QHD43415.1:p.4387R>H	missense_variant	MODERATE	c.13160cGc>cAc
9001	T	TA									0.005								0.005	1	0	TA	orf1ab	QHD43415.1:p.2912A	synonymous_variant	LOW	c.8736gcT>gcC
9396	C	CT								0.006									0.006	1	0	CT					
9731	T	TC						0.011											0.011	1	0	TC					
10357	T	TC						0.005											0.005	1	0	TC					
10449	C	CT							1.0										1.0	1	1	CT	orf1ab	QHD43415.1:p.3395P>L; QHD43415.1:p.3395-	missense_variant; coding_sequence_variant	MODERATE; MODIFIER	c.10184cCc>cTc; c.10184cCc>cYc
10605	C	CT									0.007								0.007	1	0	CT	orf1ab	QHD43415.1:p.3447P>X; QHD43415.1:p.3447P>L; QHD43415.1:p.3447-	frameshift_variant; missense_variant; coding_sequence_variant	HIGH; MODERATE; MODIFIER	c.10341ccT>cc; c.10340cCt>cTt; c.10340cCt>cYt
11119	T	TC						0.009											0.009	1	0	TC	orf1ab	QHD43415.1:p.3618I	synonymous_variant	LOW	c.10854atT>atC
11266	G	GA					0.28												0.28	1	0	GA	orf1ab	QHD43415.1:p.3667L; QHD43415.1:p.3667L>F; QHD43415.1:p.3667-; QHD43415.1:p.3668-3670DMV>-	synonymous_variant; missense_variant; coding_sequence_variant; inframe_deletion	LOW; MODERATE; MODIFIER	c.11001ttG>ttA; c.11001ttG>ttT; c.11001ttG>ttK; c.11001ttG>ttR; c.11002-11010GATATGGTT>-
11312	G	GA												0.01					0.01	1	0	GA	orf1ab	QHD43415.1:p.3683V>I	missense_variant	MODERATE	c.11047Gtt>Att
11669	C	CT																0.149	0.149	1	0	CT	orf1ab	QHD43415.1:p.3802R>S; QHD43415.1:p.3802R>C; QHD43415.1:p.3802-	missense_variant; coding_sequence_variant	MODERATE; MODIFIER	c.11404Cgc>Agc; c.11404Cgc>Tgc; c.11404Cgc>Ygc
11779	C	CT													0.589				0.589	1	0	CT	orf1ab	QHD43415.1:p.3838F>L; QHD43415.1:p.3838F; QHD43415.1:p.3838-	missense_variant; synonymous_variant; coding_sequence_variant	MODERATE; LOW; MODIFIER	c.11514ttC>ttA; c.11514ttC>ttT; c.11514ttC>ttY
11812	C	CA							0.008										0.008	1	0	CA	orf1ab	QHD43415.1:p.3849-	coding_sequence_variant	MODIFIER	c.11547ggC>ggM
12420	C	CT						0.006											0.006	1	0	CT	orf1ab	QHD43415.1:p.4052A>V; QHD43415.1:p.4052-	missense_variant; coding_sequence_variant	MODERATE; MODIFIER	c.12155gCa>gTa; c.12155gCa>gYa
12685	G	GT													0.676				0.676	1	0	GT	orf1ab	QHD43415.1:p.4140Q>H; QHD43415.1:p.4140-	missense_variant; coding_sequence_variant	MODERATE; MODIFIER	c.12420caG>caT; c.12420caG>caC; c.12420caG>caK
13038	C	CT		0.862															0.862	1	1	CT	orf1ab	QHD43415.1:p.4258T>I	missense_variant	MODERATE	c.12773aCa>aTa
13423	C	CA										0.024							0.024	1	0	CA	orf1ab	QHD43415.1:p.4386L	synonymous_variant	LOW	c.13158ctC>ctT
13424	C	CA										0.024							0.024	1	0	CA	orf1ab	QHD43415.1:p.4387R>S; QHD43415.1:p.4387R>C; QHD43415.1:p.4387-	missense_variant; coding_sequence_variant	MODERATE; MODIFIER	c.13159Cgc>Agc; c.13159Cgc>Tgc; c.13159Cgc>Ygc
29742	G	GT											1.0						1.0	1	1	GT	3'UTR	QHI42199.1	downstream_gene_variant	MODIFIER,DISTANCE=68	
